id;escala;direcao_escore;minPct;classificacao;cor;descricao;APROVAR? (s/n)
j26-001;Protocolo Dr. Jadson — Triagem Motora 0-6 Meses (J26-001);maior=melhor/intenso;85;Desenvolvimento adequado para a idade;emerald;A maioria dos marcos esperados está presente. Mantenha o acompanhamento de rotina e a estimulação no dia a dia. Triagem não substitui avaliação clínica.;
j26-001;Protocolo Dr. Jadson — Triagem Motora 0-6 Meses (J26-001);maior=melhor/intenso;65;Em desenvolvimento — vigiar e reavaliar;amber;Vários marcos já aparecem, mas alguns ainda estão emergindo. Reforce a estimulação e reavalie em 1–2 meses. Se houver outros sinais de alerta, antecipe a avaliação.;
j26-001;Protocolo Dr. Jadson — Triagem Motora 0-6 Meses (J26-001);maior=melhor/intenso;45;Sinais de alerta — reavaliar em curto prazo;orange;Há marcos importantes ainda ausentes para a faixa etária. Recomenda-se reavaliação dirigida em curto prazo e considerar encaminhamento para estimulação/avaliação especializada.;
j26-001;Protocolo Dr. Jadson — Triagem Motora 0-6 Meses (J26-001);maior=melhor/intenso;0;Atraso provável — investigar e encaminhar;red;Muitos marcos esperados estão ausentes. Recomenda-se investigação e encaminhamento para avaliação especializada (neuropediatria e/ou terapias). Esta é uma triagem, não um diagnóstico.;
j26-002;Protocolo Dr. Jadson — Triagem Motora 6-12 Meses (J26-002);maior=melhor/intenso;85;Desenvolvimento adequado para a idade;emerald;A maioria dos marcos esperados está presente. Mantenha o acompanhamento de rotina e a estimulação no dia a dia. Triagem não substitui avaliação clínica.;
j26-002;Protocolo Dr. Jadson — Triagem Motora 6-12 Meses (J26-002);maior=melhor/intenso;65;Em desenvolvimento — vigiar e reavaliar;amber;Vários marcos já aparecem, mas alguns ainda estão emergindo. Reforce a estimulação e reavalie em 1–2 meses. Se houver outros sinais de alerta, antecipe a avaliação.;
j26-002;Protocolo Dr. Jadson — Triagem Motora 6-12 Meses (J26-002);maior=melhor/intenso;45;Sinais de alerta — reavaliar em curto prazo;orange;Há marcos importantes ainda ausentes para a faixa etária. Recomenda-se reavaliação dirigida em curto prazo e considerar encaminhamento para estimulação/avaliação especializada.;
j26-002;Protocolo Dr. Jadson — Triagem Motora 6-12 Meses (J26-002);maior=melhor/intenso;0;Atraso provável — investigar e encaminhar;red;Muitos marcos esperados estão ausentes. Recomenda-se investigação e encaminhamento para avaliação especializada (neuropediatria e/ou terapias). Esta é uma triagem, não um diagnóstico.;
j26-003;Protocolo Dr. Jadson — Marcos de Linguagem 0-24 Meses (J26-003);maior=melhor/intenso;85;Desenvolvimento adequado para a idade;emerald;A maioria dos marcos esperados está presente. Mantenha o acompanhamento de rotina e a estimulação no dia a dia. Triagem não substitui avaliação clínica.;
j26-003;Protocolo Dr. Jadson — Marcos de Linguagem 0-24 Meses (J26-003);maior=melhor/intenso;65;Em desenvolvimento — vigiar e reavaliar;amber;Vários marcos já aparecem, mas alguns ainda estão emergindo. Reforce a estimulação e reavalie em 1–2 meses. Se houver outros sinais de alerta, antecipe a avaliação.;
j26-003;Protocolo Dr. Jadson — Marcos de Linguagem 0-24 Meses (J26-003);maior=melhor/intenso;45;Sinais de alerta — reavaliar em curto prazo;orange;Há marcos importantes ainda ausentes para a faixa etária. Recomenda-se reavaliação dirigida em curto prazo e considerar encaminhamento para estimulação/avaliação especializada.;
j26-003;Protocolo Dr. Jadson — Marcos de Linguagem 0-24 Meses (J26-003);maior=melhor/intenso;0;Atraso provável — investigar e encaminhar;red;Muitos marcos esperados estão ausentes. Recomenda-se investigação e encaminhamento para avaliação especializada (neuropediatria e/ou terapias). Esta é uma triagem, não um diagnóstico.;
j26-004;Protocolo Dr. Jadson — Cognição Precoce 0-18 Meses (J26-004);maior=melhor/intenso;85;Desenvolvimento adequado para a idade;emerald;A maioria dos marcos esperados está presente. Mantenha o acompanhamento de rotina e a estimulação no dia a dia. Triagem não substitui avaliação clínica.;
j26-004;Protocolo Dr. Jadson — Cognição Precoce 0-18 Meses (J26-004);maior=melhor/intenso;65;Em desenvolvimento — vigiar e reavaliar;amber;Vários marcos já aparecem, mas alguns ainda estão emergindo. Reforce a estimulação e reavalie em 1–2 meses. Se houver outros sinais de alerta, antecipe a avaliação.;
j26-004;Protocolo Dr. Jadson — Cognição Precoce 0-18 Meses (J26-004);maior=melhor/intenso;45;Sinais de alerta — reavaliar em curto prazo;orange;Há marcos importantes ainda ausentes para a faixa etária. Recomenda-se reavaliação dirigida em curto prazo e considerar encaminhamento para estimulação/avaliação especializada.;
j26-004;Protocolo Dr. Jadson — Cognição Precoce 0-18 Meses (J26-004);maior=melhor/intenso;0;Atraso provável — investigar e encaminhar;red;Muitos marcos esperados estão ausentes. Recomenda-se investigação e encaminhamento para avaliação especializada (neuropediatria e/ou terapias). Esta é uma triagem, não um diagnóstico.;
j26-005;Protocolo Dr. Jadson — Regulação Sensorial Neonatal (J26-005);maior=melhor/intenso;85;Desenvolvimento adequado para a idade;emerald;A maioria dos marcos esperados está presente. Mantenha o acompanhamento de rotina e a estimulação no dia a dia. Triagem não substitui avaliação clínica.;
j26-005;Protocolo Dr. Jadson — Regulação Sensorial Neonatal (J26-005);maior=melhor/intenso;65;Em desenvolvimento — vigiar e reavaliar;amber;Vários marcos já aparecem, mas alguns ainda estão emergindo. Reforce a estimulação e reavalie em 1–2 meses. Se houver outros sinais de alerta, antecipe a avaliação.;
j26-005;Protocolo Dr. Jadson — Regulação Sensorial Neonatal (J26-005);maior=melhor/intenso;45;Sinais de alerta — reavaliar em curto prazo;orange;Há marcos importantes ainda ausentes para a faixa etária. Recomenda-se reavaliação dirigida em curto prazo e considerar encaminhamento para estimulação/avaliação especializada.;
j26-005;Protocolo Dr. Jadson — Regulação Sensorial Neonatal (J26-005);maior=melhor/intenso;0;Atraso provável — investigar e encaminhar;red;Muitos marcos esperados estão ausentes. Recomenda-se investigação e encaminhamento para avaliação especializada (neuropediatria e/ou terapias). Esta é uma triagem, não um diagnóstico.;
j26-006;Protocolo Dr. Jadson — Reflexos Primitivos (J26-006);maior=melhor/intenso;70;Intensidade alta — suporte significativo;red;Vários sinais presentes e intensos, com impacto no cotidiano. Recomenda-se avaliação dirigida e plano de suporte/intervenção. Triagem, não diagnóstico.;
j26-006;Protocolo Dr. Jadson — Reflexos Primitivos (J26-006);maior=melhor/intenso;45;Intensidade moderada — suporte indicado;orange;Sinais presentes com repercussão no dia a dia. Vale estruturar suporte/estratégias e reavaliar a resposta ao longo do tempo. Triagem, não diagnóstico.;
j26-006;Protocolo Dr. Jadson — Reflexos Primitivos (J26-006);maior=melhor/intenso;20;Intensidade leve — acompanhar;amber;Alguns sinais presentes, de menor intensidade. Acompanhe a evolução e reforce estratégias no cotidiano.;
j26-006;Protocolo Dr. Jadson — Reflexos Primitivos (J26-006);maior=melhor/intenso;0;Pouco ou ausente;emerald;Poucos sinais relatados nesta área. Mantenha o acompanhamento de rotina.;
j26-007;Protocolo Dr. Jadson — Desenvolvimento Socioemocional 0-3 Anos (J26-007);maior=melhor/intenso;85;Desenvolvimento adequado para a idade;emerald;A maioria dos marcos esperados está presente. Mantenha o acompanhamento de rotina e a estimulação no dia a dia. Triagem não substitui avaliação clínica.;
j26-007;Protocolo Dr. Jadson — Desenvolvimento Socioemocional 0-3 Anos (J26-007);maior=melhor/intenso;65;Em desenvolvimento — vigiar e reavaliar;amber;Vários marcos já aparecem, mas alguns ainda estão emergindo. Reforce a estimulação e reavalie em 1–2 meses. Se houver outros sinais de alerta, antecipe a avaliação.;
j26-007;Protocolo Dr. Jadson — Desenvolvimento Socioemocional 0-3 Anos (J26-007);maior=melhor/intenso;45;Sinais de alerta — reavaliar em curto prazo;orange;Há marcos importantes ainda ausentes para a faixa etária. Recomenda-se reavaliação dirigida em curto prazo e considerar encaminhamento para estimulação/avaliação especializada.;
j26-007;Protocolo Dr. Jadson — Desenvolvimento Socioemocional 0-3 Anos (J26-007);maior=melhor/intenso;0;Atraso provável — investigar e encaminhar;red;Muitos marcos esperados estão ausentes. Recomenda-se investigação e encaminhamento para avaliação especializada (neuropediatria e/ou terapias). Esta é uma triagem, não um diagnóstico.;
j26-008;Protocolo Dr. Jadson — Motor Fino 12-36 Meses (J26-008);maior=melhor/intenso;85;Desenvolvimento adequado para a idade;emerald;A maioria dos marcos esperados está presente. Mantenha o acompanhamento de rotina e a estimulação no dia a dia. Triagem não substitui avaliação clínica.;
j26-008;Protocolo Dr. Jadson — Motor Fino 12-36 Meses (J26-008);maior=melhor/intenso;65;Em desenvolvimento — vigiar e reavaliar;amber;Vários marcos já aparecem, mas alguns ainda estão emergindo. Reforce a estimulação e reavalie em 1–2 meses. Se houver outros sinais de alerta, antecipe a avaliação.;
j26-008;Protocolo Dr. Jadson — Motor Fino 12-36 Meses (J26-008);maior=melhor/intenso;45;Sinais de alerta — reavaliar em curto prazo;orange;Há marcos importantes ainda ausentes para a faixa etária. Recomenda-se reavaliação dirigida em curto prazo e considerar encaminhamento para estimulação/avaliação especializada.;
j26-008;Protocolo Dr. Jadson — Motor Fino 12-36 Meses (J26-008);maior=melhor/intenso;0;Atraso provável — investigar e encaminhar;red;Muitos marcos esperados estão ausentes. Recomenda-se investigação e encaminhamento para avaliação especializada (neuropediatria e/ou terapias). Esta é uma triagem, não um diagnóstico.;
j26-009;Protocolo Dr. Jadson — Atenção Conjunta Precoce (J26-009);maior=melhor/intenso;85;Desenvolvimento adequado para a idade;emerald;A maioria dos marcos esperados está presente. Mantenha o acompanhamento de rotina e a estimulação no dia a dia. Triagem não substitui avaliação clínica.;
j26-009;Protocolo Dr. Jadson — Atenção Conjunta Precoce (J26-009);maior=melhor/intenso;65;Em desenvolvimento — vigiar e reavaliar;amber;Vários marcos já aparecem, mas alguns ainda estão emergindo. Reforce a estimulação e reavalie em 1–2 meses. Se houver outros sinais de alerta, antecipe a avaliação.;
j26-009;Protocolo Dr. Jadson — Atenção Conjunta Precoce (J26-009);maior=melhor/intenso;45;Sinais de alerta — reavaliar em curto prazo;orange;Há marcos importantes ainda ausentes para a faixa etária. Recomenda-se reavaliação dirigida em curto prazo e considerar encaminhamento para estimulação/avaliação especializada.;
j26-009;Protocolo Dr. Jadson — Atenção Conjunta Precoce (J26-009);maior=melhor/intenso;0;Atraso provável — investigar e encaminhar;red;Muitos marcos esperados estão ausentes. Recomenda-se investigação e encaminhamento para avaliação especializada (neuropediatria e/ou terapias). Esta é uma triagem, não um diagnóstico.;
j26-010;Protocolo Dr. Jadson — Triagem Global 24-36 Meses (J26-010);maior=melhor/intenso;85;Desenvolvimento adequado para a idade;emerald;A maioria dos marcos esperados está presente. Mantenha o acompanhamento de rotina e a estimulação no dia a dia. Triagem não substitui avaliação clínica.;
j26-010;Protocolo Dr. Jadson — Triagem Global 24-36 Meses (J26-010);maior=melhor/intenso;65;Em desenvolvimento — vigiar e reavaliar;amber;Vários marcos já aparecem, mas alguns ainda estão emergindo. Reforce a estimulação e reavalie em 1–2 meses. Se houver outros sinais de alerta, antecipe a avaliação.;
j26-010;Protocolo Dr. Jadson — Triagem Global 24-36 Meses (J26-010);maior=melhor/intenso;45;Sinais de alerta — reavaliar em curto prazo;orange;Há marcos importantes ainda ausentes para a faixa etária. Recomenda-se reavaliação dirigida em curto prazo e considerar encaminhamento para estimulação/avaliação especializada.;
j26-010;Protocolo Dr. Jadson — Triagem Global 24-36 Meses (J26-010);maior=melhor/intenso;0;Atraso provável — investigar e encaminhar;red;Muitos marcos esperados estão ausentes. Recomenda-se investigação e encaminhamento para avaliação especializada (neuropediatria e/ou terapias). Esta é uma triagem, não um diagnóstico.;
j26-011;Protocolo Dr. Jadson — Triagem Global 36-60 Meses (J26-011);maior=melhor/intenso;85;Desenvolvimento adequado para a idade;emerald;A maioria dos marcos esperados está presente. Mantenha o acompanhamento de rotina e a estimulação no dia a dia. Triagem não substitui avaliação clínica.;
j26-011;Protocolo Dr. Jadson — Triagem Global 36-60 Meses (J26-011);maior=melhor/intenso;65;Em desenvolvimento — vigiar e reavaliar;amber;Vários marcos já aparecem, mas alguns ainda estão emergindo. Reforce a estimulação e reavalie em 1–2 meses. Se houver outros sinais de alerta, antecipe a avaliação.;
j26-011;Protocolo Dr. Jadson — Triagem Global 36-60 Meses (J26-011);maior=melhor/intenso;45;Sinais de alerta — reavaliar em curto prazo;orange;Há marcos importantes ainda ausentes para a faixa etária. Recomenda-se reavaliação dirigida em curto prazo e considerar encaminhamento para estimulação/avaliação especializada.;
j26-011;Protocolo Dr. Jadson — Triagem Global 36-60 Meses (J26-011);maior=melhor/intenso;0;Atraso provável — investigar e encaminhar;red;Muitos marcos esperados estão ausentes. Recomenda-se investigação e encaminhamento para avaliação especializada (neuropediatria e/ou terapias). Esta é uma triagem, não um diagnóstico.;
j26-012;Protocolo Dr. Jadson — Portage Adaptado NE (J26-012);maior=melhor/intenso;85;Desenvolvimento adequado para a idade;emerald;A maioria dos marcos esperados está presente. Mantenha o acompanhamento de rotina e a estimulação no dia a dia. Triagem não substitui avaliação clínica.;
j26-012;Protocolo Dr. Jadson — Portage Adaptado NE (J26-012);maior=melhor/intenso;65;Em desenvolvimento — vigiar e reavaliar;amber;Vários marcos já aparecem, mas alguns ainda estão emergindo. Reforce a estimulação e reavalie em 1–2 meses. Se houver outros sinais de alerta, antecipe a avaliação.;
j26-012;Protocolo Dr. Jadson — Portage Adaptado NE (J26-012);maior=melhor/intenso;45;Sinais de alerta — reavaliar em curto prazo;orange;Há marcos importantes ainda ausentes para a faixa etária. Recomenda-se reavaliação dirigida em curto prazo e considerar encaminhamento para estimulação/avaliação especializada.;
j26-012;Protocolo Dr. Jadson — Portage Adaptado NE (J26-012);maior=melhor/intenso;0;Atraso provável — investigar e encaminhar;red;Muitos marcos esperados estão ausentes. Recomenda-se investigação e encaminhamento para avaliação especializada (neuropediatria e/ou terapias). Esta é uma triagem, não um diagnóstico.;
j26-013;Protocolo Dr. Jadson — Triagem Auditiva Funcional (J26-013);maior=melhor/intenso;85;Desenvolvimento adequado para a idade;emerald;A maioria dos marcos esperados está presente. Mantenha o acompanhamento de rotina e a estimulação no dia a dia. Triagem não substitui avaliação clínica.;
j26-013;Protocolo Dr. Jadson — Triagem Auditiva Funcional (J26-013);maior=melhor/intenso;65;Em desenvolvimento — vigiar e reavaliar;amber;Vários marcos já aparecem, mas alguns ainda estão emergindo. Reforce a estimulação e reavalie em 1–2 meses. Se houver outros sinais de alerta, antecipe a avaliação.;
j26-013;Protocolo Dr. Jadson — Triagem Auditiva Funcional (J26-013);maior=melhor/intenso;45;Sinais de alerta — reavaliar em curto prazo;orange;Há marcos importantes ainda ausentes para a faixa etária. Recomenda-se reavaliação dirigida em curto prazo e considerar encaminhamento para estimulação/avaliação especializada.;
j26-013;Protocolo Dr. Jadson — Triagem Auditiva Funcional (J26-013);maior=melhor/intenso;0;Atraso provável — investigar e encaminhar;red;Muitos marcos esperados estão ausentes. Recomenda-se investigação e encaminhamento para avaliação especializada (neuropediatria e/ou terapias). Esta é uma triagem, não um diagnóstico.;
j26-014;Protocolo Dr. Jadson — Triagem Visual Funcional (J26-014);maior=melhor/intenso;85;Desenvolvimento adequado para a idade;emerald;A maioria dos marcos esperados está presente. Mantenha o acompanhamento de rotina e a estimulação no dia a dia. Triagem não substitui avaliação clínica.;
j26-014;Protocolo Dr. Jadson — Triagem Visual Funcional (J26-014);maior=melhor/intenso;65;Em desenvolvimento — vigiar e reavaliar;amber;Vários marcos já aparecem, mas alguns ainda estão emergindo. Reforce a estimulação e reavalie em 1–2 meses. Se houver outros sinais de alerta, antecipe a avaliação.;
j26-014;Protocolo Dr. Jadson — Triagem Visual Funcional (J26-014);maior=melhor/intenso;45;Sinais de alerta — reavaliar em curto prazo;orange;Há marcos importantes ainda ausentes para a faixa etária. Recomenda-se reavaliação dirigida em curto prazo e considerar encaminhamento para estimulação/avaliação especializada.;
j26-014;Protocolo Dr. Jadson — Triagem Visual Funcional (J26-014);maior=melhor/intenso;0;Atraso provável — investigar e encaminhar;red;Muitos marcos esperados estão ausentes. Recomenda-se investigação e encaminhamento para avaliação especializada (neuropediatria e/ou terapias). Esta é uma triagem, não um diagnóstico.;
j26-015;Protocolo Dr. Jadson — Autonomia e Autocuidado 2-5 Anos (J26-015);maior=melhor/intenso;85;Desenvolvimento adequado para a idade;emerald;A maioria dos marcos esperados está presente. Mantenha o acompanhamento de rotina e a estimulação no dia a dia. Triagem não substitui avaliação clínica.;
j26-015;Protocolo Dr. Jadson — Autonomia e Autocuidado 2-5 Anos (J26-015);maior=melhor/intenso;65;Em desenvolvimento — vigiar e reavaliar;amber;Vários marcos já aparecem, mas alguns ainda estão emergindo. Reforce a estimulação e reavalie em 1–2 meses. Se houver outros sinais de alerta, antecipe a avaliação.;
j26-015;Protocolo Dr. Jadson — Autonomia e Autocuidado 2-5 Anos (J26-015);maior=melhor/intenso;45;Sinais de alerta — reavaliar em curto prazo;orange;Há marcos importantes ainda ausentes para a faixa etária. Recomenda-se reavaliação dirigida em curto prazo e considerar encaminhamento para estimulação/avaliação especializada.;
j26-015;Protocolo Dr. Jadson — Autonomia e Autocuidado 2-5 Anos (J26-015);maior=melhor/intenso;0;Atraso provável — investigar e encaminhar;red;Muitos marcos esperados estão ausentes. Recomenda-se investigação e encaminhamento para avaliação especializada (neuropediatria e/ou terapias). Esta é uma triagem, não um diagnóstico.;
j26-016;Protocolo Dr. Jadson — Perfil Sensorial TEA (J26-016);maior=melhor/intenso;70;Intensidade alta — suporte significativo;red;Vários sinais presentes e intensos, com impacto no cotidiano. Recomenda-se avaliação dirigida e plano de suporte/intervenção. Triagem, não diagnóstico.;
j26-016;Protocolo Dr. Jadson — Perfil Sensorial TEA (J26-016);maior=melhor/intenso;45;Intensidade moderada — suporte indicado;orange;Sinais presentes com repercussão no dia a dia. Vale estruturar suporte/estratégias e reavaliar a resposta ao longo do tempo. Triagem, não diagnóstico.;
j26-016;Protocolo Dr. Jadson — Perfil Sensorial TEA (J26-016);maior=melhor/intenso;20;Intensidade leve — acompanhar;amber;Alguns sinais presentes, de menor intensidade. Acompanhe a evolução e reforce estratégias no cotidiano.;
j26-016;Protocolo Dr. Jadson — Perfil Sensorial TEA (J26-016);maior=melhor/intenso;0;Pouco ou ausente;emerald;Poucos sinais relatados nesta área. Mantenha o acompanhamento de rotina.;
j26-017;Protocolo Dr. Jadson — Interesses Restritos TEA (J26-017);maior=melhor/intenso;70;Intensidade alta — suporte significativo;red;Vários sinais presentes e intensos, com impacto no cotidiano. Recomenda-se avaliação dirigida e plano de suporte/intervenção. Triagem, não diagnóstico.;
j26-017;Protocolo Dr. Jadson — Interesses Restritos TEA (J26-017);maior=melhor/intenso;45;Intensidade moderada — suporte indicado;orange;Sinais presentes com repercussão no dia a dia. Vale estruturar suporte/estratégias e reavaliar a resposta ao longo do tempo. Triagem, não diagnóstico.;
j26-017;Protocolo Dr. Jadson — Interesses Restritos TEA (J26-017);maior=melhor/intenso;20;Intensidade leve — acompanhar;amber;Alguns sinais presentes, de menor intensidade. Acompanhe a evolução e reforce estratégias no cotidiano.;
j26-017;Protocolo Dr. Jadson — Interesses Restritos TEA (J26-017);maior=melhor/intenso;0;Pouco ou ausente;emerald;Poucos sinais relatados nesta área. Mantenha o acompanhamento de rotina.;
j26-018;Protocolo Dr. Jadson — Camouflage TEA Meninas (J26-018);maior=melhor/intenso;70;Intensidade alta — suporte significativo;red;Vários sinais presentes e intensos, com impacto no cotidiano. Recomenda-se avaliação dirigida e plano de suporte/intervenção. Triagem, não diagnóstico.;
j26-018;Protocolo Dr. Jadson — Camouflage TEA Meninas (J26-018);maior=melhor/intenso;45;Intensidade moderada — suporte indicado;orange;Sinais presentes com repercussão no dia a dia. Vale estruturar suporte/estratégias e reavaliar a resposta ao longo do tempo. Triagem, não diagnóstico.;
j26-018;Protocolo Dr. Jadson — Camouflage TEA Meninas (J26-018);maior=melhor/intenso;20;Intensidade leve — acompanhar;amber;Alguns sinais presentes, de menor intensidade. Acompanhe a evolução e reforce estratégias no cotidiano.;
j26-018;Protocolo Dr. Jadson — Camouflage TEA Meninas (J26-018);maior=melhor/intenso;0;Pouco ou ausente;emerald;Poucos sinais relatados nesta área. Mantenha o acompanhamento de rotina.;
j26-019;Protocolo Dr. Jadson — Motivação Social TEA (J26-019);maior=melhor/intenso;70;Intensidade alta — suporte significativo;red;Vários sinais presentes e intensos, com impacto no cotidiano. Recomenda-se avaliação dirigida e plano de suporte/intervenção. Triagem, não diagnóstico.;
j26-019;Protocolo Dr. Jadson — Motivação Social TEA (J26-019);maior=melhor/intenso;45;Intensidade moderada — suporte indicado;orange;Sinais presentes com repercussão no dia a dia. Vale estruturar suporte/estratégias e reavaliar a resposta ao longo do tempo. Triagem, não diagnóstico.;
j26-019;Protocolo Dr. Jadson — Motivação Social TEA (J26-019);maior=melhor/intenso;20;Intensidade leve — acompanhar;amber;Alguns sinais presentes, de menor intensidade. Acompanhe a evolução e reforce estratégias no cotidiano.;
j26-019;Protocolo Dr. Jadson — Motivação Social TEA (J26-019);maior=melhor/intenso;0;Pouco ou ausente;emerald;Poucos sinais relatados nesta área. Mantenha o acompanhamento de rotina.;
j26-020;Protocolo Dr. Jadson — Linguagem Pragmática TEA (J26-020);maior=melhor/intenso;85;Desenvolvimento adequado para a idade;emerald;A maioria dos marcos esperados está presente. Mantenha o acompanhamento de rotina e a estimulação no dia a dia. Triagem não substitui avaliação clínica.;
j26-020;Protocolo Dr. Jadson — Linguagem Pragmática TEA (J26-020);maior=melhor/intenso;65;Em desenvolvimento — vigiar e reavaliar;amber;Vários marcos já aparecem, mas alguns ainda estão emergindo. Reforce a estimulação e reavalie em 1–2 meses. Se houver outros sinais de alerta, antecipe a avaliação.;
j26-020;Protocolo Dr. Jadson — Linguagem Pragmática TEA (J26-020);maior=melhor/intenso;45;Sinais de alerta — reavaliar em curto prazo;orange;Há marcos importantes ainda ausentes para a faixa etária. Recomenda-se reavaliação dirigida em curto prazo e considerar encaminhamento para estimulação/avaliação especializada.;
j26-020;Protocolo Dr. Jadson — Linguagem Pragmática TEA (J26-020);maior=melhor/intenso;0;Atraso provável — investigar e encaminhar;red;Muitos marcos esperados estão ausentes. Recomenda-se investigação e encaminhamento para avaliação especializada (neuropediatria e/ou terapias). Esta é uma triagem, não um diagnóstico.;
j26-021;Protocolo Dr. Jadson — Atenção Conjunta TEA (J26-021);maior=melhor/intenso;85;Desenvolvimento adequado para a idade;emerald;A maioria dos marcos esperados está presente. Mantenha o acompanhamento de rotina e a estimulação no dia a dia. Triagem não substitui avaliação clínica.;
j26-021;Protocolo Dr. Jadson — Atenção Conjunta TEA (J26-021);maior=melhor/intenso;65;Em desenvolvimento — vigiar e reavaliar;amber;Vários marcos já aparecem, mas alguns ainda estão emergindo. Reforce a estimulação e reavalie em 1–2 meses. Se houver outros sinais de alerta, antecipe a avaliação.;
j26-021;Protocolo Dr. Jadson — Atenção Conjunta TEA (J26-021);maior=melhor/intenso;45;Sinais de alerta — reavaliar em curto prazo;orange;Há marcos importantes ainda ausentes para a faixa etária. Recomenda-se reavaliação dirigida em curto prazo e considerar encaminhamento para estimulação/avaliação especializada.;
j26-021;Protocolo Dr. Jadson — Atenção Conjunta TEA (J26-021);maior=melhor/intenso;0;Atraso provável — investigar e encaminhar;red;Muitos marcos esperados estão ausentes. Recomenda-se investigação e encaminhamento para avaliação especializada (neuropediatria e/ou terapias). Esta é uma triagem, não um diagnóstico.;
j26-022;Protocolo Dr. Jadson — Teoria da Mente TEA (J26-022);maior=melhor/intenso;85;Desenvolvimento adequado para a idade;emerald;A maioria dos marcos esperados está presente. Mantenha o acompanhamento de rotina e a estimulação no dia a dia. Triagem não substitui avaliação clínica.;
j26-022;Protocolo Dr. Jadson — Teoria da Mente TEA (J26-022);maior=melhor/intenso;65;Em desenvolvimento — vigiar e reavaliar;amber;Vários marcos já aparecem, mas alguns ainda estão emergindo. Reforce a estimulação e reavalie em 1–2 meses. Se houver outros sinais de alerta, antecipe a avaliação.;
j26-022;Protocolo Dr. Jadson — Teoria da Mente TEA (J26-022);maior=melhor/intenso;45;Sinais de alerta — reavaliar em curto prazo;orange;Há marcos importantes ainda ausentes para a faixa etária. Recomenda-se reavaliação dirigida em curto prazo e considerar encaminhamento para estimulação/avaliação especializada.;
j26-022;Protocolo Dr. Jadson — Teoria da Mente TEA (J26-022);maior=melhor/intenso;0;Atraso provável — investigar e encaminhar;red;Muitos marcos esperados estão ausentes. Recomenda-se investigação e encaminhamento para avaliação especializada (neuropediatria e/ou terapias). Esta é uma triagem, não um diagnóstico.;
j26-023;Protocolo Dr. Jadson — Função Executiva TEA (J26-023);maior=melhor/intenso;70;Intensidade alta — suporte significativo;red;Vários sinais presentes e intensos, com impacto no cotidiano. Recomenda-se avaliação dirigida e plano de suporte/intervenção. Triagem, não diagnóstico.;
j26-023;Protocolo Dr. Jadson — Função Executiva TEA (J26-023);maior=melhor/intenso;45;Intensidade moderada — suporte indicado;orange;Sinais presentes com repercussão no dia a dia. Vale estruturar suporte/estratégias e reavaliar a resposta ao longo do tempo. Triagem, não diagnóstico.;
j26-023;Protocolo Dr. Jadson — Função Executiva TEA (J26-023);maior=melhor/intenso;20;Intensidade leve — acompanhar;amber;Alguns sinais presentes, de menor intensidade. Acompanhe a evolução e reforce estratégias no cotidiano.;
j26-023;Protocolo Dr. Jadson — Função Executiva TEA (J26-023);maior=melhor/intenso;0;Pouco ou ausente;emerald;Poucos sinais relatados nesta área. Mantenha o acompanhamento de rotina.;
j26-024;Protocolo Dr. Jadson — TEA Adulto Jovem (J26-024);maior=melhor/intenso;70;Intensidade alta — suporte significativo;red;Vários sinais presentes e intensos, com impacto no cotidiano. Recomenda-se avaliação dirigida e plano de suporte/intervenção. Triagem, não diagnóstico.;
j26-024;Protocolo Dr. Jadson — TEA Adulto Jovem (J26-024);maior=melhor/intenso;45;Intensidade moderada — suporte indicado;orange;Sinais presentes com repercussão no dia a dia. Vale estruturar suporte/estratégias e reavaliar a resposta ao longo do tempo. Triagem, não diagnóstico.;
j26-024;Protocolo Dr. Jadson — TEA Adulto Jovem (J26-024);maior=melhor/intenso;20;Intensidade leve — acompanhar;amber;Alguns sinais presentes, de menor intensidade. Acompanhe a evolução e reforce estratégias no cotidiano.;
j26-024;Protocolo Dr. Jadson — TEA Adulto Jovem (J26-024);maior=melhor/intenso;0;Pouco ou ausente;emerald;Poucos sinais relatados nesta área. Mantenha o acompanhamento de rotina.;
j26-025;Protocolo Dr. Jadson — Agressividade TEA (J26-025);maior=melhor/intenso;70;Intensidade alta — suporte significativo;red;Vários sinais presentes e intensos, com impacto no cotidiano. Recomenda-se avaliação dirigida e plano de suporte/intervenção. Triagem, não diagnóstico.;
j26-025;Protocolo Dr. Jadson — Agressividade TEA (J26-025);maior=melhor/intenso;45;Intensidade moderada — suporte indicado;orange;Sinais presentes com repercussão no dia a dia. Vale estruturar suporte/estratégias e reavaliar a resposta ao longo do tempo. Triagem, não diagnóstico.;
j26-025;Protocolo Dr. Jadson — Agressividade TEA (J26-025);maior=melhor/intenso;20;Intensidade leve — acompanhar;amber;Alguns sinais presentes, de menor intensidade. Acompanhe a evolução e reforce estratégias no cotidiano.;
j26-025;Protocolo Dr. Jadson — Agressividade TEA (J26-025);maior=melhor/intenso;0;Pouco ou ausente;emerald;Poucos sinais relatados nesta área. Mantenha o acompanhamento de rotina.;
j26-026;Protocolo Dr. Jadson — Habilidades de Brincar TEA (J26-026);maior=melhor/intenso;85;Desenvolvimento adequado para a idade;emerald;A maioria dos marcos esperados está presente. Mantenha o acompanhamento de rotina e a estimulação no dia a dia. Triagem não substitui avaliação clínica.;
j26-026;Protocolo Dr. Jadson — Habilidades de Brincar TEA (J26-026);maior=melhor/intenso;65;Em desenvolvimento — vigiar e reavaliar;amber;Vários marcos já aparecem, mas alguns ainda estão emergindo. Reforce a estimulação e reavalie em 1–2 meses. Se houver outros sinais de alerta, antecipe a avaliação.;
j26-026;Protocolo Dr. Jadson — Habilidades de Brincar TEA (J26-026);maior=melhor/intenso;45;Sinais de alerta — reavaliar em curto prazo;orange;Há marcos importantes ainda ausentes para a faixa etária. Recomenda-se reavaliação dirigida em curto prazo e considerar encaminhamento para estimulação/avaliação especializada.;
j26-026;Protocolo Dr. Jadson — Habilidades de Brincar TEA (J26-026);maior=melhor/intenso;0;Atraso provável — investigar e encaminhar;red;Muitos marcos esperados estão ausentes. Recomenda-se investigação e encaminhamento para avaliação especializada (neuropediatria e/ou terapias). Esta é uma triagem, não um diagnóstico.;
j26-027;Protocolo Dr. Jadson — Comunicação Alternativa TEA (J26-027);maior=melhor/intenso;85;Desenvolvimento adequado para a idade;emerald;A maioria dos marcos esperados está presente. Mantenha o acompanhamento de rotina e a estimulação no dia a dia. Triagem não substitui avaliação clínica.;
j26-027;Protocolo Dr. Jadson — Comunicação Alternativa TEA (J26-027);maior=melhor/intenso;65;Em desenvolvimento — vigiar e reavaliar;amber;Vários marcos já aparecem, mas alguns ainda estão emergindo. Reforce a estimulação e reavalie em 1–2 meses. Se houver outros sinais de alerta, antecipe a avaliação.;
j26-027;Protocolo Dr. Jadson — Comunicação Alternativa TEA (J26-027);maior=melhor/intenso;45;Sinais de alerta — reavaliar em curto prazo;orange;Há marcos importantes ainda ausentes para a faixa etária. Recomenda-se reavaliação dirigida em curto prazo e considerar encaminhamento para estimulação/avaliação especializada.;
j26-027;Protocolo Dr. Jadson — Comunicação Alternativa TEA (J26-027);maior=melhor/intenso;0;Atraso provável — investigar e encaminhar;red;Muitos marcos esperados estão ausentes. Recomenda-se investigação e encaminhamento para avaliação especializada (neuropediatria e/ou terapias). Esta é uma triagem, não um diagnóstico.;
j26-028;Protocolo Dr. Jadson — Nível de Suporte TEA (J26-028);maior=melhor/intenso;70;Intensidade alta — suporte significativo;red;Vários sinais presentes e intensos, com impacto no cotidiano. Recomenda-se avaliação dirigida e plano de suporte/intervenção. Triagem, não diagnóstico.;
j26-028;Protocolo Dr. Jadson — Nível de Suporte TEA (J26-028);maior=melhor/intenso;45;Intensidade moderada — suporte indicado;orange;Sinais presentes com repercussão no dia a dia. Vale estruturar suporte/estratégias e reavaliar a resposta ao longo do tempo. Triagem, não diagnóstico.;
j26-028;Protocolo Dr. Jadson — Nível de Suporte TEA (J26-028);maior=melhor/intenso;20;Intensidade leve — acompanhar;amber;Alguns sinais presentes, de menor intensidade. Acompanhe a evolução e reforce estratégias no cotidiano.;
j26-028;Protocolo Dr. Jadson — Nível de Suporte TEA (J26-028);maior=melhor/intenso;0;Pouco ou ausente;emerald;Poucos sinais relatados nesta área. Mantenha o acompanhamento de rotina.;
j26-029;Protocolo Dr. Jadson — TEA e Sono (J26-029);maior=melhor/intenso;70;Intensidade alta — suporte significativo;red;Vários sinais presentes e intensos, com impacto no cotidiano. Recomenda-se avaliação dirigida e plano de suporte/intervenção. Triagem, não diagnóstico.;
j26-029;Protocolo Dr. Jadson — TEA e Sono (J26-029);maior=melhor/intenso;45;Intensidade moderada — suporte indicado;orange;Sinais presentes com repercussão no dia a dia. Vale estruturar suporte/estratégias e reavaliar a resposta ao longo do tempo. Triagem, não diagnóstico.;
j26-029;Protocolo Dr. Jadson — TEA e Sono (J26-029);maior=melhor/intenso;20;Intensidade leve — acompanhar;amber;Alguns sinais presentes, de menor intensidade. Acompanhe a evolução e reforce estratégias no cotidiano.;
j26-029;Protocolo Dr. Jadson — TEA e Sono (J26-029);maior=melhor/intenso;0;Pouco ou ausente;emerald;Poucos sinais relatados nesta área. Mantenha o acompanhamento de rotina.;
j26-030;Protocolo Dr. Jadson — Evolução Clínica TEA (J26-030);maior=melhor/intenso;85;Desenvolvimento adequado para a idade;emerald;A maioria dos marcos esperados está presente. Mantenha o acompanhamento de rotina e a estimulação no dia a dia. Triagem não substitui avaliação clínica.;
j26-030;Protocolo Dr. Jadson — Evolução Clínica TEA (J26-030);maior=melhor/intenso;65;Em desenvolvimento — vigiar e reavaliar;amber;Vários marcos já aparecem, mas alguns ainda estão emergindo. Reforce a estimulação e reavalie em 1–2 meses. Se houver outros sinais de alerta, antecipe a avaliação.;
j26-030;Protocolo Dr. Jadson — Evolução Clínica TEA (J26-030);maior=melhor/intenso;45;Sinais de alerta — reavaliar em curto prazo;orange;Há marcos importantes ainda ausentes para a faixa etária. Recomenda-se reavaliação dirigida em curto prazo e considerar encaminhamento para estimulação/avaliação especializada.;
j26-030;Protocolo Dr. Jadson — Evolução Clínica TEA (J26-030);maior=melhor/intenso;0;Atraso provável — investigar e encaminhar;red;Muitos marcos esperados estão ausentes. Recomenda-se investigação e encaminhamento para avaliação especializada (neuropediatria e/ou terapias). Esta é uma triagem, não um diagnóstico.;
j26-031;Protocolo Dr. Jadson — Disregulação Emocional TDAH (J26-031);maior=melhor/intenso;70;Intensidade alta — suporte significativo;red;Vários sinais presentes e intensos, com impacto no cotidiano. Recomenda-se avaliação dirigida e plano de suporte/intervenção. Triagem, não diagnóstico.;
j26-031;Protocolo Dr. Jadson — Disregulação Emocional TDAH (J26-031);maior=melhor/intenso;45;Intensidade moderada — suporte indicado;orange;Sinais presentes com repercussão no dia a dia. Vale estruturar suporte/estratégias e reavaliar a resposta ao longo do tempo. Triagem, não diagnóstico.;
j26-031;Protocolo Dr. Jadson — Disregulação Emocional TDAH (J26-031);maior=melhor/intenso;20;Intensidade leve — acompanhar;amber;Alguns sinais presentes, de menor intensidade. Acompanhe a evolução e reforce estratégias no cotidiano.;
j26-031;Protocolo Dr. Jadson — Disregulação Emocional TDAH (J26-031);maior=melhor/intenso;0;Pouco ou ausente;emerald;Poucos sinais relatados nesta área. Mantenha o acompanhamento de rotina.;
j26-032;Protocolo Dr. Jadson — Tempo Cognitivo Lento (J26-032);maior=melhor/intenso;70;Intensidade alta — suporte significativo;red;Vários sinais presentes e intensos, com impacto no cotidiano. Recomenda-se avaliação dirigida e plano de suporte/intervenção. Triagem, não diagnóstico.;
j26-032;Protocolo Dr. Jadson — Tempo Cognitivo Lento (J26-032);maior=melhor/intenso;45;Intensidade moderada — suporte indicado;orange;Sinais presentes com repercussão no dia a dia. Vale estruturar suporte/estratégias e reavaliar a resposta ao longo do tempo. Triagem, não diagnóstico.;
j26-032;Protocolo Dr. Jadson — Tempo Cognitivo Lento (J26-032);maior=melhor/intenso;20;Intensidade leve — acompanhar;amber;Alguns sinais presentes, de menor intensidade. Acompanhe a evolução e reforce estratégias no cotidiano.;
j26-032;Protocolo Dr. Jadson — Tempo Cognitivo Lento (J26-032);maior=melhor/intenso;0;Pouco ou ausente;emerald;Poucos sinais relatados nesta área. Mantenha o acompanhamento de rotina.;
j26-033;Protocolo Dr. Jadson — Perfil Desatenção vs Hiperatividade (J26-033);maior=melhor/intenso;70;Intensidade alta — suporte significativo;red;Vários sinais presentes e intensos, com impacto no cotidiano. Recomenda-se avaliação dirigida e plano de suporte/intervenção. Triagem, não diagnóstico.;
j26-033;Protocolo Dr. Jadson — Perfil Desatenção vs Hiperatividade (J26-033);maior=melhor/intenso;45;Intensidade moderada — suporte indicado;orange;Sinais presentes com repercussão no dia a dia. Vale estruturar suporte/estratégias e reavaliar a resposta ao longo do tempo. Triagem, não diagnóstico.;
j26-033;Protocolo Dr. Jadson — Perfil Desatenção vs Hiperatividade (J26-033);maior=melhor/intenso;20;Intensidade leve — acompanhar;amber;Alguns sinais presentes, de menor intensidade. Acompanhe a evolução e reforce estratégias no cotidiano.;
j26-033;Protocolo Dr. Jadson — Perfil Desatenção vs Hiperatividade (J26-033);maior=melhor/intenso;0;Pouco ou ausente;emerald;Poucos sinais relatados nesta área. Mantenha o acompanhamento de rotina.;
j26-034;Protocolo Dr. Jadson — Função Executiva Cotidiano (J26-034);maior=melhor/intenso;70;Intensidade alta — suporte significativo;red;Vários sinais presentes e intensos, com impacto no cotidiano. Recomenda-se avaliação dirigida e plano de suporte/intervenção. Triagem, não diagnóstico.;
j26-034;Protocolo Dr. Jadson — Função Executiva Cotidiano (J26-034);maior=melhor/intenso;45;Intensidade moderada — suporte indicado;orange;Sinais presentes com repercussão no dia a dia. Vale estruturar suporte/estratégias e reavaliar a resposta ao longo do tempo. Triagem, não diagnóstico.;
j26-034;Protocolo Dr. Jadson — Função Executiva Cotidiano (J26-034);maior=melhor/intenso;20;Intensidade leve — acompanhar;amber;Alguns sinais presentes, de menor intensidade. Acompanhe a evolução e reforce estratégias no cotidiano.;
j26-034;Protocolo Dr. Jadson — Função Executiva Cotidiano (J26-034);maior=melhor/intenso;0;Pouco ou ausente;emerald;Poucos sinais relatados nesta área. Mantenha o acompanhamento de rotina.;
j26-035;Protocolo Dr. Jadson — Percepção do Tempo TDAH (J26-035);maior=melhor/intenso;70;Intensidade alta — suporte significativo;red;Vários sinais presentes e intensos, com impacto no cotidiano. Recomenda-se avaliação dirigida e plano de suporte/intervenção. Triagem, não diagnóstico.;
j26-035;Protocolo Dr. Jadson — Percepção do Tempo TDAH (J26-035);maior=melhor/intenso;45;Intensidade moderada — suporte indicado;orange;Sinais presentes com repercussão no dia a dia. Vale estruturar suporte/estratégias e reavaliar a resposta ao longo do tempo. Triagem, não diagnóstico.;
j26-035;Protocolo Dr. Jadson — Percepção do Tempo TDAH (J26-035);maior=melhor/intenso;20;Intensidade leve — acompanhar;amber;Alguns sinais presentes, de menor intensidade. Acompanhe a evolução e reforce estratégias no cotidiano.;
j26-035;Protocolo Dr. Jadson — Percepção do Tempo TDAH (J26-035);maior=melhor/intenso;0;Pouco ou ausente;emerald;Poucos sinais relatados nesta área. Mantenha o acompanhamento de rotina.;
j26-036;Protocolo Dr. Jadson — Sensibilidade a Recompensa TDAH (J26-036);maior=melhor/intenso;70;Intensidade alta — suporte significativo;red;Vários sinais presentes e intensos, com impacto no cotidiano. Recomenda-se avaliação dirigida e plano de suporte/intervenção. Triagem, não diagnóstico.;
j26-036;Protocolo Dr. Jadson — Sensibilidade a Recompensa TDAH (J26-036);maior=melhor/intenso;45;Intensidade moderada — suporte indicado;orange;Sinais presentes com repercussão no dia a dia. Vale estruturar suporte/estratégias e reavaliar a resposta ao longo do tempo. Triagem, não diagnóstico.;
j26-036;Protocolo Dr. Jadson — Sensibilidade a Recompensa TDAH (J26-036);maior=melhor/intenso;20;Intensidade leve — acompanhar;amber;Alguns sinais presentes, de menor intensidade. Acompanhe a evolução e reforce estratégias no cotidiano.;
j26-036;Protocolo Dr. Jadson — Sensibilidade a Recompensa TDAH (J26-036);maior=melhor/intenso;0;Pouco ou ausente;emerald;Poucos sinais relatados nesta área. Mantenha o acompanhamento de rotina.;
j26-037;Protocolo Dr. Jadson — Memória de Trabalho TDAH (J26-037);maior=melhor/intenso;70;Intensidade alta — suporte significativo;red;Vários sinais presentes e intensos, com impacto no cotidiano. Recomenda-se avaliação dirigida e plano de suporte/intervenção. Triagem, não diagnóstico.;
j26-037;Protocolo Dr. Jadson — Memória de Trabalho TDAH (J26-037);maior=melhor/intenso;45;Intensidade moderada — suporte indicado;orange;Sinais presentes com repercussão no dia a dia. Vale estruturar suporte/estratégias e reavaliar a resposta ao longo do tempo. Triagem, não diagnóstico.;
j26-037;Protocolo Dr. Jadson — Memória de Trabalho TDAH (J26-037);maior=melhor/intenso;20;Intensidade leve — acompanhar;amber;Alguns sinais presentes, de menor intensidade. Acompanhe a evolução e reforce estratégias no cotidiano.;
j26-037;Protocolo Dr. Jadson — Memória de Trabalho TDAH (J26-037);maior=melhor/intenso;0;Pouco ou ausente;emerald;Poucos sinais relatados nesta área. Mantenha o acompanhamento de rotina.;
j26-038;Protocolo Dr. Jadson — Impulsividade Comportamental (J26-038);maior=melhor/intenso;70;Intensidade alta — suporte significativo;red;Vários sinais presentes e intensos, com impacto no cotidiano. Recomenda-se avaliação dirigida e plano de suporte/intervenção. Triagem, não diagnóstico.;
j26-038;Protocolo Dr. Jadson — Impulsividade Comportamental (J26-038);maior=melhor/intenso;45;Intensidade moderada — suporte indicado;orange;Sinais presentes com repercussão no dia a dia. Vale estruturar suporte/estratégias e reavaliar a resposta ao longo do tempo. Triagem, não diagnóstico.;
j26-038;Protocolo Dr. Jadson — Impulsividade Comportamental (J26-038);maior=melhor/intenso;20;Intensidade leve — acompanhar;amber;Alguns sinais presentes, de menor intensidade. Acompanhe a evolução e reforce estratégias no cotidiano.;
j26-038;Protocolo Dr. Jadson — Impulsividade Comportamental (J26-038);maior=melhor/intenso;0;Pouco ou ausente;emerald;Poucos sinais relatados nesta área. Mantenha o acompanhamento de rotina.;
j26-039;Protocolo Dr. Jadson — TDAH e Autoestima (J26-039);maior=melhor/intenso;70;Intensidade alta — suporte significativo;red;Vários sinais presentes e intensos, com impacto no cotidiano. Recomenda-se avaliação dirigida e plano de suporte/intervenção. Triagem, não diagnóstico.;
j26-039;Protocolo Dr. Jadson — TDAH e Autoestima (J26-039);maior=melhor/intenso;45;Intensidade moderada — suporte indicado;orange;Sinais presentes com repercussão no dia a dia. Vale estruturar suporte/estratégias e reavaliar a resposta ao longo do tempo. Triagem, não diagnóstico.;
j26-039;Protocolo Dr. Jadson — TDAH e Autoestima (J26-039);maior=melhor/intenso;20;Intensidade leve — acompanhar;amber;Alguns sinais presentes, de menor intensidade. Acompanhe a evolução e reforce estratégias no cotidiano.;
j26-039;Protocolo Dr. Jadson — TDAH e Autoestima (J26-039);maior=melhor/intenso;0;Pouco ou ausente;emerald;Poucos sinais relatados nesta área. Mantenha o acompanhamento de rotina.;
j26-040;Protocolo Dr. Jadson — TDAH e Sono (J26-040);maior=melhor/intenso;70;Intensidade alta — suporte significativo;red;Vários sinais presentes e intensos, com impacto no cotidiano. Recomenda-se avaliação dirigida e plano de suporte/intervenção. Triagem, não diagnóstico.;
j26-040;Protocolo Dr. Jadson — TDAH e Sono (J26-040);maior=melhor/intenso;45;Intensidade moderada — suporte indicado;orange;Sinais presentes com repercussão no dia a dia. Vale estruturar suporte/estratégias e reavaliar a resposta ao longo do tempo. Triagem, não diagnóstico.;
j26-040;Protocolo Dr. Jadson — TDAH e Sono (J26-040);maior=melhor/intenso;20;Intensidade leve — acompanhar;amber;Alguns sinais presentes, de menor intensidade. Acompanhe a evolução e reforce estratégias no cotidiano.;
j26-040;Protocolo Dr. Jadson — TDAH e Sono (J26-040);maior=melhor/intenso;0;Pouco ou ausente;emerald;Poucos sinais relatados nesta área. Mantenha o acompanhamento de rotina.;
j26-041;Protocolo Dr. Jadson — TDAH Impacto Familiar (J26-041);maior=melhor/intenso;70;Intensidade alta — suporte significativo;red;Vários sinais presentes e intensos, com impacto no cotidiano. Recomenda-se avaliação dirigida e plano de suporte/intervenção. Triagem, não diagnóstico.;
j26-041;Protocolo Dr. Jadson — TDAH Impacto Familiar (J26-041);maior=melhor/intenso;45;Intensidade moderada — suporte indicado;orange;Sinais presentes com repercussão no dia a dia. Vale estruturar suporte/estratégias e reavaliar a resposta ao longo do tempo. Triagem, não diagnóstico.;
j26-041;Protocolo Dr. Jadson — TDAH Impacto Familiar (J26-041);maior=melhor/intenso;20;Intensidade leve — acompanhar;amber;Alguns sinais presentes, de menor intensidade. Acompanhe a evolução e reforce estratégias no cotidiano.;
j26-041;Protocolo Dr. Jadson — TDAH Impacto Familiar (J26-041);maior=melhor/intenso;0;Pouco ou ausente;emerald;Poucos sinais relatados nesta área. Mantenha o acompanhamento de rotina.;
j26-042;Protocolo Dr. Jadson — Triagem TDAH Pré-Escolar (J26-042);maior=melhor/intenso;70;Intensidade alta — suporte significativo;red;Vários sinais presentes e intensos, com impacto no cotidiano. Recomenda-se avaliação dirigida e plano de suporte/intervenção. Triagem, não diagnóstico.;
j26-042;Protocolo Dr. Jadson — Triagem TDAH Pré-Escolar (J26-042);maior=melhor/intenso;45;Intensidade moderada — suporte indicado;orange;Sinais presentes com repercussão no dia a dia. Vale estruturar suporte/estratégias e reavaliar a resposta ao longo do tempo. Triagem, não diagnóstico.;
j26-042;Protocolo Dr. Jadson — Triagem TDAH Pré-Escolar (J26-042);maior=melhor/intenso;20;Intensidade leve — acompanhar;amber;Alguns sinais presentes, de menor intensidade. Acompanhe a evolução e reforce estratégias no cotidiano.;
j26-042;Protocolo Dr. Jadson — Triagem TDAH Pré-Escolar (J26-042);maior=melhor/intenso;0;Pouco ou ausente;emerald;Poucos sinais relatados nesta área. Mantenha o acompanhamento de rotina.;
j26-043;Protocolo Dr. Jadson — TDAH Adolescente (J26-043);maior=melhor/intenso;70;Intensidade alta — suporte significativo;red;Vários sinais presentes e intensos, com impacto no cotidiano. Recomenda-se avaliação dirigida e plano de suporte/intervenção. Triagem, não diagnóstico.;
j26-043;Protocolo Dr. Jadson — TDAH Adolescente (J26-043);maior=melhor/intenso;45;Intensidade moderada — suporte indicado;orange;Sinais presentes com repercussão no dia a dia. Vale estruturar suporte/estratégias e reavaliar a resposta ao longo do tempo. Triagem, não diagnóstico.;
j26-043;Protocolo Dr. Jadson — TDAH Adolescente (J26-043);maior=melhor/intenso;20;Intensidade leve — acompanhar;amber;Alguns sinais presentes, de menor intensidade. Acompanhe a evolução e reforce estratégias no cotidiano.;
j26-043;Protocolo Dr. Jadson — TDAH Adolescente (J26-043);maior=melhor/intenso;0;Pouco ou ausente;emerald;Poucos sinais relatados nesta área. Mantenha o acompanhamento de rotina.;
j26-044;Protocolo Dr. Jadson — Monitorização Estimulante (J26-044);maior=melhor/intenso;70;Intensidade alta — suporte significativo;red;Vários sinais presentes e intensos, com impacto no cotidiano. Recomenda-se avaliação dirigida e plano de suporte/intervenção. Triagem, não diagnóstico.;
j26-044;Protocolo Dr. Jadson — Monitorização Estimulante (J26-044);maior=melhor/intenso;45;Intensidade moderada — suporte indicado;orange;Sinais presentes com repercussão no dia a dia. Vale estruturar suporte/estratégias e reavaliar a resposta ao longo do tempo. Triagem, não diagnóstico.;
j26-044;Protocolo Dr. Jadson — Monitorização Estimulante (J26-044);maior=melhor/intenso;20;Intensidade leve — acompanhar;amber;Alguns sinais presentes, de menor intensidade. Acompanhe a evolução e reforce estratégias no cotidiano.;
j26-044;Protocolo Dr. Jadson — Monitorização Estimulante (J26-044);maior=melhor/intenso;0;Pouco ou ausente;emerald;Poucos sinais relatados nesta área. Mantenha o acompanhamento de rotina.;
j26-045;Protocolo Dr. Jadson — TDAH e Tela (J26-045);maior=melhor/intenso;70;Intensidade alta — suporte significativo;red;Vários sinais presentes e intensos, com impacto no cotidiano. Recomenda-se avaliação dirigida e plano de suporte/intervenção. Triagem, não diagnóstico.;
j26-045;Protocolo Dr. Jadson — TDAH e Tela (J26-045);maior=melhor/intenso;45;Intensidade moderada — suporte indicado;orange;Sinais presentes com repercussão no dia a dia. Vale estruturar suporte/estratégias e reavaliar a resposta ao longo do tempo. Triagem, não diagnóstico.;
j26-045;Protocolo Dr. Jadson — TDAH e Tela (J26-045);maior=melhor/intenso;20;Intensidade leve — acompanhar;amber;Alguns sinais presentes, de menor intensidade. Acompanhe a evolução e reforce estratégias no cotidiano.;
j26-045;Protocolo Dr. Jadson — TDAH e Tela (J26-045);maior=melhor/intenso;0;Pouco ou ausente;emerald;Poucos sinais relatados nesta área. Mantenha o acompanhamento de rotina.;
j26-046;Protocolo Dr. Jadson — Oposição e Desafio (J26-046);maior=melhor/intenso;70;Intensidade alta — suporte significativo;red;Vários sinais presentes e intensos, com impacto no cotidiano. Recomenda-se avaliação dirigida e plano de suporte/intervenção. Triagem, não diagnóstico.;
j26-046;Protocolo Dr. Jadson — Oposição e Desafio (J26-046);maior=melhor/intenso;45;Intensidade moderada — suporte indicado;orange;Sinais presentes com repercussão no dia a dia. Vale estruturar suporte/estratégias e reavaliar a resposta ao longo do tempo. Triagem, não diagnóstico.;
j26-046;Protocolo Dr. Jadson — Oposição e Desafio (J26-046);maior=melhor/intenso;20;Intensidade leve — acompanhar;amber;Alguns sinais presentes, de menor intensidade. Acompanhe a evolução e reforce estratégias no cotidiano.;
j26-046;Protocolo Dr. Jadson — Oposição e Desafio (J26-046);maior=melhor/intenso;0;Pouco ou ausente;emerald;Poucos sinais relatados nesta área. Mantenha o acompanhamento de rotina.;
j26-047;Protocolo Dr. Jadson — Problemas de Conduta (J26-047);maior=melhor/intenso;70;Intensidade alta — suporte significativo;red;Vários sinais presentes e intensos, com impacto no cotidiano. Recomenda-se avaliação dirigida e plano de suporte/intervenção. Triagem, não diagnóstico.;
j26-047;Protocolo Dr. Jadson — Problemas de Conduta (J26-047);maior=melhor/intenso;45;Intensidade moderada — suporte indicado;orange;Sinais presentes com repercussão no dia a dia. Vale estruturar suporte/estratégias e reavaliar a resposta ao longo do tempo. Triagem, não diagnóstico.;
j26-047;Protocolo Dr. Jadson — Problemas de Conduta (J26-047);maior=melhor/intenso;20;Intensidade leve — acompanhar;amber;Alguns sinais presentes, de menor intensidade. Acompanhe a evolução e reforce estratégias no cotidiano.;
j26-047;Protocolo Dr. Jadson — Problemas de Conduta (J26-047);maior=melhor/intenso;0;Pouco ou ausente;emerald;Poucos sinais relatados nesta área. Mantenha o acompanhamento de rotina.;
j26-048;Protocolo Dr. Jadson — Raiva e Manejo da Frustração (J26-048);maior=melhor/intenso;70;Intensidade alta — suporte significativo;red;Vários sinais presentes e intensos, com impacto no cotidiano. Recomenda-se avaliação dirigida e plano de suporte/intervenção. Triagem, não diagnóstico.;
j26-048;Protocolo Dr. Jadson — Raiva e Manejo da Frustração (J26-048);maior=melhor/intenso;45;Intensidade moderada — suporte indicado;orange;Sinais presentes com repercussão no dia a dia. Vale estruturar suporte/estratégias e reavaliar a resposta ao longo do tempo. Triagem, não diagnóstico.;
j26-048;Protocolo Dr. Jadson — Raiva e Manejo da Frustração (J26-048);maior=melhor/intenso;20;Intensidade leve — acompanhar;amber;Alguns sinais presentes, de menor intensidade. Acompanhe a evolução e reforce estratégias no cotidiano.;
j26-048;Protocolo Dr. Jadson — Raiva e Manejo da Frustração (J26-048);maior=melhor/intenso;0;Pouco ou ausente;emerald;Poucos sinais relatados nesta área. Mantenha o acompanhamento de rotina.;
j26-049;Protocolo Dr. Jadson — Agressão com Pares (J26-049);maior=melhor/intenso;70;Intensidade alta — suporte significativo;red;Vários sinais presentes e intensos, com impacto no cotidiano. Recomenda-se avaliação dirigida e plano de suporte/intervenção. Triagem, não diagnóstico.;
j26-049;Protocolo Dr. Jadson — Agressão com Pares (J26-049);maior=melhor/intenso;45;Intensidade moderada — suporte indicado;orange;Sinais presentes com repercussão no dia a dia. Vale estruturar suporte/estratégias e reavaliar a resposta ao longo do tempo. Triagem, não diagnóstico.;
j26-049;Protocolo Dr. Jadson — Agressão com Pares (J26-049);maior=melhor/intenso;20;Intensidade leve — acompanhar;amber;Alguns sinais presentes, de menor intensidade. Acompanhe a evolução e reforce estratégias no cotidiano.;
j26-049;Protocolo Dr. Jadson — Agressão com Pares (J26-049);maior=melhor/intenso;0;Pouco ou ausente;emerald;Poucos sinais relatados nesta área. Mantenha o acompanhamento de rotina.;
j26-050;Protocolo Dr. Jadson — Traços Calosos-Emocionais (J26-050);maior=melhor/intenso;70;Intensidade alta — suporte significativo;red;Vários sinais presentes e intensos, com impacto no cotidiano. Recomenda-se avaliação dirigida e plano de suporte/intervenção. Triagem, não diagnóstico.;
j26-050;Protocolo Dr. Jadson — Traços Calosos-Emocionais (J26-050);maior=melhor/intenso;45;Intensidade moderada — suporte indicado;orange;Sinais presentes com repercussão no dia a dia. Vale estruturar suporte/estratégias e reavaliar a resposta ao longo do tempo. Triagem, não diagnóstico.;
j26-050;Protocolo Dr. Jadson — Traços Calosos-Emocionais (J26-050);maior=melhor/intenso;20;Intensidade leve — acompanhar;amber;Alguns sinais presentes, de menor intensidade. Acompanhe a evolução e reforce estratégias no cotidiano.;
j26-050;Protocolo Dr. Jadson — Traços Calosos-Emocionais (J26-050);maior=melhor/intenso;0;Pouco ou ausente;emerald;Poucos sinais relatados nesta área. Mantenha o acompanhamento de rotina.;
j26-051;Protocolo Dr. Jadson — Flexibilidade Comportamental (J26-051);maior=melhor/intenso;85;Desenvolvimento adequado para a idade;emerald;A maioria dos marcos esperados está presente. Mantenha o acompanhamento de rotina e a estimulação no dia a dia. Triagem não substitui avaliação clínica.;
j26-051;Protocolo Dr. Jadson — Flexibilidade Comportamental (J26-051);maior=melhor/intenso;65;Em desenvolvimento — vigiar e reavaliar;amber;Vários marcos já aparecem, mas alguns ainda estão emergindo. Reforce a estimulação e reavalie em 1–2 meses. Se houver outros sinais de alerta, antecipe a avaliação.;
j26-051;Protocolo Dr. Jadson — Flexibilidade Comportamental (J26-051);maior=melhor/intenso;45;Sinais de alerta — reavaliar em curto prazo;orange;Há marcos importantes ainda ausentes para a faixa etária. Recomenda-se reavaliação dirigida em curto prazo e considerar encaminhamento para estimulação/avaliação especializada.;
j26-051;Protocolo Dr. Jadson — Flexibilidade Comportamental (J26-051);maior=melhor/intenso;0;Atraso provável — investigar e encaminhar;red;Muitos marcos esperados estão ausentes. Recomenda-se investigação e encaminhamento para avaliação especializada (neuropediatria e/ou terapias). Esta é uma triagem, não um diagnóstico.;
j26-052;Protocolo Dr. Jadson — Birra Patológica vs. Normativa (J26-052);maior=melhor/intenso;70;Intensidade alta — suporte significativo;red;Vários sinais presentes e intensos, com impacto no cotidiano. Recomenda-se avaliação dirigida e plano de suporte/intervenção. Triagem, não diagnóstico.;
j26-052;Protocolo Dr. Jadson — Birra Patológica vs. Normativa (J26-052);maior=melhor/intenso;45;Intensidade moderada — suporte indicado;orange;Sinais presentes com repercussão no dia a dia. Vale estruturar suporte/estratégias e reavaliar a resposta ao longo do tempo. Triagem, não diagnóstico.;
j26-052;Protocolo Dr. Jadson — Birra Patológica vs. Normativa (J26-052);maior=melhor/intenso;20;Intensidade leve — acompanhar;amber;Alguns sinais presentes, de menor intensidade. Acompanhe a evolução e reforce estratégias no cotidiano.;
j26-052;Protocolo Dr. Jadson — Birra Patológica vs. Normativa (J26-052);maior=melhor/intenso;0;Pouco ou ausente;emerald;Poucos sinais relatados nesta área. Mantenha o acompanhamento de rotina.;
j26-053;Protocolo Dr. Jadson — Comportamento na Pandemia Pós-Covid (J26-053);maior=melhor/intenso;70;Intensidade alta — suporte significativo;red;Vários sinais presentes e intensos, com impacto no cotidiano. Recomenda-se avaliação dirigida e plano de suporte/intervenção. Triagem, não diagnóstico.;
j26-053;Protocolo Dr. Jadson — Comportamento na Pandemia Pós-Covid (J26-053);maior=melhor/intenso;45;Intensidade moderada — suporte indicado;orange;Sinais presentes com repercussão no dia a dia. Vale estruturar suporte/estratégias e reavaliar a resposta ao longo do tempo. Triagem, não diagnóstico.;
j26-053;Protocolo Dr. Jadson — Comportamento na Pandemia Pós-Covid (J26-053);maior=melhor/intenso;20;Intensidade leve — acompanhar;amber;Alguns sinais presentes, de menor intensidade. Acompanhe a evolução e reforce estratégias no cotidiano.;
j26-053;Protocolo Dr. Jadson — Comportamento na Pandemia Pós-Covid (J26-053);maior=melhor/intenso;0;Pouco ou ausente;emerald;Poucos sinais relatados nesta área. Mantenha o acompanhamento de rotina.;
j26-054;Protocolo Dr. Jadson — Comportamento Digital (J26-054);maior=melhor/intenso;70;Intensidade alta — suporte significativo;red;Vários sinais presentes e intensos, com impacto no cotidiano. Recomenda-se avaliação dirigida e plano de suporte/intervenção. Triagem, não diagnóstico.;
j26-054;Protocolo Dr. Jadson — Comportamento Digital (J26-054);maior=melhor/intenso;45;Intensidade moderada — suporte indicado;orange;Sinais presentes com repercussão no dia a dia. Vale estruturar suporte/estratégias e reavaliar a resposta ao longo do tempo. Triagem, não diagnóstico.;
j26-054;Protocolo Dr. Jadson — Comportamento Digital (J26-054);maior=melhor/intenso;20;Intensidade leve — acompanhar;amber;Alguns sinais presentes, de menor intensidade. Acompanhe a evolução e reforce estratégias no cotidiano.;
j26-054;Protocolo Dr. Jadson — Comportamento Digital (J26-054);maior=melhor/intenso;0;Pouco ou ausente;emerald;Poucos sinais relatados nesta área. Mantenha o acompanhamento de rotina.;
j26-055;Protocolo Dr. Jadson — Automutilação Não Suicida (J26-055);maior=melhor/intenso;70;Intensidade alta — suporte significativo;red;Vários sinais presentes e intensos, com impacto no cotidiano. Recomenda-se avaliação dirigida e plano de suporte/intervenção. Triagem, não diagnóstico.;
j26-055;Protocolo Dr. Jadson — Automutilação Não Suicida (J26-055);maior=melhor/intenso;45;Intensidade moderada — suporte indicado;orange;Sinais presentes com repercussão no dia a dia. Vale estruturar suporte/estratégias e reavaliar a resposta ao longo do tempo. Triagem, não diagnóstico.;
j26-055;Protocolo Dr. Jadson — Automutilação Não Suicida (J26-055);maior=melhor/intenso;20;Intensidade leve — acompanhar;amber;Alguns sinais presentes, de menor intensidade. Acompanhe a evolução e reforce estratégias no cotidiano.;
j26-055;Protocolo Dr. Jadson — Automutilação Não Suicida (J26-055);maior=melhor/intenso;0;Pouco ou ausente;emerald;Poucos sinais relatados nesta área. Mantenha o acompanhamento de rotina.;
j26-056;Protocolo Dr. Jadson — Comportamento Alimentar Restritivo (J26-056);maior=melhor/intenso;70;Intensidade alta — suporte significativo;red;Vários sinais presentes e intensos, com impacto no cotidiano. Recomenda-se avaliação dirigida e plano de suporte/intervenção. Triagem, não diagnóstico.;
j26-056;Protocolo Dr. Jadson — Comportamento Alimentar Restritivo (J26-056);maior=melhor/intenso;45;Intensidade moderada — suporte indicado;orange;Sinais presentes com repercussão no dia a dia. Vale estruturar suporte/estratégias e reavaliar a resposta ao longo do tempo. Triagem, não diagnóstico.;
j26-056;Protocolo Dr. Jadson — Comportamento Alimentar Restritivo (J26-056);maior=melhor/intenso;20;Intensidade leve — acompanhar;amber;Alguns sinais presentes, de menor intensidade. Acompanhe a evolução e reforce estratégias no cotidiano.;
j26-056;Protocolo Dr. Jadson — Comportamento Alimentar Restritivo (J26-056);maior=melhor/intenso;0;Pouco ou ausente;emerald;Poucos sinais relatados nesta área. Mantenha o acompanhamento de rotina.;
j26-057;Protocolo Dr. Jadson — Regulação Emocional Criança (J26-057);maior=melhor/intenso;85;Desenvolvimento adequado para a idade;emerald;A maioria dos marcos esperados está presente. Mantenha o acompanhamento de rotina e a estimulação no dia a dia. Triagem não substitui avaliação clínica.;
j26-057;Protocolo Dr. Jadson — Regulação Emocional Criança (J26-057);maior=melhor/intenso;65;Em desenvolvimento — vigiar e reavaliar;amber;Vários marcos já aparecem, mas alguns ainda estão emergindo. Reforce a estimulação e reavalie em 1–2 meses. Se houver outros sinais de alerta, antecipe a avaliação.;
j26-057;Protocolo Dr. Jadson — Regulação Emocional Criança (J26-057);maior=melhor/intenso;45;Sinais de alerta — reavaliar em curto prazo;orange;Há marcos importantes ainda ausentes para a faixa etária. Recomenda-se reavaliação dirigida em curto prazo e considerar encaminhamento para estimulação/avaliação especializada.;
j26-057;Protocolo Dr. Jadson — Regulação Emocional Criança (J26-057);maior=melhor/intenso;0;Atraso provável — investigar e encaminhar;red;Muitos marcos esperados estão ausentes. Recomenda-se investigação e encaminhamento para avaliação especializada (neuropediatria e/ou terapias). Esta é uma triagem, não um diagnóstico.;
j26-058;Protocolo Dr. Jadson — Ansiedade de Separação (J26-058);maior=melhor/intenso;70;Intensidade alta — suporte significativo;red;Vários sinais presentes e intensos, com impacto no cotidiano. Recomenda-se avaliação dirigida e plano de suporte/intervenção. Triagem, não diagnóstico.;
j26-058;Protocolo Dr. Jadson — Ansiedade de Separação (J26-058);maior=melhor/intenso;45;Intensidade moderada — suporte indicado;orange;Sinais presentes com repercussão no dia a dia. Vale estruturar suporte/estratégias e reavaliar a resposta ao longo do tempo. Triagem, não diagnóstico.;
j26-058;Protocolo Dr. Jadson — Ansiedade de Separação (J26-058);maior=melhor/intenso;20;Intensidade leve — acompanhar;amber;Alguns sinais presentes, de menor intensidade. Acompanhe a evolução e reforce estratégias no cotidiano.;
j26-058;Protocolo Dr. Jadson — Ansiedade de Separação (J26-058);maior=melhor/intenso;0;Pouco ou ausente;emerald;Poucos sinais relatados nesta área. Mantenha o acompanhamento de rotina.;
j26-059;Protocolo Dr. Jadson — Fobia Social Infantil (J26-059);maior=melhor/intenso;70;Intensidade alta — suporte significativo;red;Vários sinais presentes e intensos, com impacto no cotidiano. Recomenda-se avaliação dirigida e plano de suporte/intervenção. Triagem, não diagnóstico.;
j26-059;Protocolo Dr. Jadson — Fobia Social Infantil (J26-059);maior=melhor/intenso;45;Intensidade moderada — suporte indicado;orange;Sinais presentes com repercussão no dia a dia. Vale estruturar suporte/estratégias e reavaliar a resposta ao longo do tempo. Triagem, não diagnóstico.;
j26-059;Protocolo Dr. Jadson — Fobia Social Infantil (J26-059);maior=melhor/intenso;20;Intensidade leve — acompanhar;amber;Alguns sinais presentes, de menor intensidade. Acompanhe a evolução e reforce estratégias no cotidiano.;
j26-059;Protocolo Dr. Jadson — Fobia Social Infantil (J26-059);maior=melhor/intenso;0;Pouco ou ausente;emerald;Poucos sinais relatados nesta área. Mantenha o acompanhamento de rotina.;
j26-060;Protocolo Dr. Jadson — Mutismo Seletivo Expandido (J26-060);maior=melhor/intenso;70;Intensidade alta — suporte significativo;red;Vários sinais presentes e intensos, com impacto no cotidiano. Recomenda-se avaliação dirigida e plano de suporte/intervenção. Triagem, não diagnóstico.;
j26-060;Protocolo Dr. Jadson — Mutismo Seletivo Expandido (J26-060);maior=melhor/intenso;45;Intensidade moderada — suporte indicado;orange;Sinais presentes com repercussão no dia a dia. Vale estruturar suporte/estratégias e reavaliar a resposta ao longo do tempo. Triagem, não diagnóstico.;
j26-060;Protocolo Dr. Jadson — Mutismo Seletivo Expandido (J26-060);maior=melhor/intenso;20;Intensidade leve — acompanhar;amber;Alguns sinais presentes, de menor intensidade. Acompanhe a evolução e reforce estratégias no cotidiano.;
j26-060;Protocolo Dr. Jadson — Mutismo Seletivo Expandido (J26-060);maior=melhor/intenso;0;Pouco ou ausente;emerald;Poucos sinais relatados nesta área. Mantenha o acompanhamento de rotina.;
j26-061;Protocolo Dr. Jadson — Ansiedade Escolar e Recusa (J26-061);maior=melhor/intenso;70;Intensidade alta — suporte significativo;red;Vários sinais presentes e intensos, com impacto no cotidiano. Recomenda-se avaliação dirigida e plano de suporte/intervenção. Triagem, não diagnóstico.;
j26-061;Protocolo Dr. Jadson — Ansiedade Escolar e Recusa (J26-061);maior=melhor/intenso;45;Intensidade moderada — suporte indicado;orange;Sinais presentes com repercussão no dia a dia. Vale estruturar suporte/estratégias e reavaliar a resposta ao longo do tempo. Triagem, não diagnóstico.;
j26-061;Protocolo Dr. Jadson — Ansiedade Escolar e Recusa (J26-061);maior=melhor/intenso;20;Intensidade leve — acompanhar;amber;Alguns sinais presentes, de menor intensidade. Acompanhe a evolução e reforce estratégias no cotidiano.;
j26-061;Protocolo Dr. Jadson — Ansiedade Escolar e Recusa (J26-061);maior=melhor/intenso;0;Pouco ou ausente;emerald;Poucos sinais relatados nesta área. Mantenha o acompanhamento de rotina.;
j26-062;Protocolo Dr. Jadson — Ansiedade de Desempenho (J26-062);maior=melhor/intenso;70;Intensidade alta — suporte significativo;red;Vários sinais presentes e intensos, com impacto no cotidiano. Recomenda-se avaliação dirigida e plano de suporte/intervenção. Triagem, não diagnóstico.;
j26-062;Protocolo Dr. Jadson — Ansiedade de Desempenho (J26-062);maior=melhor/intenso;45;Intensidade moderada — suporte indicado;orange;Sinais presentes com repercussão no dia a dia. Vale estruturar suporte/estratégias e reavaliar a resposta ao longo do tempo. Triagem, não diagnóstico.;
j26-062;Protocolo Dr. Jadson — Ansiedade de Desempenho (J26-062);maior=melhor/intenso;20;Intensidade leve — acompanhar;amber;Alguns sinais presentes, de menor intensidade. Acompanhe a evolução e reforce estratégias no cotidiano.;
j26-062;Protocolo Dr. Jadson — Ansiedade de Desempenho (J26-062);maior=melhor/intenso;0;Pouco ou ausente;emerald;Poucos sinais relatados nesta área. Mantenha o acompanhamento de rotina.;
j26-063;Protocolo Dr. Jadson — Fobias Específicas Checklist (J26-063);maior=melhor/intenso;70;Intensidade alta — suporte significativo;red;Vários sinais presentes e intensos, com impacto no cotidiano. Recomenda-se avaliação dirigida e plano de suporte/intervenção. Triagem, não diagnóstico.;
j26-063;Protocolo Dr. Jadson — Fobias Específicas Checklist (J26-063);maior=melhor/intenso;45;Intensidade moderada — suporte indicado;orange;Sinais presentes com repercussão no dia a dia. Vale estruturar suporte/estratégias e reavaliar a resposta ao longo do tempo. Triagem, não diagnóstico.;
j26-063;Protocolo Dr. Jadson — Fobias Específicas Checklist (J26-063);maior=melhor/intenso;20;Intensidade leve — acompanhar;amber;Alguns sinais presentes, de menor intensidade. Acompanhe a evolução e reforce estratégias no cotidiano.;
j26-063;Protocolo Dr. Jadson — Fobias Específicas Checklist (J26-063);maior=melhor/intenso;0;Pouco ou ausente;emerald;Poucos sinais relatados nesta área. Mantenha o acompanhamento de rotina.;
j26-064;Protocolo Dr. Jadson — Ansiedade à Saúde Criança (J26-064);maior=melhor/intenso;70;Intensidade alta — suporte significativo;red;Vários sinais presentes e intensos, com impacto no cotidiano. Recomenda-se avaliação dirigida e plano de suporte/intervenção. Triagem, não diagnóstico.;
j26-064;Protocolo Dr. Jadson — Ansiedade à Saúde Criança (J26-064);maior=melhor/intenso;45;Intensidade moderada — suporte indicado;orange;Sinais presentes com repercussão no dia a dia. Vale estruturar suporte/estratégias e reavaliar a resposta ao longo do tempo. Triagem, não diagnóstico.;
j26-064;Protocolo Dr. Jadson — Ansiedade à Saúde Criança (J26-064);maior=melhor/intenso;20;Intensidade leve — acompanhar;amber;Alguns sinais presentes, de menor intensidade. Acompanhe a evolução e reforce estratégias no cotidiano.;
j26-064;Protocolo Dr. Jadson — Ansiedade à Saúde Criança (J26-064);maior=melhor/intenso;0;Pouco ou ausente;emerald;Poucos sinais relatados nesta área. Mantenha o acompanhamento de rotina.;
j26-065;Protocolo Dr. Jadson — Medos Noturnos e Pesadelos (J26-065);maior=melhor/intenso;70;Intensidade alta — suporte significativo;red;Vários sinais presentes e intensos, com impacto no cotidiano. Recomenda-se avaliação dirigida e plano de suporte/intervenção. Triagem, não diagnóstico.;
j26-065;Protocolo Dr. Jadson — Medos Noturnos e Pesadelos (J26-065);maior=melhor/intenso;45;Intensidade moderada — suporte indicado;orange;Sinais presentes com repercussão no dia a dia. Vale estruturar suporte/estratégias e reavaliar a resposta ao longo do tempo. Triagem, não diagnóstico.;
j26-065;Protocolo Dr. Jadson — Medos Noturnos e Pesadelos (J26-065);maior=melhor/intenso;20;Intensidade leve — acompanhar;amber;Alguns sinais presentes, de menor intensidade. Acompanhe a evolução e reforce estratégias no cotidiano.;
j26-065;Protocolo Dr. Jadson — Medos Noturnos e Pesadelos (J26-065);maior=melhor/intenso;0;Pouco ou ausente;emerald;Poucos sinais relatados nesta área. Mantenha o acompanhamento de rotina.;
j26-066;Protocolo Dr. Jadson — Ansiedade Generalizada Criança (J26-066);maior=melhor/intenso;70;Intensidade alta — suporte significativo;red;Vários sinais presentes e intensos, com impacto no cotidiano. Recomenda-se avaliação dirigida e plano de suporte/intervenção. Triagem, não diagnóstico.;
j26-066;Protocolo Dr. Jadson — Ansiedade Generalizada Criança (J26-066);maior=melhor/intenso;45;Intensidade moderada — suporte indicado;orange;Sinais presentes com repercussão no dia a dia. Vale estruturar suporte/estratégias e reavaliar a resposta ao longo do tempo. Triagem, não diagnóstico.;
j26-066;Protocolo Dr. Jadson — Ansiedade Generalizada Criança (J26-066);maior=melhor/intenso;20;Intensidade leve — acompanhar;amber;Alguns sinais presentes, de menor intensidade. Acompanhe a evolução e reforce estratégias no cotidiano.;
j26-066;Protocolo Dr. Jadson — Ansiedade Generalizada Criança (J26-066);maior=melhor/intenso;0;Pouco ou ausente;emerald;Poucos sinais relatados nesta área. Mantenha o acompanhamento de rotina.;
j26-067;Protocolo Dr. Jadson — Ansiedade Somática Funcional (J26-067);maior=melhor/intenso;70;Intensidade alta — suporte significativo;red;Vários sinais presentes e intensos, com impacto no cotidiano. Recomenda-se avaliação dirigida e plano de suporte/intervenção. Triagem, não diagnóstico.;
j26-067;Protocolo Dr. Jadson — Ansiedade Somática Funcional (J26-067);maior=melhor/intenso;45;Intensidade moderada — suporte indicado;orange;Sinais presentes com repercussão no dia a dia. Vale estruturar suporte/estratégias e reavaliar a resposta ao longo do tempo. Triagem, não diagnóstico.;
j26-067;Protocolo Dr. Jadson — Ansiedade Somática Funcional (J26-067);maior=melhor/intenso;20;Intensidade leve — acompanhar;amber;Alguns sinais presentes, de menor intensidade. Acompanhe a evolução e reforce estratégias no cotidiano.;
j26-067;Protocolo Dr. Jadson — Ansiedade Somática Funcional (J26-067);maior=melhor/intenso;0;Pouco ou ausente;emerald;Poucos sinais relatados nesta área. Mantenha o acompanhamento de rotina.;
j26-068;Protocolo Dr. Jadson — TAG Adolescente (J26-068);maior=melhor/intenso;70;Intensidade alta — suporte significativo;red;Vários sinais presentes e intensos, com impacto no cotidiano. Recomenda-se avaliação dirigida e plano de suporte/intervenção. Triagem, não diagnóstico.;
j26-068;Protocolo Dr. Jadson — TAG Adolescente (J26-068);maior=melhor/intenso;45;Intensidade moderada — suporte indicado;orange;Sinais presentes com repercussão no dia a dia. Vale estruturar suporte/estratégias e reavaliar a resposta ao longo do tempo. Triagem, não diagnóstico.;
j26-068;Protocolo Dr. Jadson — TAG Adolescente (J26-068);maior=melhor/intenso;20;Intensidade leve — acompanhar;amber;Alguns sinais presentes, de menor intensidade. Acompanhe a evolução e reforce estratégias no cotidiano.;
j26-068;Protocolo Dr. Jadson — TAG Adolescente (J26-068);maior=melhor/intenso;0;Pouco ou ausente;emerald;Poucos sinais relatados nesta área. Mantenha o acompanhamento de rotina.;
j26-069;Protocolo Dr. Jadson — Pânico Adolescente (J26-069);maior=melhor/intenso;70;Intensidade alta — suporte significativo;red;Vários sinais presentes e intensos, com impacto no cotidiano. Recomenda-se avaliação dirigida e plano de suporte/intervenção. Triagem, não diagnóstico.;
j26-069;Protocolo Dr. Jadson — Pânico Adolescente (J26-069);maior=melhor/intenso;45;Intensidade moderada — suporte indicado;orange;Sinais presentes com repercussão no dia a dia. Vale estruturar suporte/estratégias e reavaliar a resposta ao longo do tempo. Triagem, não diagnóstico.;
j26-069;Protocolo Dr. Jadson — Pânico Adolescente (J26-069);maior=melhor/intenso;20;Intensidade leve — acompanhar;amber;Alguns sinais presentes, de menor intensidade. Acompanhe a evolução e reforce estratégias no cotidiano.;
j26-069;Protocolo Dr. Jadson — Pânico Adolescente (J26-069);maior=melhor/intenso;0;Pouco ou ausente;emerald;Poucos sinais relatados nesta área. Mantenha o acompanhamento de rotina.;
j26-070;Protocolo Dr. Jadson — Anedonia Infantil (J26-070);maior=melhor/intenso;70;Intensidade alta — suporte significativo;red;Vários sinais presentes e intensos, com impacto no cotidiano. Recomenda-se avaliação dirigida e plano de suporte/intervenção. Triagem, não diagnóstico.;
j26-070;Protocolo Dr. Jadson — Anedonia Infantil (J26-070);maior=melhor/intenso;45;Intensidade moderada — suporte indicado;orange;Sinais presentes com repercussão no dia a dia. Vale estruturar suporte/estratégias e reavaliar a resposta ao longo do tempo. Triagem, não diagnóstico.;
j26-070;Protocolo Dr. Jadson — Anedonia Infantil (J26-070);maior=melhor/intenso;20;Intensidade leve — acompanhar;amber;Alguns sinais presentes, de menor intensidade. Acompanhe a evolução e reforce estratégias no cotidiano.;
j26-070;Protocolo Dr. Jadson — Anedonia Infantil (J26-070);maior=melhor/intenso;0;Pouco ou ausente;emerald;Poucos sinais relatados nesta área. Mantenha o acompanhamento de rotina.;
j26-071;Protocolo Dr. Jadson — Ideação Suicida Criança (J26-071);maior=melhor/intenso;70;Intensidade alta — suporte significativo;red;Vários sinais presentes e intensos, com impacto no cotidiano. Recomenda-se avaliação dirigida e plano de suporte/intervenção. Triagem, não diagnóstico.;
j26-071;Protocolo Dr. Jadson — Ideação Suicida Criança (J26-071);maior=melhor/intenso;45;Intensidade moderada — suporte indicado;orange;Sinais presentes com repercussão no dia a dia. Vale estruturar suporte/estratégias e reavaliar a resposta ao longo do tempo. Triagem, não diagnóstico.;
j26-071;Protocolo Dr. Jadson — Ideação Suicida Criança (J26-071);maior=melhor/intenso;20;Intensidade leve — acompanhar;amber;Alguns sinais presentes, de menor intensidade. Acompanhe a evolução e reforce estratégias no cotidiano.;
j26-071;Protocolo Dr. Jadson — Ideação Suicida Criança (J26-071);maior=melhor/intenso;0;Pouco ou ausente;emerald;Poucos sinais relatados nesta área. Mantenha o acompanhamento de rotina.;
j26-073;Protocolo Dr. Jadson — Bipolar Triagem Criança (J26-073);maior=melhor/intenso;70;Intensidade alta — suporte significativo;red;Vários sinais presentes e intensos, com impacto no cotidiano. Recomenda-se avaliação dirigida e plano de suporte/intervenção. Triagem, não diagnóstico.;
j26-073;Protocolo Dr. Jadson — Bipolar Triagem Criança (J26-073);maior=melhor/intenso;45;Intensidade moderada — suporte indicado;orange;Sinais presentes com repercussão no dia a dia. Vale estruturar suporte/estratégias e reavaliar a resposta ao longo do tempo. Triagem, não diagnóstico.;
j26-073;Protocolo Dr. Jadson — Bipolar Triagem Criança (J26-073);maior=melhor/intenso;20;Intensidade leve — acompanhar;amber;Alguns sinais presentes, de menor intensidade. Acompanhe a evolução e reforce estratégias no cotidiano.;
j26-073;Protocolo Dr. Jadson — Bipolar Triagem Criança (J26-073);maior=melhor/intenso;0;Pouco ou ausente;emerald;Poucos sinais relatados nesta área. Mantenha o acompanhamento de rotina.;
j26-074;Protocolo Dr. Jadson — Depressão Sazonal Infantil (J26-074);maior=melhor/intenso;70;Intensidade alta — suporte significativo;red;Vários sinais presentes e intensos, com impacto no cotidiano. Recomenda-se avaliação dirigida e plano de suporte/intervenção. Triagem, não diagnóstico.;
j26-074;Protocolo Dr. Jadson — Depressão Sazonal Infantil (J26-074);maior=melhor/intenso;45;Intensidade moderada — suporte indicado;orange;Sinais presentes com repercussão no dia a dia. Vale estruturar suporte/estratégias e reavaliar a resposta ao longo do tempo. Triagem, não diagnóstico.;
j26-074;Protocolo Dr. Jadson — Depressão Sazonal Infantil (J26-074);maior=melhor/intenso;20;Intensidade leve — acompanhar;amber;Alguns sinais presentes, de menor intensidade. Acompanhe a evolução e reforce estratégias no cotidiano.;
j26-074;Protocolo Dr. Jadson — Depressão Sazonal Infantil (J26-074);maior=melhor/intenso;0;Pouco ou ausente;emerald;Poucos sinais relatados nesta área. Mantenha o acompanhamento de rotina.;
j26-075;Protocolo Dr. Jadson — Luto e Perda Infantil (J26-075);maior=melhor/intenso;70;Intensidade alta — suporte significativo;red;Vários sinais presentes e intensos, com impacto no cotidiano. Recomenda-se avaliação dirigida e plano de suporte/intervenção. Triagem, não diagnóstico.;
j26-075;Protocolo Dr. Jadson — Luto e Perda Infantil (J26-075);maior=melhor/intenso;45;Intensidade moderada — suporte indicado;orange;Sinais presentes com repercussão no dia a dia. Vale estruturar suporte/estratégias e reavaliar a resposta ao longo do tempo. Triagem, não diagnóstico.;
j26-075;Protocolo Dr. Jadson — Luto e Perda Infantil (J26-075);maior=melhor/intenso;20;Intensidade leve — acompanhar;amber;Alguns sinais presentes, de menor intensidade. Acompanhe a evolução e reforce estratégias no cotidiano.;
j26-075;Protocolo Dr. Jadson — Luto e Perda Infantil (J26-075);maior=melhor/intenso;0;Pouco ou ausente;emerald;Poucos sinais relatados nesta área. Mantenha o acompanhamento de rotina.;
j26-076;Protocolo Dr. Jadson — Autoestima Infantil (J26-076);maior=melhor/intenso;85;Desenvolvimento adequado para a idade;emerald;A maioria dos marcos esperados está presente. Mantenha o acompanhamento de rotina e a estimulação no dia a dia. Triagem não substitui avaliação clínica.;
j26-076;Protocolo Dr. Jadson — Autoestima Infantil (J26-076);maior=melhor/intenso;65;Em desenvolvimento — vigiar e reavaliar;amber;Vários marcos já aparecem, mas alguns ainda estão emergindo. Reforce a estimulação e reavalie em 1–2 meses. Se houver outros sinais de alerta, antecipe a avaliação.;
j26-076;Protocolo Dr. Jadson — Autoestima Infantil (J26-076);maior=melhor/intenso;45;Sinais de alerta — reavaliar em curto prazo;orange;Há marcos importantes ainda ausentes para a faixa etária. Recomenda-se reavaliação dirigida em curto prazo e considerar encaminhamento para estimulação/avaliação especializada.;
j26-076;Protocolo Dr. Jadson — Autoestima Infantil (J26-076);maior=melhor/intenso;0;Atraso provável — investigar e encaminhar;red;Muitos marcos esperados estão ausentes. Recomenda-se investigação e encaminhamento para avaliação especializada (neuropediatria e/ou terapias). Esta é uma triagem, não um diagnóstico.;
j26-077;Protocolo Dr. Jadson — Desesperança Infantil (J26-077);maior=melhor/intenso;70;Intensidade alta — suporte significativo;red;Vários sinais presentes e intensos, com impacto no cotidiano. Recomenda-se avaliação dirigida e plano de suporte/intervenção. Triagem, não diagnóstico.;
j26-077;Protocolo Dr. Jadson — Desesperança Infantil (J26-077);maior=melhor/intenso;45;Intensidade moderada — suporte indicado;orange;Sinais presentes com repercussão no dia a dia. Vale estruturar suporte/estratégias e reavaliar a resposta ao longo do tempo. Triagem, não diagnóstico.;
j26-077;Protocolo Dr. Jadson — Desesperança Infantil (J26-077);maior=melhor/intenso;20;Intensidade leve — acompanhar;amber;Alguns sinais presentes, de menor intensidade. Acompanhe a evolução e reforce estratégias no cotidiano.;
j26-077;Protocolo Dr. Jadson — Desesperança Infantil (J26-077);maior=melhor/intenso;0;Pouco ou ausente;emerald;Poucos sinais relatados nesta área. Mantenha o acompanhamento de rotina.;
j26-078;Protocolo Dr. Jadson — Depressão Pós-COVID Infantil (J26-078);maior=melhor/intenso;70;Intensidade alta — suporte significativo;red;Vários sinais presentes e intensos, com impacto no cotidiano. Recomenda-se avaliação dirigida e plano de suporte/intervenção. Triagem, não diagnóstico.;
j26-078;Protocolo Dr. Jadson — Depressão Pós-COVID Infantil (J26-078);maior=melhor/intenso;45;Intensidade moderada — suporte indicado;orange;Sinais presentes com repercussão no dia a dia. Vale estruturar suporte/estratégias e reavaliar a resposta ao longo do tempo. Triagem, não diagnóstico.;
j26-078;Protocolo Dr. Jadson — Depressão Pós-COVID Infantil (J26-078);maior=melhor/intenso;20;Intensidade leve — acompanhar;amber;Alguns sinais presentes, de menor intensidade. Acompanhe a evolução e reforce estratégias no cotidiano.;
j26-078;Protocolo Dr. Jadson — Depressão Pós-COVID Infantil (J26-078);maior=melhor/intenso;0;Pouco ou ausente;emerald;Poucos sinais relatados nesta área. Mantenha o acompanhamento de rotina.;
j26-079;Protocolo Dr. Jadson — Sintomas Depressivos Físicos (J26-079);maior=melhor/intenso;70;Intensidade alta — suporte significativo;red;Vários sinais presentes e intensos, com impacto no cotidiano. Recomenda-se avaliação dirigida e plano de suporte/intervenção. Triagem, não diagnóstico.;
j26-079;Protocolo Dr. Jadson — Sintomas Depressivos Físicos (J26-079);maior=melhor/intenso;45;Intensidade moderada — suporte indicado;orange;Sinais presentes com repercussão no dia a dia. Vale estruturar suporte/estratégias e reavaliar a resposta ao longo do tempo. Triagem, não diagnóstico.;
j26-079;Protocolo Dr. Jadson — Sintomas Depressivos Físicos (J26-079);maior=melhor/intenso;20;Intensidade leve — acompanhar;amber;Alguns sinais presentes, de menor intensidade. Acompanhe a evolução e reforce estratégias no cotidiano.;
j26-079;Protocolo Dr. Jadson — Sintomas Depressivos Físicos (J26-079);maior=melhor/intenso;0;Pouco ou ausente;emerald;Poucos sinais relatados nesta área. Mantenha o acompanhamento de rotina.;
j26-080;Protocolo Dr. Jadson — Depressão Mascarada Adolescente (J26-080);maior=melhor/intenso;70;Intensidade alta — suporte significativo;red;Vários sinais presentes e intensos, com impacto no cotidiano. Recomenda-se avaliação dirigida e plano de suporte/intervenção. Triagem, não diagnóstico.;
j26-080;Protocolo Dr. Jadson — Depressão Mascarada Adolescente (J26-080);maior=melhor/intenso;45;Intensidade moderada — suporte indicado;orange;Sinais presentes com repercussão no dia a dia. Vale estruturar suporte/estratégias e reavaliar a resposta ao longo do tempo. Triagem, não diagnóstico.;
j26-080;Protocolo Dr. Jadson — Depressão Mascarada Adolescente (J26-080);maior=melhor/intenso;20;Intensidade leve — acompanhar;amber;Alguns sinais presentes, de menor intensidade. Acompanhe a evolução e reforce estratégias no cotidiano.;
j26-080;Protocolo Dr. Jadson — Depressão Mascarada Adolescente (J26-080);maior=melhor/intenso;0;Pouco ou ausente;emerald;Poucos sinais relatados nesta área. Mantenha o acompanhamento de rotina.;
j26-081;Protocolo Dr. Jadson — Impacto Funcional Depressão (J26-081);maior=melhor/intenso;70;Intensidade alta — suporte significativo;red;Vários sinais presentes e intensos, com impacto no cotidiano. Recomenda-se avaliação dirigida e plano de suporte/intervenção. Triagem, não diagnóstico.;
j26-081;Protocolo Dr. Jadson — Impacto Funcional Depressão (J26-081);maior=melhor/intenso;45;Intensidade moderada — suporte indicado;orange;Sinais presentes com repercussão no dia a dia. Vale estruturar suporte/estratégias e reavaliar a resposta ao longo do tempo. Triagem, não diagnóstico.;
j26-081;Protocolo Dr. Jadson — Impacto Funcional Depressão (J26-081);maior=melhor/intenso;20;Intensidade leve — acompanhar;amber;Alguns sinais presentes, de menor intensidade. Acompanhe a evolução e reforce estratégias no cotidiano.;
j26-081;Protocolo Dr. Jadson — Impacto Funcional Depressão (J26-081);maior=melhor/intenso;0;Pouco ou ausente;emerald;Poucos sinais relatados nesta área. Mantenha o acompanhamento de rotina.;
j26-082;Protocolo Dr. Jadson — Linguagem Pragmática Escolar (J26-082);maior=melhor/intenso;85;Desenvolvimento adequado para a idade;emerald;A maioria dos marcos esperados está presente. Mantenha o acompanhamento de rotina e a estimulação no dia a dia. Triagem não substitui avaliação clínica.;
j26-082;Protocolo Dr. Jadson — Linguagem Pragmática Escolar (J26-082);maior=melhor/intenso;65;Em desenvolvimento — vigiar e reavaliar;amber;Vários marcos já aparecem, mas alguns ainda estão emergindo. Reforce a estimulação e reavalie em 1–2 meses. Se houver outros sinais de alerta, antecipe a avaliação.;
j26-082;Protocolo Dr. Jadson — Linguagem Pragmática Escolar (J26-082);maior=melhor/intenso;45;Sinais de alerta — reavaliar em curto prazo;orange;Há marcos importantes ainda ausentes para a faixa etária. Recomenda-se reavaliação dirigida em curto prazo e considerar encaminhamento para estimulação/avaliação especializada.;
j26-082;Protocolo Dr. Jadson — Linguagem Pragmática Escolar (J26-082);maior=melhor/intenso;0;Atraso provável — investigar e encaminhar;red;Muitos marcos esperados estão ausentes. Recomenda-se investigação e encaminhamento para avaliação especializada (neuropediatria e/ou terapias). Esta é uma triagem, não um diagnóstico.;
j26-083;Protocolo Dr. Jadson — Narrativa Oral Infantil (J26-083);maior=melhor/intenso;85;Desenvolvimento adequado para a idade;emerald;A maioria dos marcos esperados está presente. Mantenha o acompanhamento de rotina e a estimulação no dia a dia. Triagem não substitui avaliação clínica.;
j26-083;Protocolo Dr. Jadson — Narrativa Oral Infantil (J26-083);maior=melhor/intenso;65;Em desenvolvimento — vigiar e reavaliar;amber;Vários marcos já aparecem, mas alguns ainda estão emergindo. Reforce a estimulação e reavalie em 1–2 meses. Se houver outros sinais de alerta, antecipe a avaliação.;
j26-083;Protocolo Dr. Jadson — Narrativa Oral Infantil (J26-083);maior=melhor/intenso;45;Sinais de alerta — reavaliar em curto prazo;orange;Há marcos importantes ainda ausentes para a faixa etária. Recomenda-se reavaliação dirigida em curto prazo e considerar encaminhamento para estimulação/avaliação especializada.;
j26-083;Protocolo Dr. Jadson — Narrativa Oral Infantil (J26-083);maior=melhor/intenso;0;Atraso provável — investigar e encaminhar;red;Muitos marcos esperados estão ausentes. Recomenda-se investigação e encaminhamento para avaliação especializada (neuropediatria e/ou terapias). Esta é uma triagem, não um diagnóstico.;
j26-084;Protocolo Dr. Jadson — Consciência Fonológica Expandida (J26-084);maior=melhor/intenso;85;Desenvolvimento adequado para a idade;emerald;A maioria dos marcos esperados está presente. Mantenha o acompanhamento de rotina e a estimulação no dia a dia. Triagem não substitui avaliação clínica.;
j26-084;Protocolo Dr. Jadson — Consciência Fonológica Expandida (J26-084);maior=melhor/intenso;65;Em desenvolvimento — vigiar e reavaliar;amber;Vários marcos já aparecem, mas alguns ainda estão emergindo. Reforce a estimulação e reavalie em 1–2 meses. Se houver outros sinais de alerta, antecipe a avaliação.;
j26-084;Protocolo Dr. Jadson — Consciência Fonológica Expandida (J26-084);maior=melhor/intenso;45;Sinais de alerta — reavaliar em curto prazo;orange;Há marcos importantes ainda ausentes para a faixa etária. Recomenda-se reavaliação dirigida em curto prazo e considerar encaminhamento para estimulação/avaliação especializada.;
j26-084;Protocolo Dr. Jadson — Consciência Fonológica Expandida (J26-084);maior=melhor/intenso;0;Atraso provável — investigar e encaminhar;red;Muitos marcos esperados estão ausentes. Recomenda-se investigação e encaminhamento para avaliação especializada (neuropediatria e/ou terapias). Esta é uma triagem, não um diagnóstico.;
j26-085;Protocolo Dr. Jadson — Vocabulário em Profundidade (J26-085);maior=melhor/intenso;85;Desenvolvimento adequado para a idade;emerald;A maioria dos marcos esperados está presente. Mantenha o acompanhamento de rotina e a estimulação no dia a dia. Triagem não substitui avaliação clínica.;
j26-085;Protocolo Dr. Jadson — Vocabulário em Profundidade (J26-085);maior=melhor/intenso;65;Em desenvolvimento — vigiar e reavaliar;amber;Vários marcos já aparecem, mas alguns ainda estão emergindo. Reforce a estimulação e reavalie em 1–2 meses. Se houver outros sinais de alerta, antecipe a avaliação.;
j26-085;Protocolo Dr. Jadson — Vocabulário em Profundidade (J26-085);maior=melhor/intenso;45;Sinais de alerta — reavaliar em curto prazo;orange;Há marcos importantes ainda ausentes para a faixa etária. Recomenda-se reavaliação dirigida em curto prazo e considerar encaminhamento para estimulação/avaliação especializada.;
j26-085;Protocolo Dr. Jadson — Vocabulário em Profundidade (J26-085);maior=melhor/intenso;0;Atraso provável — investigar e encaminhar;red;Muitos marcos esperados estão ausentes. Recomenda-se investigação e encaminhamento para avaliação especializada (neuropediatria e/ou terapias). Esta é uma triagem, não um diagnóstico.;
j26-086;Protocolo Dr. Jadson — Fluência Verbal Criança (J26-086);maior=melhor/intenso;85;Desenvolvimento adequado para a idade;emerald;A maioria dos marcos esperados está presente. Mantenha o acompanhamento de rotina e a estimulação no dia a dia. Triagem não substitui avaliação clínica.;
j26-086;Protocolo Dr. Jadson — Fluência Verbal Criança (J26-086);maior=melhor/intenso;65;Em desenvolvimento — vigiar e reavaliar;amber;Vários marcos já aparecem, mas alguns ainda estão emergindo. Reforce a estimulação e reavalie em 1–2 meses. Se houver outros sinais de alerta, antecipe a avaliação.;
j26-086;Protocolo Dr. Jadson — Fluência Verbal Criança (J26-086);maior=melhor/intenso;45;Sinais de alerta — reavaliar em curto prazo;orange;Há marcos importantes ainda ausentes para a faixa etária. Recomenda-se reavaliação dirigida em curto prazo e considerar encaminhamento para estimulação/avaliação especializada.;
j26-086;Protocolo Dr. Jadson — Fluência Verbal Criança (J26-086);maior=melhor/intenso;0;Atraso provável — investigar e encaminhar;red;Muitos marcos esperados estão ausentes. Recomenda-se investigação e encaminhamento para avaliação especializada (neuropediatria e/ou terapias). Esta é uma triagem, não um diagnóstico.;
j26-087;Protocolo Dr. Jadson — Gagueira Expandida (J26-087);maior=melhor/intenso;70;Intensidade alta — suporte significativo;red;Vários sinais presentes e intensos, com impacto no cotidiano. Recomenda-se avaliação dirigida e plano de suporte/intervenção. Triagem, não diagnóstico.;
j26-087;Protocolo Dr. Jadson — Gagueira Expandida (J26-087);maior=melhor/intenso;45;Intensidade moderada — suporte indicado;orange;Sinais presentes com repercussão no dia a dia. Vale estruturar suporte/estratégias e reavaliar a resposta ao longo do tempo. Triagem, não diagnóstico.;
j26-087;Protocolo Dr. Jadson — Gagueira Expandida (J26-087);maior=melhor/intenso;20;Intensidade leve — acompanhar;amber;Alguns sinais presentes, de menor intensidade. Acompanhe a evolução e reforce estratégias no cotidiano.;
j26-087;Protocolo Dr. Jadson — Gagueira Expandida (J26-087);maior=melhor/intenso;0;Pouco ou ausente;emerald;Poucos sinais relatados nesta área. Mantenha o acompanhamento de rotina.;
j26-088;Protocolo Dr. Jadson — Linguagem Bilíngue NE (J26-088);maior=melhor/intenso;70;Intensidade alta — suporte significativo;red;Vários sinais presentes e intensos, com impacto no cotidiano. Recomenda-se avaliação dirigida e plano de suporte/intervenção. Triagem, não diagnóstico.;
j26-088;Protocolo Dr. Jadson — Linguagem Bilíngue NE (J26-088);maior=melhor/intenso;45;Intensidade moderada — suporte indicado;orange;Sinais presentes com repercussão no dia a dia. Vale estruturar suporte/estratégias e reavaliar a resposta ao longo do tempo. Triagem, não diagnóstico.;
j26-088;Protocolo Dr. Jadson — Linguagem Bilíngue NE (J26-088);maior=melhor/intenso;20;Intensidade leve — acompanhar;amber;Alguns sinais presentes, de menor intensidade. Acompanhe a evolução e reforce estratégias no cotidiano.;
j26-088;Protocolo Dr. Jadson — Linguagem Bilíngue NE (J26-088);maior=melhor/intenso;0;Pouco ou ausente;emerald;Poucos sinais relatados nesta área. Mantenha o acompanhamento de rotina.;
j26-089;Protocolo Dr. Jadson — CAA Necessidades (J26-089);maior=melhor/intenso;85;Desenvolvimento adequado para a idade;emerald;A maioria dos marcos esperados está presente. Mantenha o acompanhamento de rotina e a estimulação no dia a dia. Triagem não substitui avaliação clínica.;
j26-089;Protocolo Dr. Jadson — CAA Necessidades (J26-089);maior=melhor/intenso;65;Em desenvolvimento — vigiar e reavaliar;amber;Vários marcos já aparecem, mas alguns ainda estão emergindo. Reforce a estimulação e reavalie em 1–2 meses. Se houver outros sinais de alerta, antecipe a avaliação.;
j26-089;Protocolo Dr. Jadson — CAA Necessidades (J26-089);maior=melhor/intenso;45;Sinais de alerta — reavaliar em curto prazo;orange;Há marcos importantes ainda ausentes para a faixa etária. Recomenda-se reavaliação dirigida em curto prazo e considerar encaminhamento para estimulação/avaliação especializada.;
j26-089;Protocolo Dr. Jadson — CAA Necessidades (J26-089);maior=melhor/intenso;0;Atraso provável — investigar e encaminhar;red;Muitos marcos esperados estão ausentes. Recomenda-se investigação e encaminhamento para avaliação especializada (neuropediatria e/ou terapias). Esta é uma triagem, não um diagnóstico.;
j26-090;Protocolo Dr. Jadson — Compreensão Oral Complexa (J26-090);maior=melhor/intenso;85;Desenvolvimento adequado para a idade;emerald;A maioria dos marcos esperados está presente. Mantenha o acompanhamento de rotina e a estimulação no dia a dia. Triagem não substitui avaliação clínica.;
j26-090;Protocolo Dr. Jadson — Compreensão Oral Complexa (J26-090);maior=melhor/intenso;65;Em desenvolvimento — vigiar e reavaliar;amber;Vários marcos já aparecem, mas alguns ainda estão emergindo. Reforce a estimulação e reavalie em 1–2 meses. Se houver outros sinais de alerta, antecipe a avaliação.;
j26-090;Protocolo Dr. Jadson — Compreensão Oral Complexa (J26-090);maior=melhor/intenso;45;Sinais de alerta — reavaliar em curto prazo;orange;Há marcos importantes ainda ausentes para a faixa etária. Recomenda-se reavaliação dirigida em curto prazo e considerar encaminhamento para estimulação/avaliação especializada.;
j26-090;Protocolo Dr. Jadson — Compreensão Oral Complexa (J26-090);maior=melhor/intenso;0;Atraso provável — investigar e encaminhar;red;Muitos marcos esperados estão ausentes. Recomenda-se investigação e encaminhamento para avaliação especializada (neuropediatria e/ou terapias). Esta é uma triagem, não um diagnóstico.;
j26-091;Protocolo Dr. Jadson — Triagem Linguagem 18-36 Meses (J26-091);maior=melhor/intenso;85;Desenvolvimento adequado para a idade;emerald;A maioria dos marcos esperados está presente. Mantenha o acompanhamento de rotina e a estimulação no dia a dia. Triagem não substitui avaliação clínica.;
j26-091;Protocolo Dr. Jadson — Triagem Linguagem 18-36 Meses (J26-091);maior=melhor/intenso;65;Em desenvolvimento — vigiar e reavaliar;amber;Vários marcos já aparecem, mas alguns ainda estão emergindo. Reforce a estimulação e reavalie em 1–2 meses. Se houver outros sinais de alerta, antecipe a avaliação.;
j26-091;Protocolo Dr. Jadson — Triagem Linguagem 18-36 Meses (J26-091);maior=melhor/intenso;45;Sinais de alerta — reavaliar em curto prazo;orange;Há marcos importantes ainda ausentes para a faixa etária. Recomenda-se reavaliação dirigida em curto prazo e considerar encaminhamento para estimulação/avaliação especializada.;
j26-091;Protocolo Dr. Jadson — Triagem Linguagem 18-36 Meses (J26-091);maior=melhor/intenso;0;Atraso provável — investigar e encaminhar;red;Muitos marcos esperados estão ausentes. Recomenda-se investigação e encaminhamento para avaliação especializada (neuropediatria e/ou terapias). Esta é uma triagem, não um diagnóstico.;
j26-092;Protocolo Dr. Jadson — Discurso e Linguagem Escolar (J26-092);maior=melhor/intenso;85;Desenvolvimento adequado para a idade;emerald;A maioria dos marcos esperados está presente. Mantenha o acompanhamento de rotina e a estimulação no dia a dia. Triagem não substitui avaliação clínica.;
j26-092;Protocolo Dr. Jadson — Discurso e Linguagem Escolar (J26-092);maior=melhor/intenso;65;Em desenvolvimento — vigiar e reavaliar;amber;Vários marcos já aparecem, mas alguns ainda estão emergindo. Reforce a estimulação e reavalie em 1–2 meses. Se houver outros sinais de alerta, antecipe a avaliação.;
j26-092;Protocolo Dr. Jadson — Discurso e Linguagem Escolar (J26-092);maior=melhor/intenso;45;Sinais de alerta — reavaliar em curto prazo;orange;Há marcos importantes ainda ausentes para a faixa etária. Recomenda-se reavaliação dirigida em curto prazo e considerar encaminhamento para estimulação/avaliação especializada.;
j26-092;Protocolo Dr. Jadson — Discurso e Linguagem Escolar (J26-092);maior=melhor/intenso;0;Atraso provável — investigar e encaminhar;red;Muitos marcos esperados estão ausentes. Recomenda-se investigação e encaminhamento para avaliação especializada (neuropediatria e/ou terapias). Esta é uma triagem, não um diagnóstico.;
j26-093;Protocolo Dr. Jadson — Prosódia e Entonação (J26-093);maior=melhor/intenso;85;Desenvolvimento adequado para a idade;emerald;A maioria dos marcos esperados está presente. Mantenha o acompanhamento de rotina e a estimulação no dia a dia. Triagem não substitui avaliação clínica.;
j26-093;Protocolo Dr. Jadson — Prosódia e Entonação (J26-093);maior=melhor/intenso;65;Em desenvolvimento — vigiar e reavaliar;amber;Vários marcos já aparecem, mas alguns ainda estão emergindo. Reforce a estimulação e reavalie em 1–2 meses. Se houver outros sinais de alerta, antecipe a avaliação.;
j26-093;Protocolo Dr. Jadson — Prosódia e Entonação (J26-093);maior=melhor/intenso;45;Sinais de alerta — reavaliar em curto prazo;orange;Há marcos importantes ainda ausentes para a faixa etária. Recomenda-se reavaliação dirigida em curto prazo e considerar encaminhamento para estimulação/avaliação especializada.;
j26-093;Protocolo Dr. Jadson — Prosódia e Entonação (J26-093);maior=melhor/intenso;0;Atraso provável — investigar e encaminhar;red;Muitos marcos esperados estão ausentes. Recomenda-se investigação e encaminhamento para avaliação especializada (neuropediatria e/ou terapias). Esta é uma triagem, não um diagnóstico.;
j26-094;Protocolo Dr. Jadson — Fluência de Leitura (J26-094);maior=melhor/intenso;85;Desenvolvimento adequado para a idade;emerald;A maioria dos marcos esperados está presente. Mantenha o acompanhamento de rotina e a estimulação no dia a dia. Triagem não substitui avaliação clínica.;
j26-094;Protocolo Dr. Jadson — Fluência de Leitura (J26-094);maior=melhor/intenso;65;Em desenvolvimento — vigiar e reavaliar;amber;Vários marcos já aparecem, mas alguns ainda estão emergindo. Reforce a estimulação e reavalie em 1–2 meses. Se houver outros sinais de alerta, antecipe a avaliação.;
j26-094;Protocolo Dr. Jadson — Fluência de Leitura (J26-094);maior=melhor/intenso;45;Sinais de alerta — reavaliar em curto prazo;orange;Há marcos importantes ainda ausentes para a faixa etária. Recomenda-se reavaliação dirigida em curto prazo e considerar encaminhamento para estimulação/avaliação especializada.;
j26-094;Protocolo Dr. Jadson — Fluência de Leitura (J26-094);maior=melhor/intenso;0;Atraso provável — investigar e encaminhar;red;Muitos marcos esperados estão ausentes. Recomenda-se investigação e encaminhamento para avaliação especializada (neuropediatria e/ou terapias). Esta é uma triagem, não um diagnóstico.;
j26-095;Protocolo Dr. Jadson — Padrão de Erros Ortográficos (J26-095);maior=melhor/intenso;70;Intensidade alta — suporte significativo;red;Vários sinais presentes e intensos, com impacto no cotidiano. Recomenda-se avaliação dirigida e plano de suporte/intervenção. Triagem, não diagnóstico.;
j26-095;Protocolo Dr. Jadson — Padrão de Erros Ortográficos (J26-095);maior=melhor/intenso;45;Intensidade moderada — suporte indicado;orange;Sinais presentes com repercussão no dia a dia. Vale estruturar suporte/estratégias e reavaliar a resposta ao longo do tempo. Triagem, não diagnóstico.;
j26-095;Protocolo Dr. Jadson — Padrão de Erros Ortográficos (J26-095);maior=melhor/intenso;20;Intensidade leve — acompanhar;amber;Alguns sinais presentes, de menor intensidade. Acompanhe a evolução e reforce estratégias no cotidiano.;
j26-095;Protocolo Dr. Jadson — Padrão de Erros Ortográficos (J26-095);maior=melhor/intenso;0;Pouco ou ausente;emerald;Poucos sinais relatados nesta área. Mantenha o acompanhamento de rotina.;
j26-096;Protocolo Dr. Jadson — Ansiedade Matemática (J26-096);maior=melhor/intenso;70;Intensidade alta — suporte significativo;red;Vários sinais presentes e intensos, com impacto no cotidiano. Recomenda-se avaliação dirigida e plano de suporte/intervenção. Triagem, não diagnóstico.;
j26-096;Protocolo Dr. Jadson — Ansiedade Matemática (J26-096);maior=melhor/intenso;45;Intensidade moderada — suporte indicado;orange;Sinais presentes com repercussão no dia a dia. Vale estruturar suporte/estratégias e reavaliar a resposta ao longo do tempo. Triagem, não diagnóstico.;
j26-096;Protocolo Dr. Jadson — Ansiedade Matemática (J26-096);maior=melhor/intenso;20;Intensidade leve — acompanhar;amber;Alguns sinais presentes, de menor intensidade. Acompanhe a evolução e reforce estratégias no cotidiano.;
j26-096;Protocolo Dr. Jadson — Ansiedade Matemática (J26-096);maior=melhor/intenso;0;Pouco ou ausente;emerald;Poucos sinais relatados nesta área. Mantenha o acompanhamento de rotina.;
j26-097;Protocolo Dr. Jadson — Expressão Escrita (J26-097);maior=melhor/intenso;85;Desenvolvimento adequado para a idade;emerald;A maioria dos marcos esperados está presente. Mantenha o acompanhamento de rotina e a estimulação no dia a dia. Triagem não substitui avaliação clínica.;
j26-097;Protocolo Dr. Jadson — Expressão Escrita (J26-097);maior=melhor/intenso;65;Em desenvolvimento — vigiar e reavaliar;amber;Vários marcos já aparecem, mas alguns ainda estão emergindo. Reforce a estimulação e reavalie em 1–2 meses. Se houver outros sinais de alerta, antecipe a avaliação.;
j26-097;Protocolo Dr. Jadson — Expressão Escrita (J26-097);maior=melhor/intenso;45;Sinais de alerta — reavaliar em curto prazo;orange;Há marcos importantes ainda ausentes para a faixa etária. Recomenda-se reavaliação dirigida em curto prazo e considerar encaminhamento para estimulação/avaliação especializada.;
j26-097;Protocolo Dr. Jadson — Expressão Escrita (J26-097);maior=melhor/intenso;0;Atraso provável — investigar e encaminhar;red;Muitos marcos esperados estão ausentes. Recomenda-se investigação e encaminhamento para avaliação especializada (neuropediatria e/ou terapias). Esta é uma triagem, não um diagnóstico.;
j26-098;Protocolo Dr. Jadson — Habilidades de Estudo (J26-098);maior=melhor/intenso;85;Desenvolvimento adequado para a idade;emerald;A maioria dos marcos esperados está presente. Mantenha o acompanhamento de rotina e a estimulação no dia a dia. Triagem não substitui avaliação clínica.;
j26-098;Protocolo Dr. Jadson — Habilidades de Estudo (J26-098);maior=melhor/intenso;65;Em desenvolvimento — vigiar e reavaliar;amber;Vários marcos já aparecem, mas alguns ainda estão emergindo. Reforce a estimulação e reavalie em 1–2 meses. Se houver outros sinais de alerta, antecipe a avaliação.;
j26-098;Protocolo Dr. Jadson — Habilidades de Estudo (J26-098);maior=melhor/intenso;45;Sinais de alerta — reavaliar em curto prazo;orange;Há marcos importantes ainda ausentes para a faixa etária. Recomenda-se reavaliação dirigida em curto prazo e considerar encaminhamento para estimulação/avaliação especializada.;
j26-098;Protocolo Dr. Jadson — Habilidades de Estudo (J26-098);maior=melhor/intenso;0;Atraso provável — investigar e encaminhar;red;Muitos marcos esperados estão ausentes. Recomenda-se investigação e encaminhamento para avaliação especializada (neuropediatria e/ou terapias). Esta é uma triagem, não um diagnóstico.;
j26-099;Protocolo Dr. Jadson — Motivação Escolar (J26-099);maior=melhor/intenso;85;Desenvolvimento adequado para a idade;emerald;A maioria dos marcos esperados está presente. Mantenha o acompanhamento de rotina e a estimulação no dia a dia. Triagem não substitui avaliação clínica.;
j26-099;Protocolo Dr. Jadson — Motivação Escolar (J26-099);maior=melhor/intenso;65;Em desenvolvimento — vigiar e reavaliar;amber;Vários marcos já aparecem, mas alguns ainda estão emergindo. Reforce a estimulação e reavalie em 1–2 meses. Se houver outros sinais de alerta, antecipe a avaliação.;
j26-099;Protocolo Dr. Jadson — Motivação Escolar (J26-099);maior=melhor/intenso;45;Sinais de alerta — reavaliar em curto prazo;orange;Há marcos importantes ainda ausentes para a faixa etária. Recomenda-se reavaliação dirigida em curto prazo e considerar encaminhamento para estimulação/avaliação especializada.;
j26-099;Protocolo Dr. Jadson — Motivação Escolar (J26-099);maior=melhor/intenso;0;Atraso provável — investigar e encaminhar;red;Muitos marcos esperados estão ausentes. Recomenda-se investigação e encaminhamento para avaliação especializada (neuropediatria e/ou terapias). Esta é uma triagem, não um diagnóstico.;
j26-100;Protocolo Dr. Jadson — Dislexia Risco (J26-100);maior=melhor/intenso;70;Intensidade alta — suporte significativo;red;Vários sinais presentes e intensos, com impacto no cotidiano. Recomenda-se avaliação dirigida e plano de suporte/intervenção. Triagem, não diagnóstico.;
j26-100;Protocolo Dr. Jadson — Dislexia Risco (J26-100);maior=melhor/intenso;45;Intensidade moderada — suporte indicado;orange;Sinais presentes com repercussão no dia a dia. Vale estruturar suporte/estratégias e reavaliar a resposta ao longo do tempo. Triagem, não diagnóstico.;
j26-100;Protocolo Dr. Jadson — Dislexia Risco (J26-100);maior=melhor/intenso;20;Intensidade leve — acompanhar;amber;Alguns sinais presentes, de menor intensidade. Acompanhe a evolução e reforce estratégias no cotidiano.;
j26-100;Protocolo Dr. Jadson — Dislexia Risco (J26-100);maior=melhor/intenso;0;Pouco ou ausente;emerald;Poucos sinais relatados nesta área. Mantenha o acompanhamento de rotina.;
j26-101;Protocolo Dr. Jadson — Discalculia Triagem (J26-101);maior=melhor/intenso;85;Desenvolvimento adequado para a idade;emerald;A maioria dos marcos esperados está presente. Mantenha o acompanhamento de rotina e a estimulação no dia a dia. Triagem não substitui avaliação clínica.;
j26-101;Protocolo Dr. Jadson — Discalculia Triagem (J26-101);maior=melhor/intenso;65;Em desenvolvimento — vigiar e reavaliar;amber;Vários marcos já aparecem, mas alguns ainda estão emergindo. Reforce a estimulação e reavalie em 1–2 meses. Se houver outros sinais de alerta, antecipe a avaliação.;
j26-101;Protocolo Dr. Jadson — Discalculia Triagem (J26-101);maior=melhor/intenso;45;Sinais de alerta — reavaliar em curto prazo;orange;Há marcos importantes ainda ausentes para a faixa etária. Recomenda-se reavaliação dirigida em curto prazo e considerar encaminhamento para estimulação/avaliação especializada.;
j26-101;Protocolo Dr. Jadson — Discalculia Triagem (J26-101);maior=melhor/intenso;0;Atraso provável — investigar e encaminhar;red;Muitos marcos esperados estão ausentes. Recomenda-se investigação e encaminhamento para avaliação especializada (neuropediatria e/ou terapias). Esta é uma triagem, não um diagnóstico.;
j26-102;Protocolo Dr. Jadson — Dificuldade de Cópia e Ditado (J26-102);maior=melhor/intenso;85;Desenvolvimento adequado para a idade;emerald;A maioria dos marcos esperados está presente. Mantenha o acompanhamento de rotina e a estimulação no dia a dia. Triagem não substitui avaliação clínica.;
j26-102;Protocolo Dr. Jadson — Dificuldade de Cópia e Ditado (J26-102);maior=melhor/intenso;65;Em desenvolvimento — vigiar e reavaliar;amber;Vários marcos já aparecem, mas alguns ainda estão emergindo. Reforce a estimulação e reavalie em 1–2 meses. Se houver outros sinais de alerta, antecipe a avaliação.;
j26-102;Protocolo Dr. Jadson — Dificuldade de Cópia e Ditado (J26-102);maior=melhor/intenso;45;Sinais de alerta — reavaliar em curto prazo;orange;Há marcos importantes ainda ausentes para a faixa etária. Recomenda-se reavaliação dirigida em curto prazo e considerar encaminhamento para estimulação/avaliação especializada.;
j26-102;Protocolo Dr. Jadson — Dificuldade de Cópia e Ditado (J26-102);maior=melhor/intenso;0;Atraso provável — investigar e encaminhar;red;Muitos marcos esperados estão ausentes. Recomenda-se investigação e encaminhamento para avaliação especializada (neuropediatria e/ou terapias). Esta é uma triagem, não um diagnóstico.;
j26-103;Protocolo Dr. Jadson — Comportamento Dever de Casa (J26-103);maior=melhor/intenso;70;Intensidade alta — suporte significativo;red;Vários sinais presentes e intensos, com impacto no cotidiano. Recomenda-se avaliação dirigida e plano de suporte/intervenção. Triagem, não diagnóstico.;
j26-103;Protocolo Dr. Jadson — Comportamento Dever de Casa (J26-103);maior=melhor/intenso;45;Intensidade moderada — suporte indicado;orange;Sinais presentes com repercussão no dia a dia. Vale estruturar suporte/estratégias e reavaliar a resposta ao longo do tempo. Triagem, não diagnóstico.;
j26-103;Protocolo Dr. Jadson — Comportamento Dever de Casa (J26-103);maior=melhor/intenso;20;Intensidade leve — acompanhar;amber;Alguns sinais presentes, de menor intensidade. Acompanhe a evolução e reforce estratégias no cotidiano.;
j26-103;Protocolo Dr. Jadson — Comportamento Dever de Casa (J26-103);maior=melhor/intenso;0;Pouco ou ausente;emerald;Poucos sinais relatados nesta área. Mantenha o acompanhamento de rotina.;
j26-104;Protocolo Dr. Jadson — Inclusão Escolar TEA/TDAH (J26-104);maior=melhor/intenso;85;Desenvolvimento adequado para a idade;emerald;A maioria dos marcos esperados está presente. Mantenha o acompanhamento de rotina e a estimulação no dia a dia. Triagem não substitui avaliação clínica.;
j26-104;Protocolo Dr. Jadson — Inclusão Escolar TEA/TDAH (J26-104);maior=melhor/intenso;65;Em desenvolvimento — vigiar e reavaliar;amber;Vários marcos já aparecem, mas alguns ainda estão emergindo. Reforce a estimulação e reavalie em 1–2 meses. Se houver outros sinais de alerta, antecipe a avaliação.;
j26-104;Protocolo Dr. Jadson — Inclusão Escolar TEA/TDAH (J26-104);maior=melhor/intenso;45;Sinais de alerta — reavaliar em curto prazo;orange;Há marcos importantes ainda ausentes para a faixa etária. Recomenda-se reavaliação dirigida em curto prazo e considerar encaminhamento para estimulação/avaliação especializada.;
j26-104;Protocolo Dr. Jadson — Inclusão Escolar TEA/TDAH (J26-104);maior=melhor/intenso;0;Atraso provável — investigar e encaminhar;red;Muitos marcos esperados estão ausentes. Recomenda-se investigação e encaminhamento para avaliação especializada (neuropediatria e/ou terapias). Esta é uma triagem, não um diagnóstico.;
j26-105;Protocolo Dr. Jadson — Avaliação Pré-ENEM (J26-105);maior=melhor/intenso;70;Intensidade alta — suporte significativo;red;Vários sinais presentes e intensos, com impacto no cotidiano. Recomenda-se avaliação dirigida e plano de suporte/intervenção. Triagem, não diagnóstico.;
j26-105;Protocolo Dr. Jadson — Avaliação Pré-ENEM (J26-105);maior=melhor/intenso;45;Intensidade moderada — suporte indicado;orange;Sinais presentes com repercussão no dia a dia. Vale estruturar suporte/estratégias e reavaliar a resposta ao longo do tempo. Triagem, não diagnóstico.;
j26-105;Protocolo Dr. Jadson — Avaliação Pré-ENEM (J26-105);maior=melhor/intenso;20;Intensidade leve — acompanhar;amber;Alguns sinais presentes, de menor intensidade. Acompanhe a evolução e reforce estratégias no cotidiano.;
j26-105;Protocolo Dr. Jadson — Avaliação Pré-ENEM (J26-105);maior=melhor/intenso;0;Pouco ou ausente;emerald;Poucos sinais relatados nesta área. Mantenha o acompanhamento de rotina.;
j26-106;Protocolo Dr. Jadson — Motor Fino Escolar (J26-106);maior=melhor/intenso;85;Desenvolvimento adequado para a idade;emerald;A maioria dos marcos esperados está presente. Mantenha o acompanhamento de rotina e a estimulação no dia a dia. Triagem não substitui avaliação clínica.;
j26-106;Protocolo Dr. Jadson — Motor Fino Escolar (J26-106);maior=melhor/intenso;65;Em desenvolvimento — vigiar e reavaliar;amber;Vários marcos já aparecem, mas alguns ainda estão emergindo. Reforce a estimulação e reavalie em 1–2 meses. Se houver outros sinais de alerta, antecipe a avaliação.;
j26-106;Protocolo Dr. Jadson — Motor Fino Escolar (J26-106);maior=melhor/intenso;45;Sinais de alerta — reavaliar em curto prazo;orange;Há marcos importantes ainda ausentes para a faixa etária. Recomenda-se reavaliação dirigida em curto prazo e considerar encaminhamento para estimulação/avaliação especializada.;
j26-106;Protocolo Dr. Jadson — Motor Fino Escolar (J26-106);maior=melhor/intenso;0;Atraso provável — investigar e encaminhar;red;Muitos marcos esperados estão ausentes. Recomenda-se investigação e encaminhamento para avaliação especializada (neuropediatria e/ou terapias). Esta é uma triagem, não um diagnóstico.;
j26-107;Protocolo Dr. Jadson — Marco Motor Grosso 1-5 Anos (J26-107);maior=melhor/intenso;85;Desenvolvimento adequado para a idade;emerald;A maioria dos marcos esperados está presente. Mantenha o acompanhamento de rotina e a estimulação no dia a dia. Triagem não substitui avaliação clínica.;
j26-107;Protocolo Dr. Jadson — Marco Motor Grosso 1-5 Anos (J26-107);maior=melhor/intenso;65;Em desenvolvimento — vigiar e reavaliar;amber;Vários marcos já aparecem, mas alguns ainda estão emergindo. Reforce a estimulação e reavalie em 1–2 meses. Se houver outros sinais de alerta, antecipe a avaliação.;
j26-107;Protocolo Dr. Jadson — Marco Motor Grosso 1-5 Anos (J26-107);maior=melhor/intenso;45;Sinais de alerta — reavaliar em curto prazo;orange;Há marcos importantes ainda ausentes para a faixa etária. Recomenda-se reavaliação dirigida em curto prazo e considerar encaminhamento para estimulação/avaliação especializada.;
j26-107;Protocolo Dr. Jadson — Marco Motor Grosso 1-5 Anos (J26-107);maior=melhor/intenso;0;Atraso provável — investigar e encaminhar;red;Muitos marcos esperados estão ausentes. Recomenda-se investigação e encaminhamento para avaliação especializada (neuropediatria e/ou terapias). Esta é uma triagem, não um diagnóstico.;
j26-108;Protocolo Dr. Jadson — Integração Visomotora (J26-108);maior=melhor/intenso;85;Desenvolvimento adequado para a idade;emerald;A maioria dos marcos esperados está presente. Mantenha o acompanhamento de rotina e a estimulação no dia a dia. Triagem não substitui avaliação clínica.;
j26-108;Protocolo Dr. Jadson — Integração Visomotora (J26-108);maior=melhor/intenso;65;Em desenvolvimento — vigiar e reavaliar;amber;Vários marcos já aparecem, mas alguns ainda estão emergindo. Reforce a estimulação e reavalie em 1–2 meses. Se houver outros sinais de alerta, antecipe a avaliação.;
j26-108;Protocolo Dr. Jadson — Integração Visomotora (J26-108);maior=melhor/intenso;45;Sinais de alerta — reavaliar em curto prazo;orange;Há marcos importantes ainda ausentes para a faixa etária. Recomenda-se reavaliação dirigida em curto prazo e considerar encaminhamento para estimulação/avaliação especializada.;
j26-108;Protocolo Dr. Jadson — Integração Visomotora (J26-108);maior=melhor/intenso;0;Atraso provável — investigar e encaminhar;red;Muitos marcos esperados estão ausentes. Recomenda-se investigação e encaminhamento para avaliação especializada (neuropediatria e/ou terapias). Esta é uma triagem, não um diagnóstico.;
j26-109;Protocolo Dr. Jadson — Apraxia e Praxia Motora (J26-109);maior=melhor/intenso;85;Desenvolvimento adequado para a idade;emerald;A maioria dos marcos esperados está presente. Mantenha o acompanhamento de rotina e a estimulação no dia a dia. Triagem não substitui avaliação clínica.;
j26-109;Protocolo Dr. Jadson — Apraxia e Praxia Motora (J26-109);maior=melhor/intenso;65;Em desenvolvimento — vigiar e reavaliar;amber;Vários marcos já aparecem, mas alguns ainda estão emergindo. Reforce a estimulação e reavalie em 1–2 meses. Se houver outros sinais de alerta, antecipe a avaliação.;
j26-109;Protocolo Dr. Jadson — Apraxia e Praxia Motora (J26-109);maior=melhor/intenso;45;Sinais de alerta — reavaliar em curto prazo;orange;Há marcos importantes ainda ausentes para a faixa etária. Recomenda-se reavaliação dirigida em curto prazo e considerar encaminhamento para estimulação/avaliação especializada.;
j26-109;Protocolo Dr. Jadson — Apraxia e Praxia Motora (J26-109);maior=melhor/intenso;0;Atraso provável — investigar e encaminhar;red;Muitos marcos esperados estão ausentes. Recomenda-se investigação e encaminhamento para avaliação especializada (neuropediatria e/ou terapias). Esta é uma triagem, não um diagnóstico.;
j26-110;Protocolo Dr. Jadson — Coordenação Problemas Cotidiano (J26-110);maior=melhor/intenso;70;Intensidade alta — suporte significativo;red;Vários sinais presentes e intensos, com impacto no cotidiano. Recomenda-se avaliação dirigida e plano de suporte/intervenção. Triagem, não diagnóstico.;
j26-110;Protocolo Dr. Jadson — Coordenação Problemas Cotidiano (J26-110);maior=melhor/intenso;45;Intensidade moderada — suporte indicado;orange;Sinais presentes com repercussão no dia a dia. Vale estruturar suporte/estratégias e reavaliar a resposta ao longo do tempo. Triagem, não diagnóstico.;
j26-110;Protocolo Dr. Jadson — Coordenação Problemas Cotidiano (J26-110);maior=melhor/intenso;20;Intensidade leve — acompanhar;amber;Alguns sinais presentes, de menor intensidade. Acompanhe a evolução e reforce estratégias no cotidiano.;
j26-110;Protocolo Dr. Jadson — Coordenação Problemas Cotidiano (J26-110);maior=melhor/intenso;0;Pouco ou ausente;emerald;Poucos sinais relatados nesta área. Mantenha o acompanhamento de rotina.;
j26-111;Protocolo Dr. Jadson — Motor PC Funcional (J26-111);maior=melhor/intenso;85;Desenvolvimento adequado para a idade;emerald;A maioria dos marcos esperados está presente. Mantenha o acompanhamento de rotina e a estimulação no dia a dia. Triagem não substitui avaliação clínica.;
j26-111;Protocolo Dr. Jadson — Motor PC Funcional (J26-111);maior=melhor/intenso;65;Em desenvolvimento — vigiar e reavaliar;amber;Vários marcos já aparecem, mas alguns ainda estão emergindo. Reforce a estimulação e reavalie em 1–2 meses. Se houver outros sinais de alerta, antecipe a avaliação.;
j26-111;Protocolo Dr. Jadson — Motor PC Funcional (J26-111);maior=melhor/intenso;45;Sinais de alerta — reavaliar em curto prazo;orange;Há marcos importantes ainda ausentes para a faixa etária. Recomenda-se reavaliação dirigida em curto prazo e considerar encaminhamento para estimulação/avaliação especializada.;
j26-111;Protocolo Dr. Jadson — Motor PC Funcional (J26-111);maior=melhor/intenso;0;Atraso provável — investigar e encaminhar;red;Muitos marcos esperados estão ausentes. Recomenda-se investigação e encaminhamento para avaliação especializada (neuropediatria e/ou terapias). Esta é uma triagem, não um diagnóstico.;
j26-112;Protocolo Dr. Jadson — Equilíbrio e Marcha Infantil (J26-112);maior=melhor/intenso;85;Desenvolvimento adequado para a idade;emerald;A maioria dos marcos esperados está presente. Mantenha o acompanhamento de rotina e a estimulação no dia a dia. Triagem não substitui avaliação clínica.;
j26-112;Protocolo Dr. Jadson — Equilíbrio e Marcha Infantil (J26-112);maior=melhor/intenso;65;Em desenvolvimento — vigiar e reavaliar;amber;Vários marcos já aparecem, mas alguns ainda estão emergindo. Reforce a estimulação e reavalie em 1–2 meses. Se houver outros sinais de alerta, antecipe a avaliação.;
j26-112;Protocolo Dr. Jadson — Equilíbrio e Marcha Infantil (J26-112);maior=melhor/intenso;45;Sinais de alerta — reavaliar em curto prazo;orange;Há marcos importantes ainda ausentes para a faixa etária. Recomenda-se reavaliação dirigida em curto prazo e considerar encaminhamento para estimulação/avaliação especializada.;
j26-112;Protocolo Dr. Jadson — Equilíbrio e Marcha Infantil (J26-112);maior=melhor/intenso;0;Atraso provável — investigar e encaminhar;red;Muitos marcos esperados estão ausentes. Recomenda-se investigação e encaminhamento para avaliação especializada (neuropediatria e/ou terapias). Esta é uma triagem, não um diagnóstico.;
j26-113;Protocolo Dr. Jadson — Escrita Manual Avançado (J26-113);maior=melhor/intenso;85;Desenvolvimento adequado para a idade;emerald;A maioria dos marcos esperados está presente. Mantenha o acompanhamento de rotina e a estimulação no dia a dia. Triagem não substitui avaliação clínica.;
j26-113;Protocolo Dr. Jadson — Escrita Manual Avançado (J26-113);maior=melhor/intenso;65;Em desenvolvimento — vigiar e reavaliar;amber;Vários marcos já aparecem, mas alguns ainda estão emergindo. Reforce a estimulação e reavalie em 1–2 meses. Se houver outros sinais de alerta, antecipe a avaliação.;
j26-113;Protocolo Dr. Jadson — Escrita Manual Avançado (J26-113);maior=melhor/intenso;45;Sinais de alerta — reavaliar em curto prazo;orange;Há marcos importantes ainda ausentes para a faixa etária. Recomenda-se reavaliação dirigida em curto prazo e considerar encaminhamento para estimulação/avaliação especializada.;
j26-113;Protocolo Dr. Jadson — Escrita Manual Avançado (J26-113);maior=melhor/intenso;0;Atraso provável — investigar e encaminhar;red;Muitos marcos esperados estão ausentes. Recomenda-se investigação e encaminhamento para avaliação especializada (neuropediatria e/ou terapias). Esta é uma triagem, não um diagnóstico.;
j26-114;Protocolo Dr. Jadson — Tônus Muscular Funcional (J26-114);maior=melhor/intenso;70;Intensidade alta — suporte significativo;red;Vários sinais presentes e intensos, com impacto no cotidiano. Recomenda-se avaliação dirigida e plano de suporte/intervenção. Triagem, não diagnóstico.;
j26-114;Protocolo Dr. Jadson — Tônus Muscular Funcional (J26-114);maior=melhor/intenso;45;Intensidade moderada — suporte indicado;orange;Sinais presentes com repercussão no dia a dia. Vale estruturar suporte/estratégias e reavaliar a resposta ao longo do tempo. Triagem, não diagnóstico.;
j26-114;Protocolo Dr. Jadson — Tônus Muscular Funcional (J26-114);maior=melhor/intenso;20;Intensidade leve — acompanhar;amber;Alguns sinais presentes, de menor intensidade. Acompanhe a evolução e reforce estratégias no cotidiano.;
j26-114;Protocolo Dr. Jadson — Tônus Muscular Funcional (J26-114);maior=melhor/intenso;0;Pouco ou ausente;emerald;Poucos sinais relatados nesta área. Mantenha o acompanhamento de rotina.;
j26-115;Protocolo Dr. Jadson — Habilidades Esportivas Motor (J26-115);maior=melhor/intenso;85;Desenvolvimento adequado para a idade;emerald;A maioria dos marcos esperados está presente. Mantenha o acompanhamento de rotina e a estimulação no dia a dia. Triagem não substitui avaliação clínica.;
j26-115;Protocolo Dr. Jadson — Habilidades Esportivas Motor (J26-115);maior=melhor/intenso;65;Em desenvolvimento — vigiar e reavaliar;amber;Vários marcos já aparecem, mas alguns ainda estão emergindo. Reforce a estimulação e reavalie em 1–2 meses. Se houver outros sinais de alerta, antecipe a avaliação.;
j26-115;Protocolo Dr. Jadson — Habilidades Esportivas Motor (J26-115);maior=melhor/intenso;45;Sinais de alerta — reavaliar em curto prazo;orange;Há marcos importantes ainda ausentes para a faixa etária. Recomenda-se reavaliação dirigida em curto prazo e considerar encaminhamento para estimulação/avaliação especializada.;
j26-115;Protocolo Dr. Jadson — Habilidades Esportivas Motor (J26-115);maior=melhor/intenso;0;Atraso provável — investigar e encaminhar;red;Muitos marcos esperados estão ausentes. Recomenda-se investigação e encaminhamento para avaliação especializada (neuropediatria e/ou terapias). Esta é uma triagem, não um diagnóstico.;
j26-116;Protocolo Dr. Jadson — Tiques e Motor Compulsivo (J26-116);maior=melhor/intenso;70;Intensidade alta — suporte significativo;red;Vários sinais presentes e intensos, com impacto no cotidiano. Recomenda-se avaliação dirigida e plano de suporte/intervenção. Triagem, não diagnóstico.;
j26-116;Protocolo Dr. Jadson — Tiques e Motor Compulsivo (J26-116);maior=melhor/intenso;45;Intensidade moderada — suporte indicado;orange;Sinais presentes com repercussão no dia a dia. Vale estruturar suporte/estratégias e reavaliar a resposta ao longo do tempo. Triagem, não diagnóstico.;
j26-116;Protocolo Dr. Jadson — Tiques e Motor Compulsivo (J26-116);maior=melhor/intenso;20;Intensidade leve — acompanhar;amber;Alguns sinais presentes, de menor intensidade. Acompanhe a evolução e reforce estratégias no cotidiano.;
j26-116;Protocolo Dr. Jadson — Tiques e Motor Compulsivo (J26-116);maior=melhor/intenso;0;Pouco ou ausente;emerald;Poucos sinais relatados nesta área. Mantenha o acompanhamento de rotina.;
j26-117;Protocolo Dr. Jadson — Motor Prematuro Follow-Up (J26-117);maior=melhor/intenso;85;Desenvolvimento adequado para a idade;emerald;A maioria dos marcos esperados está presente. Mantenha o acompanhamento de rotina e a estimulação no dia a dia. Triagem não substitui avaliação clínica.;
j26-117;Protocolo Dr. Jadson — Motor Prematuro Follow-Up (J26-117);maior=melhor/intenso;65;Em desenvolvimento — vigiar e reavaliar;amber;Vários marcos já aparecem, mas alguns ainda estão emergindo. Reforce a estimulação e reavalie em 1–2 meses. Se houver outros sinais de alerta, antecipe a avaliação.;
j26-117;Protocolo Dr. Jadson — Motor Prematuro Follow-Up (J26-117);maior=melhor/intenso;45;Sinais de alerta — reavaliar em curto prazo;orange;Há marcos importantes ainda ausentes para a faixa etária. Recomenda-se reavaliação dirigida em curto prazo e considerar encaminhamento para estimulação/avaliação especializada.;
j26-117;Protocolo Dr. Jadson — Motor Prematuro Follow-Up (J26-117);maior=melhor/intenso;0;Atraso provável — investigar e encaminhar;red;Muitos marcos esperados estão ausentes. Recomenda-se investigação e encaminhamento para avaliação especializada (neuropediatria e/ou terapias). Esta é uma triagem, não um diagnóstico.;
j26-118;Protocolo Dr. Jadson — Processamento Tátil (J26-118);maior=melhor/intenso;70;Intensidade alta — suporte significativo;red;Vários sinais presentes e intensos, com impacto no cotidiano. Recomenda-se avaliação dirigida e plano de suporte/intervenção. Triagem, não diagnóstico.;
j26-118;Protocolo Dr. Jadson — Processamento Tátil (J26-118);maior=melhor/intenso;45;Intensidade moderada — suporte indicado;orange;Sinais presentes com repercussão no dia a dia. Vale estruturar suporte/estratégias e reavaliar a resposta ao longo do tempo. Triagem, não diagnóstico.;
j26-118;Protocolo Dr. Jadson — Processamento Tátil (J26-118);maior=melhor/intenso;20;Intensidade leve — acompanhar;amber;Alguns sinais presentes, de menor intensidade. Acompanhe a evolução e reforce estratégias no cotidiano.;
j26-118;Protocolo Dr. Jadson — Processamento Tátil (J26-118);maior=melhor/intenso;0;Pouco ou ausente;emerald;Poucos sinais relatados nesta área. Mantenha o acompanhamento de rotina.;
j26-119;Protocolo Dr. Jadson — Processamento Vestibular (J26-119);maior=melhor/intenso;70;Intensidade alta — suporte significativo;red;Vários sinais presentes e intensos, com impacto no cotidiano. Recomenda-se avaliação dirigida e plano de suporte/intervenção. Triagem, não diagnóstico.;
j26-119;Protocolo Dr. Jadson — Processamento Vestibular (J26-119);maior=melhor/intenso;45;Intensidade moderada — suporte indicado;orange;Sinais presentes com repercussão no dia a dia. Vale estruturar suporte/estratégias e reavaliar a resposta ao longo do tempo. Triagem, não diagnóstico.;
j26-119;Protocolo Dr. Jadson — Processamento Vestibular (J26-119);maior=melhor/intenso;20;Intensidade leve — acompanhar;amber;Alguns sinais presentes, de menor intensidade. Acompanhe a evolução e reforce estratégias no cotidiano.;
j26-119;Protocolo Dr. Jadson — Processamento Vestibular (J26-119);maior=melhor/intenso;0;Pouco ou ausente;emerald;Poucos sinais relatados nesta área. Mantenha o acompanhamento de rotina.;
j26-120;Protocolo Dr. Jadson — Processamento Proprioceptivo (J26-120);maior=melhor/intenso;70;Intensidade alta — suporte significativo;red;Vários sinais presentes e intensos, com impacto no cotidiano. Recomenda-se avaliação dirigida e plano de suporte/intervenção. Triagem, não diagnóstico.;
j26-120;Protocolo Dr. Jadson — Processamento Proprioceptivo (J26-120);maior=melhor/intenso;45;Intensidade moderada — suporte indicado;orange;Sinais presentes com repercussão no dia a dia. Vale estruturar suporte/estratégias e reavaliar a resposta ao longo do tempo. Triagem, não diagnóstico.;
j26-120;Protocolo Dr. Jadson — Processamento Proprioceptivo (J26-120);maior=melhor/intenso;20;Intensidade leve — acompanhar;amber;Alguns sinais presentes, de menor intensidade. Acompanhe a evolução e reforce estratégias no cotidiano.;
j26-120;Protocolo Dr. Jadson — Processamento Proprioceptivo (J26-120);maior=melhor/intenso;0;Pouco ou ausente;emerald;Poucos sinais relatados nesta área. Mantenha o acompanhamento de rotina.;
j26-121;Protocolo Dr. Jadson — Processamento Auditivo Cotidiano (J26-121);maior=melhor/intenso;70;Intensidade alta — suporte significativo;red;Vários sinais presentes e intensos, com impacto no cotidiano. Recomenda-se avaliação dirigida e plano de suporte/intervenção. Triagem, não diagnóstico.;
j26-121;Protocolo Dr. Jadson — Processamento Auditivo Cotidiano (J26-121);maior=melhor/intenso;45;Intensidade moderada — suporte indicado;orange;Sinais presentes com repercussão no dia a dia. Vale estruturar suporte/estratégias e reavaliar a resposta ao longo do tempo. Triagem, não diagnóstico.;
j26-121;Protocolo Dr. Jadson — Processamento Auditivo Cotidiano (J26-121);maior=melhor/intenso;20;Intensidade leve — acompanhar;amber;Alguns sinais presentes, de menor intensidade. Acompanhe a evolução e reforce estratégias no cotidiano.;
j26-121;Protocolo Dr. Jadson — Processamento Auditivo Cotidiano (J26-121);maior=melhor/intenso;0;Pouco ou ausente;emerald;Poucos sinais relatados nesta área. Mantenha o acompanhamento de rotina.;
j26-122;Protocolo Dr. Jadson — Processamento Visual Funcional (J26-122);maior=melhor/intenso;70;Intensidade alta — suporte significativo;red;Vários sinais presentes e intensos, com impacto no cotidiano. Recomenda-se avaliação dirigida e plano de suporte/intervenção. Triagem, não diagnóstico.;
j26-122;Protocolo Dr. Jadson — Processamento Visual Funcional (J26-122);maior=melhor/intenso;45;Intensidade moderada — suporte indicado;orange;Sinais presentes com repercussão no dia a dia. Vale estruturar suporte/estratégias e reavaliar a resposta ao longo do tempo. Triagem, não diagnóstico.;
j26-122;Protocolo Dr. Jadson — Processamento Visual Funcional (J26-122);maior=melhor/intenso;20;Intensidade leve — acompanhar;amber;Alguns sinais presentes, de menor intensidade. Acompanhe a evolução e reforce estratégias no cotidiano.;
j26-122;Protocolo Dr. Jadson — Processamento Visual Funcional (J26-122);maior=melhor/intenso;0;Pouco ou ausente;emerald;Poucos sinais relatados nesta área. Mantenha o acompanhamento de rotina.;
j26-123;Protocolo Dr. Jadson — Sensibilidade Oral-Sensorial (J26-123);maior=melhor/intenso;70;Intensidade alta — suporte significativo;red;Vários sinais presentes e intensos, com impacto no cotidiano. Recomenda-se avaliação dirigida e plano de suporte/intervenção. Triagem, não diagnóstico.;
j26-123;Protocolo Dr. Jadson — Sensibilidade Oral-Sensorial (J26-123);maior=melhor/intenso;45;Intensidade moderada — suporte indicado;orange;Sinais presentes com repercussão no dia a dia. Vale estruturar suporte/estratégias e reavaliar a resposta ao longo do tempo. Triagem, não diagnóstico.;
j26-123;Protocolo Dr. Jadson — Sensibilidade Oral-Sensorial (J26-123);maior=melhor/intenso;20;Intensidade leve — acompanhar;amber;Alguns sinais presentes, de menor intensidade. Acompanhe a evolução e reforce estratégias no cotidiano.;
j26-123;Protocolo Dr. Jadson — Sensibilidade Oral-Sensorial (J26-123);maior=melhor/intenso;0;Pouco ou ausente;emerald;Poucos sinais relatados nesta área. Mantenha o acompanhamento de rotina.;
j26-124;Protocolo Dr. Jadson — Comportamento Buscador Sensorial (J26-124);maior=melhor/intenso;70;Intensidade alta — suporte significativo;red;Vários sinais presentes e intensos, com impacto no cotidiano. Recomenda-se avaliação dirigida e plano de suporte/intervenção. Triagem, não diagnóstico.;
j26-124;Protocolo Dr. Jadson — Comportamento Buscador Sensorial (J26-124);maior=melhor/intenso;45;Intensidade moderada — suporte indicado;orange;Sinais presentes com repercussão no dia a dia. Vale estruturar suporte/estratégias e reavaliar a resposta ao longo do tempo. Triagem, não diagnóstico.;
j26-124;Protocolo Dr. Jadson — Comportamento Buscador Sensorial (J26-124);maior=melhor/intenso;20;Intensidade leve — acompanhar;amber;Alguns sinais presentes, de menor intensidade. Acompanhe a evolução e reforce estratégias no cotidiano.;
j26-124;Protocolo Dr. Jadson — Comportamento Buscador Sensorial (J26-124);maior=melhor/intenso;0;Pouco ou ausente;emerald;Poucos sinais relatados nesta área. Mantenha o acompanhamento de rotina.;
j26-125;Protocolo Dr. Jadson — Sobrecarga Sensorial (J26-125);maior=melhor/intenso;70;Intensidade alta — suporte significativo;red;Vários sinais presentes e intensos, com impacto no cotidiano. Recomenda-se avaliação dirigida e plano de suporte/intervenção. Triagem, não diagnóstico.;
j26-125;Protocolo Dr. Jadson — Sobrecarga Sensorial (J26-125);maior=melhor/intenso;45;Intensidade moderada — suporte indicado;orange;Sinais presentes com repercussão no dia a dia. Vale estruturar suporte/estratégias e reavaliar a resposta ao longo do tempo. Triagem, não diagnóstico.;
j26-125;Protocolo Dr. Jadson — Sobrecarga Sensorial (J26-125);maior=melhor/intenso;20;Intensidade leve — acompanhar;amber;Alguns sinais presentes, de menor intensidade. Acompanhe a evolução e reforce estratégias no cotidiano.;
j26-125;Protocolo Dr. Jadson — Sobrecarga Sensorial (J26-125);maior=melhor/intenso;0;Pouco ou ausente;emerald;Poucos sinais relatados nesta área. Mantenha o acompanhamento de rotina.;
j26-126;Protocolo Dr. Jadson — Dieta Sensorial Eficácia (J26-126);maior=melhor/intenso;85;Desenvolvimento adequado para a idade;emerald;A maioria dos marcos esperados está presente. Mantenha o acompanhamento de rotina e a estimulação no dia a dia. Triagem não substitui avaliação clínica.;
j26-126;Protocolo Dr. Jadson — Dieta Sensorial Eficácia (J26-126);maior=melhor/intenso;65;Em desenvolvimento — vigiar e reavaliar;amber;Vários marcos já aparecem, mas alguns ainda estão emergindo. Reforce a estimulação e reavalie em 1–2 meses. Se houver outros sinais de alerta, antecipe a avaliação.;
j26-126;Protocolo Dr. Jadson — Dieta Sensorial Eficácia (J26-126);maior=melhor/intenso;45;Sinais de alerta — reavaliar em curto prazo;orange;Há marcos importantes ainda ausentes para a faixa etária. Recomenda-se reavaliação dirigida em curto prazo e considerar encaminhamento para estimulação/avaliação especializada.;
j26-126;Protocolo Dr. Jadson — Dieta Sensorial Eficácia (J26-126);maior=melhor/intenso;0;Atraso provável — investigar e encaminhar;red;Muitos marcos esperados estão ausentes. Recomenda-se investigação e encaminhamento para avaliação especializada (neuropediatria e/ou terapias). Esta é uma triagem, não um diagnóstico.;
j26-127;Protocolo Dr. Jadson — Hipersensibilidade Olfativa (J26-127);maior=melhor/intenso;70;Intensidade alta — suporte significativo;red;Vários sinais presentes e intensos, com impacto no cotidiano. Recomenda-se avaliação dirigida e plano de suporte/intervenção. Triagem, não diagnóstico.;
j26-127;Protocolo Dr. Jadson — Hipersensibilidade Olfativa (J26-127);maior=melhor/intenso;45;Intensidade moderada — suporte indicado;orange;Sinais presentes com repercussão no dia a dia. Vale estruturar suporte/estratégias e reavaliar a resposta ao longo do tempo. Triagem, não diagnóstico.;
j26-127;Protocolo Dr. Jadson — Hipersensibilidade Olfativa (J26-127);maior=melhor/intenso;20;Intensidade leve — acompanhar;amber;Alguns sinais presentes, de menor intensidade. Acompanhe a evolução e reforce estratégias no cotidiano.;
j26-127;Protocolo Dr. Jadson — Hipersensibilidade Olfativa (J26-127);maior=melhor/intenso;0;Pouco ou ausente;emerald;Poucos sinais relatados nesta área. Mantenha o acompanhamento de rotina.;
j26-128;Protocolo Dr. Jadson — Regulação Sensorial Escolar (J26-128);maior=melhor/intenso;70;Intensidade alta — suporte significativo;red;Vários sinais presentes e intensos, com impacto no cotidiano. Recomenda-se avaliação dirigida e plano de suporte/intervenção. Triagem, não diagnóstico.;
j26-128;Protocolo Dr. Jadson — Regulação Sensorial Escolar (J26-128);maior=melhor/intenso;45;Intensidade moderada — suporte indicado;orange;Sinais presentes com repercussão no dia a dia. Vale estruturar suporte/estratégias e reavaliar a resposta ao longo do tempo. Triagem, não diagnóstico.;
j26-128;Protocolo Dr. Jadson — Regulação Sensorial Escolar (J26-128);maior=melhor/intenso;20;Intensidade leve — acompanhar;amber;Alguns sinais presentes, de menor intensidade. Acompanhe a evolução e reforce estratégias no cotidiano.;
j26-128;Protocolo Dr. Jadson — Regulação Sensorial Escolar (J26-128);maior=melhor/intenso;0;Pouco ou ausente;emerald;Poucos sinais relatados nesta área. Mantenha o acompanhamento de rotina.;
j26-129;Protocolo Dr. Jadson — Perfil Sensorial Integrado (J26-129);maior=melhor/intenso;70;Intensidade alta — suporte significativo;red;Vários sinais presentes e intensos, com impacto no cotidiano. Recomenda-se avaliação dirigida e plano de suporte/intervenção. Triagem, não diagnóstico.;
j26-129;Protocolo Dr. Jadson — Perfil Sensorial Integrado (J26-129);maior=melhor/intenso;45;Intensidade moderada — suporte indicado;orange;Sinais presentes com repercussão no dia a dia. Vale estruturar suporte/estratégias e reavaliar a resposta ao longo do tempo. Triagem, não diagnóstico.;
j26-129;Protocolo Dr. Jadson — Perfil Sensorial Integrado (J26-129);maior=melhor/intenso;20;Intensidade leve — acompanhar;amber;Alguns sinais presentes, de menor intensidade. Acompanhe a evolução e reforce estratégias no cotidiano.;
j26-129;Protocolo Dr. Jadson — Perfil Sensorial Integrado (J26-129);maior=melhor/intenso;0;Pouco ou ausente;emerald;Poucos sinais relatados nesta área. Mantenha o acompanhamento de rotina.;
j26-130;Protocolo Dr. Jadson — Higiene do Sono Infantil (J26-130);maior=melhor/intenso;85;Desenvolvimento adequado para a idade;emerald;A maioria dos marcos esperados está presente. Mantenha o acompanhamento de rotina e a estimulação no dia a dia. Triagem não substitui avaliação clínica.;
j26-130;Protocolo Dr. Jadson — Higiene do Sono Infantil (J26-130);maior=melhor/intenso;65;Em desenvolvimento — vigiar e reavaliar;amber;Vários marcos já aparecem, mas alguns ainda estão emergindo. Reforce a estimulação e reavalie em 1–2 meses. Se houver outros sinais de alerta, antecipe a avaliação.;
j26-130;Protocolo Dr. Jadson — Higiene do Sono Infantil (J26-130);maior=melhor/intenso;45;Sinais de alerta — reavaliar em curto prazo;orange;Há marcos importantes ainda ausentes para a faixa etária. Recomenda-se reavaliação dirigida em curto prazo e considerar encaminhamento para estimulação/avaliação especializada.;
j26-130;Protocolo Dr. Jadson — Higiene do Sono Infantil (J26-130);maior=melhor/intenso;0;Atraso provável — investigar e encaminhar;red;Muitos marcos esperados estão ausentes. Recomenda-se investigação e encaminhamento para avaliação especializada (neuropediatria e/ou terapias). Esta é uma triagem, não um diagnóstico.;
j26-131;Protocolo Dr. Jadson — Pesadelos e Terrores Noturnos (J26-131);maior=melhor/intenso;70;Intensidade alta — suporte significativo;red;Vários sinais presentes e intensos, com impacto no cotidiano. Recomenda-se avaliação dirigida e plano de suporte/intervenção. Triagem, não diagnóstico.;
j26-131;Protocolo Dr. Jadson — Pesadelos e Terrores Noturnos (J26-131);maior=melhor/intenso;45;Intensidade moderada — suporte indicado;orange;Sinais presentes com repercussão no dia a dia. Vale estruturar suporte/estratégias e reavaliar a resposta ao longo do tempo. Triagem, não diagnóstico.;
j26-131;Protocolo Dr. Jadson — Pesadelos e Terrores Noturnos (J26-131);maior=melhor/intenso;20;Intensidade leve — acompanhar;amber;Alguns sinais presentes, de menor intensidade. Acompanhe a evolução e reforce estratégias no cotidiano.;
j26-131;Protocolo Dr. Jadson — Pesadelos e Terrores Noturnos (J26-131);maior=melhor/intenso;0;Pouco ou ausente;emerald;Poucos sinais relatados nesta área. Mantenha o acompanhamento de rotina.;
j26-132;Protocolo Dr. Jadson — Latência de Início do Sono (J26-132);maior=melhor/intenso;70;Intensidade alta — suporte significativo;red;Vários sinais presentes e intensos, com impacto no cotidiano. Recomenda-se avaliação dirigida e plano de suporte/intervenção. Triagem, não diagnóstico.;
j26-132;Protocolo Dr. Jadson — Latência de Início do Sono (J26-132);maior=melhor/intenso;45;Intensidade moderada — suporte indicado;orange;Sinais presentes com repercussão no dia a dia. Vale estruturar suporte/estratégias e reavaliar a resposta ao longo do tempo. Triagem, não diagnóstico.;
j26-132;Protocolo Dr. Jadson — Latência de Início do Sono (J26-132);maior=melhor/intenso;20;Intensidade leve — acompanhar;amber;Alguns sinais presentes, de menor intensidade. Acompanhe a evolução e reforce estratégias no cotidiano.;
j26-132;Protocolo Dr. Jadson — Latência de Início do Sono (J26-132);maior=melhor/intenso;0;Pouco ou ausente;emerald;Poucos sinais relatados nesta área. Mantenha o acompanhamento de rotina.;
j26-133;Protocolo Dr. Jadson — Parassônias Checklist (J26-133);maior=melhor/intenso;70;Intensidade alta — suporte significativo;red;Vários sinais presentes e intensos, com impacto no cotidiano. Recomenda-se avaliação dirigida e plano de suporte/intervenção. Triagem, não diagnóstico.;
j26-133;Protocolo Dr. Jadson — Parassônias Checklist (J26-133);maior=melhor/intenso;45;Intensidade moderada — suporte indicado;orange;Sinais presentes com repercussão no dia a dia. Vale estruturar suporte/estratégias e reavaliar a resposta ao longo do tempo. Triagem, não diagnóstico.;
j26-133;Protocolo Dr. Jadson — Parassônias Checklist (J26-133);maior=melhor/intenso;20;Intensidade leve — acompanhar;amber;Alguns sinais presentes, de menor intensidade. Acompanhe a evolução e reforce estratégias no cotidiano.;
j26-133;Protocolo Dr. Jadson — Parassônias Checklist (J26-133);maior=melhor/intenso;0;Pouco ou ausente;emerald;Poucos sinais relatados nesta área. Mantenha o acompanhamento de rotina.;
j26-134;Protocolo Dr. Jadson — Tela e Sono (J26-134);maior=melhor/intenso;70;Intensidade alta — suporte significativo;red;Vários sinais presentes e intensos, com impacto no cotidiano. Recomenda-se avaliação dirigida e plano de suporte/intervenção. Triagem, não diagnóstico.;
j26-134;Protocolo Dr. Jadson — Tela e Sono (J26-134);maior=melhor/intenso;45;Intensidade moderada — suporte indicado;orange;Sinais presentes com repercussão no dia a dia. Vale estruturar suporte/estratégias e reavaliar a resposta ao longo do tempo. Triagem, não diagnóstico.;
j26-134;Protocolo Dr. Jadson — Tela e Sono (J26-134);maior=melhor/intenso;20;Intensidade leve — acompanhar;amber;Alguns sinais presentes, de menor intensidade. Acompanhe a evolução e reforce estratégias no cotidiano.;
j26-134;Protocolo Dr. Jadson — Tela e Sono (J26-134);maior=melhor/intenso;0;Pouco ou ausente;emerald;Poucos sinais relatados nesta área. Mantenha o acompanhamento de rotina.;
j26-135;Protocolo Dr. Jadson — Ansiedade Noturna (J26-135);maior=melhor/intenso;70;Intensidade alta — suporte significativo;red;Vários sinais presentes e intensos, com impacto no cotidiano. Recomenda-se avaliação dirigida e plano de suporte/intervenção. Triagem, não diagnóstico.;
j26-135;Protocolo Dr. Jadson — Ansiedade Noturna (J26-135);maior=melhor/intenso;45;Intensidade moderada — suporte indicado;orange;Sinais presentes com repercussão no dia a dia. Vale estruturar suporte/estratégias e reavaliar a resposta ao longo do tempo. Triagem, não diagnóstico.;
j26-135;Protocolo Dr. Jadson — Ansiedade Noturna (J26-135);maior=melhor/intenso;20;Intensidade leve — acompanhar;amber;Alguns sinais presentes, de menor intensidade. Acompanhe a evolução e reforce estratégias no cotidiano.;
j26-135;Protocolo Dr. Jadson — Ansiedade Noturna (J26-135);maior=melhor/intenso;0;Pouco ou ausente;emerald;Poucos sinais relatados nesta área. Mantenha o acompanhamento de rotina.;
j26-136;Protocolo Dr. Jadson — Resposta Melatonina (J26-136);maior=melhor/intenso;85;Desenvolvimento adequado para a idade;emerald;A maioria dos marcos esperados está presente. Mantenha o acompanhamento de rotina e a estimulação no dia a dia. Triagem não substitui avaliação clínica.;
j26-136;Protocolo Dr. Jadson — Resposta Melatonina (J26-136);maior=melhor/intenso;65;Em desenvolvimento — vigiar e reavaliar;amber;Vários marcos já aparecem, mas alguns ainda estão emergindo. Reforce a estimulação e reavalie em 1–2 meses. Se houver outros sinais de alerta, antecipe a avaliação.;
j26-136;Protocolo Dr. Jadson — Resposta Melatonina (J26-136);maior=melhor/intenso;45;Sinais de alerta — reavaliar em curto prazo;orange;Há marcos importantes ainda ausentes para a faixa etária. Recomenda-se reavaliação dirigida em curto prazo e considerar encaminhamento para estimulação/avaliação especializada.;
j26-136;Protocolo Dr. Jadson — Resposta Melatonina (J26-136);maior=melhor/intenso;0;Atraso provável — investigar e encaminhar;red;Muitos marcos esperados estão ausentes. Recomenda-se investigação e encaminhamento para avaliação especializada (neuropediatria e/ou terapias). Esta é uma triagem, não um diagnóstico.;
j26-137;Protocolo Dr. Jadson — Rotina Noturna (J26-137);maior=melhor/intenso;85;Desenvolvimento adequado para a idade;emerald;A maioria dos marcos esperados está presente. Mantenha o acompanhamento de rotina e a estimulação no dia a dia. Triagem não substitui avaliação clínica.;
j26-137;Protocolo Dr. Jadson — Rotina Noturna (J26-137);maior=melhor/intenso;65;Em desenvolvimento — vigiar e reavaliar;amber;Vários marcos já aparecem, mas alguns ainda estão emergindo. Reforce a estimulação e reavalie em 1–2 meses. Se houver outros sinais de alerta, antecipe a avaliação.;
j26-137;Protocolo Dr. Jadson — Rotina Noturna (J26-137);maior=melhor/intenso;45;Sinais de alerta — reavaliar em curto prazo;orange;Há marcos importantes ainda ausentes para a faixa etária. Recomenda-se reavaliação dirigida em curto prazo e considerar encaminhamento para estimulação/avaliação especializada.;
j26-137;Protocolo Dr. Jadson — Rotina Noturna (J26-137);maior=melhor/intenso;0;Atraso provável — investigar e encaminhar;red;Muitos marcos esperados estão ausentes. Recomenda-se investigação e encaminhamento para avaliação especializada (neuropediatria e/ou terapias). Esta é uma triagem, não um diagnóstico.;
j26-138;Protocolo Dr. Jadson — Sono e Neurodesenvolvimento (J26-138);maior=melhor/intenso;70;Intensidade alta — suporte significativo;red;Vários sinais presentes e intensos, com impacto no cotidiano. Recomenda-se avaliação dirigida e plano de suporte/intervenção. Triagem, não diagnóstico.;
j26-138;Protocolo Dr. Jadson — Sono e Neurodesenvolvimento (J26-138);maior=melhor/intenso;45;Intensidade moderada — suporte indicado;orange;Sinais presentes com repercussão no dia a dia. Vale estruturar suporte/estratégias e reavaliar a resposta ao longo do tempo. Triagem, não diagnóstico.;
j26-138;Protocolo Dr. Jadson — Sono e Neurodesenvolvimento (J26-138);maior=melhor/intenso;20;Intensidade leve — acompanhar;amber;Alguns sinais presentes, de menor intensidade. Acompanhe a evolução e reforce estratégias no cotidiano.;
j26-138;Protocolo Dr. Jadson — Sono e Neurodesenvolvimento (J26-138);maior=melhor/intenso;0;Pouco ou ausente;emerald;Poucos sinais relatados nesta área. Mantenha o acompanhamento de rotina.;
j26-139;Protocolo Dr. Jadson — SAOS Triagem Infantil (J26-139);maior=melhor/intenso;70;Intensidade alta — suporte significativo;red;Vários sinais presentes e intensos, com impacto no cotidiano. Recomenda-se avaliação dirigida e plano de suporte/intervenção. Triagem, não diagnóstico.;
j26-139;Protocolo Dr. Jadson — SAOS Triagem Infantil (J26-139);maior=melhor/intenso;45;Intensidade moderada — suporte indicado;orange;Sinais presentes com repercussão no dia a dia. Vale estruturar suporte/estratégias e reavaliar a resposta ao longo do tempo. Triagem, não diagnóstico.;
j26-139;Protocolo Dr. Jadson — SAOS Triagem Infantil (J26-139);maior=melhor/intenso;20;Intensidade leve — acompanhar;amber;Alguns sinais presentes, de menor intensidade. Acompanhe a evolução e reforce estratégias no cotidiano.;
j26-139;Protocolo Dr. Jadson — SAOS Triagem Infantil (J26-139);maior=melhor/intenso;0;Pouco ou ausente;emerald;Poucos sinais relatados nesta área. Mantenha o acompanhamento de rotina.;
j26-140;Protocolo Dr. Jadson — Seletividade Alimentar (J26-140);maior=melhor/intenso;70;Intensidade alta — suporte significativo;red;Vários sinais presentes e intensos, com impacto no cotidiano. Recomenda-se avaliação dirigida e plano de suporte/intervenção. Triagem, não diagnóstico.;
j26-140;Protocolo Dr. Jadson — Seletividade Alimentar (J26-140);maior=melhor/intenso;45;Intensidade moderada — suporte indicado;orange;Sinais presentes com repercussão no dia a dia. Vale estruturar suporte/estratégias e reavaliar a resposta ao longo do tempo. Triagem, não diagnóstico.;
j26-140;Protocolo Dr. Jadson — Seletividade Alimentar (J26-140);maior=melhor/intenso;20;Intensidade leve — acompanhar;amber;Alguns sinais presentes, de menor intensidade. Acompanhe a evolução e reforce estratégias no cotidiano.;
j26-140;Protocolo Dr. Jadson — Seletividade Alimentar (J26-140);maior=melhor/intenso;0;Pouco ou ausente;emerald;Poucos sinais relatados nesta área. Mantenha o acompanhamento de rotina.;
j26-141;Protocolo Dr. Jadson — Comportamento na Refeição (J26-141);maior=melhor/intenso;70;Intensidade alta — suporte significativo;red;Vários sinais presentes e intensos, com impacto no cotidiano. Recomenda-se avaliação dirigida e plano de suporte/intervenção. Triagem, não diagnóstico.;
j26-141;Protocolo Dr. Jadson — Comportamento na Refeição (J26-141);maior=melhor/intenso;45;Intensidade moderada — suporte indicado;orange;Sinais presentes com repercussão no dia a dia. Vale estruturar suporte/estratégias e reavaliar a resposta ao longo do tempo. Triagem, não diagnóstico.;
j26-141;Protocolo Dr. Jadson — Comportamento na Refeição (J26-141);maior=melhor/intenso;20;Intensidade leve — acompanhar;amber;Alguns sinais presentes, de menor intensidade. Acompanhe a evolução e reforce estratégias no cotidiano.;
j26-141;Protocolo Dr. Jadson — Comportamento na Refeição (J26-141);maior=melhor/intenso;0;Pouco ou ausente;emerald;Poucos sinais relatados nesta área. Mantenha o acompanhamento de rotina.;
j26-142;Protocolo Dr. Jadson — Motor Oral e Deglutição (J26-142);maior=melhor/intenso;70;Intensidade alta — suporte significativo;red;Vários sinais presentes e intensos, com impacto no cotidiano. Recomenda-se avaliação dirigida e plano de suporte/intervenção. Triagem, não diagnóstico.;
j26-142;Protocolo Dr. Jadson — Motor Oral e Deglutição (J26-142);maior=melhor/intenso;45;Intensidade moderada — suporte indicado;orange;Sinais presentes com repercussão no dia a dia. Vale estruturar suporte/estratégias e reavaliar a resposta ao longo do tempo. Triagem, não diagnóstico.;
j26-142;Protocolo Dr. Jadson — Motor Oral e Deglutição (J26-142);maior=melhor/intenso;20;Intensidade leve — acompanhar;amber;Alguns sinais presentes, de menor intensidade. Acompanhe a evolução e reforce estratégias no cotidiano.;
j26-142;Protocolo Dr. Jadson — Motor Oral e Deglutição (J26-142);maior=melhor/intenso;0;Pouco ou ausente;emerald;Poucos sinais relatados nesta área. Mantenha o acompanhamento de rotina.;
j26-143;Protocolo Dr. Jadson — ARFID Expandido (J26-143);maior=melhor/intenso;70;Intensidade alta — suporte significativo;red;Vários sinais presentes e intensos, com impacto no cotidiano. Recomenda-se avaliação dirigida e plano de suporte/intervenção. Triagem, não diagnóstico.;
j26-143;Protocolo Dr. Jadson — ARFID Expandido (J26-143);maior=melhor/intenso;45;Intensidade moderada — suporte indicado;orange;Sinais presentes com repercussão no dia a dia. Vale estruturar suporte/estratégias e reavaliar a resposta ao longo do tempo. Triagem, não diagnóstico.;
j26-143;Protocolo Dr. Jadson — ARFID Expandido (J26-143);maior=melhor/intenso;20;Intensidade leve — acompanhar;amber;Alguns sinais presentes, de menor intensidade. Acompanhe a evolução e reforce estratégias no cotidiano.;
j26-143;Protocolo Dr. Jadson — ARFID Expandido (J26-143);maior=melhor/intenso;0;Pouco ou ausente;emerald;Poucos sinais relatados nesta área. Mantenha o acompanhamento de rotina.;
j26-144;Protocolo Dr. Jadson — Aversão a Textura (J26-144);maior=melhor/intenso;70;Intensidade alta — suporte significativo;red;Vários sinais presentes e intensos, com impacto no cotidiano. Recomenda-se avaliação dirigida e plano de suporte/intervenção. Triagem, não diagnóstico.;
j26-144;Protocolo Dr. Jadson — Aversão a Textura (J26-144);maior=melhor/intenso;45;Intensidade moderada — suporte indicado;orange;Sinais presentes com repercussão no dia a dia. Vale estruturar suporte/estratégias e reavaliar a resposta ao longo do tempo. Triagem, não diagnóstico.;
j26-144;Protocolo Dr. Jadson — Aversão a Textura (J26-144);maior=melhor/intenso;20;Intensidade leve — acompanhar;amber;Alguns sinais presentes, de menor intensidade. Acompanhe a evolução e reforce estratégias no cotidiano.;
j26-144;Protocolo Dr. Jadson — Aversão a Textura (J26-144);maior=melhor/intenso;0;Pouco ou ausente;emerald;Poucos sinais relatados nesta área. Mantenha o acompanhamento de rotina.;
j26-145;Protocolo Dr. Jadson — Neofobia Alimentar (J26-145);maior=melhor/intenso;70;Intensidade alta — suporte significativo;red;Vários sinais presentes e intensos, com impacto no cotidiano. Recomenda-se avaliação dirigida e plano de suporte/intervenção. Triagem, não diagnóstico.;
j26-145;Protocolo Dr. Jadson — Neofobia Alimentar (J26-145);maior=melhor/intenso;45;Intensidade moderada — suporte indicado;orange;Sinais presentes com repercussão no dia a dia. Vale estruturar suporte/estratégias e reavaliar a resposta ao longo do tempo. Triagem, não diagnóstico.;
j26-145;Protocolo Dr. Jadson — Neofobia Alimentar (J26-145);maior=melhor/intenso;20;Intensidade leve — acompanhar;amber;Alguns sinais presentes, de menor intensidade. Acompanhe a evolução e reforce estratégias no cotidiano.;
j26-145;Protocolo Dr. Jadson — Neofobia Alimentar (J26-145);maior=melhor/intenso;0;Pouco ou ausente;emerald;Poucos sinais relatados nesta área. Mantenha o acompanhamento de rotina.;
j26-146;Protocolo Dr. Jadson — Autonomia Alimentar (J26-146);maior=melhor/intenso;85;Desenvolvimento adequado para a idade;emerald;A maioria dos marcos esperados está presente. Mantenha o acompanhamento de rotina e a estimulação no dia a dia. Triagem não substitui avaliação clínica.;
j26-146;Protocolo Dr. Jadson — Autonomia Alimentar (J26-146);maior=melhor/intenso;65;Em desenvolvimento — vigiar e reavaliar;amber;Vários marcos já aparecem, mas alguns ainda estão emergindo. Reforce a estimulação e reavalie em 1–2 meses. Se houver outros sinais de alerta, antecipe a avaliação.;
j26-146;Protocolo Dr. Jadson — Autonomia Alimentar (J26-146);maior=melhor/intenso;45;Sinais de alerta — reavaliar em curto prazo;orange;Há marcos importantes ainda ausentes para a faixa etária. Recomenda-se reavaliação dirigida em curto prazo e considerar encaminhamento para estimulação/avaliação especializada.;
j26-146;Protocolo Dr. Jadson — Autonomia Alimentar (J26-146);maior=melhor/intenso;0;Atraso provável — investigar e encaminhar;red;Muitos marcos esperados estão ausentes. Recomenda-se investigação e encaminhamento para avaliação especializada (neuropediatria e/ou terapias). Esta é uma triagem, não um diagnóstico.;
j26-147;Protocolo Dr. Jadson — Preocupações Nutricionais (J26-147);maior=melhor/intenso;70;Intensidade alta — suporte significativo;red;Vários sinais presentes e intensos, com impacto no cotidiano. Recomenda-se avaliação dirigida e plano de suporte/intervenção. Triagem, não diagnóstico.;
j26-147;Protocolo Dr. Jadson — Preocupações Nutricionais (J26-147);maior=melhor/intenso;45;Intensidade moderada — suporte indicado;orange;Sinais presentes com repercussão no dia a dia. Vale estruturar suporte/estratégias e reavaliar a resposta ao longo do tempo. Triagem, não diagnóstico.;
j26-147;Protocolo Dr. Jadson — Preocupações Nutricionais (J26-147);maior=melhor/intenso;20;Intensidade leve — acompanhar;amber;Alguns sinais presentes, de menor intensidade. Acompanhe a evolução e reforce estratégias no cotidiano.;
j26-147;Protocolo Dr. Jadson — Preocupações Nutricionais (J26-147);maior=melhor/intenso;0;Pouco ou ausente;emerald;Poucos sinais relatados nesta área. Mantenha o acompanhamento de rotina.;
j26-148;Protocolo Dr. Jadson — Alimentação Amamentação (J26-148);maior=melhor/intenso;70;Intensidade alta — suporte significativo;red;Vários sinais presentes e intensos, com impacto no cotidiano. Recomenda-se avaliação dirigida e plano de suporte/intervenção. Triagem, não diagnóstico.;
j26-148;Protocolo Dr. Jadson — Alimentação Amamentação (J26-148);maior=melhor/intenso;45;Intensidade moderada — suporte indicado;orange;Sinais presentes com repercussão no dia a dia. Vale estruturar suporte/estratégias e reavaliar a resposta ao longo do tempo. Triagem, não diagnóstico.;
j26-148;Protocolo Dr. Jadson — Alimentação Amamentação (J26-148);maior=melhor/intenso;20;Intensidade leve — acompanhar;amber;Alguns sinais presentes, de menor intensidade. Acompanhe a evolução e reforce estratégias no cotidiano.;
j26-148;Protocolo Dr. Jadson — Alimentação Amamentação (J26-148);maior=melhor/intenso;0;Pouco ou ausente;emerald;Poucos sinais relatados nesta área. Mantenha o acompanhamento de rotina.;
j26-149;Protocolo Dr. Jadson — Recusa Alimentar Bebê (J26-149);maior=melhor/intenso;70;Intensidade alta — suporte significativo;red;Vários sinais presentes e intensos, com impacto no cotidiano. Recomenda-se avaliação dirigida e plano de suporte/intervenção. Triagem, não diagnóstico.;
j26-149;Protocolo Dr. Jadson — Recusa Alimentar Bebê (J26-149);maior=melhor/intenso;45;Intensidade moderada — suporte indicado;orange;Sinais presentes com repercussão no dia a dia. Vale estruturar suporte/estratégias e reavaliar a resposta ao longo do tempo. Triagem, não diagnóstico.;
j26-149;Protocolo Dr. Jadson — Recusa Alimentar Bebê (J26-149);maior=melhor/intenso;20;Intensidade leve — acompanhar;amber;Alguns sinais presentes, de menor intensidade. Acompanhe a evolução e reforce estratégias no cotidiano.;
j26-149;Protocolo Dr. Jadson — Recusa Alimentar Bebê (J26-149);maior=melhor/intenso;0;Pouco ou ausente;emerald;Poucos sinais relatados nesta área. Mantenha o acompanhamento de rotina.;
j26-151;Protocolo Dr. Jadson — Impacto Dor Crônica Criança (J26-151);maior=melhor/intenso;70;Intensidade alta — suporte significativo;red;Vários sinais presentes e intensos, com impacto no cotidiano. Recomenda-se avaliação dirigida e plano de suporte/intervenção. Triagem, não diagnóstico.;
j26-151;Protocolo Dr. Jadson — Impacto Dor Crônica Criança (J26-151);maior=melhor/intenso;45;Intensidade moderada — suporte indicado;orange;Sinais presentes com repercussão no dia a dia. Vale estruturar suporte/estratégias e reavaliar a resposta ao longo do tempo. Triagem, não diagnóstico.;
j26-151;Protocolo Dr. Jadson — Impacto Dor Crônica Criança (J26-151);maior=melhor/intenso;20;Intensidade leve — acompanhar;amber;Alguns sinais presentes, de menor intensidade. Acompanhe a evolução e reforce estratégias no cotidiano.;
j26-151;Protocolo Dr. Jadson — Impacto Dor Crônica Criança (J26-151);maior=melhor/intenso;0;Pouco ou ausente;emerald;Poucos sinais relatados nesta área. Mantenha o acompanhamento de rotina.;
j26-152;Protocolo Dr. Jadson — Catastrofização da Dor Infantil (J26-152);maior=melhor/intenso;70;Intensidade alta — suporte significativo;red;Vários sinais presentes e intensos, com impacto no cotidiano. Recomenda-se avaliação dirigida e plano de suporte/intervenção. Triagem, não diagnóstico.;
j26-152;Protocolo Dr. Jadson — Catastrofização da Dor Infantil (J26-152);maior=melhor/intenso;45;Intensidade moderada — suporte indicado;orange;Sinais presentes com repercussão no dia a dia. Vale estruturar suporte/estratégias e reavaliar a resposta ao longo do tempo. Triagem, não diagnóstico.;
j26-152;Protocolo Dr. Jadson — Catastrofização da Dor Infantil (J26-152);maior=melhor/intenso;20;Intensidade leve — acompanhar;amber;Alguns sinais presentes, de menor intensidade. Acompanhe a evolução e reforce estratégias no cotidiano.;
j26-152;Protocolo Dr. Jadson — Catastrofização da Dor Infantil (J26-152);maior=melhor/intenso;0;Pouco ou ausente;emerald;Poucos sinais relatados nesta área. Mantenha o acompanhamento de rotina.;
j26-153;Protocolo Dr. Jadson — Aura de Enxaqueca (J26-153);maior=melhor/intenso;70;Intensidade alta — suporte significativo;red;Vários sinais presentes e intensos, com impacto no cotidiano. Recomenda-se avaliação dirigida e plano de suporte/intervenção. Triagem, não diagnóstico.;
j26-153;Protocolo Dr. Jadson — Aura de Enxaqueca (J26-153);maior=melhor/intenso;45;Intensidade moderada — suporte indicado;orange;Sinais presentes com repercussão no dia a dia. Vale estruturar suporte/estratégias e reavaliar a resposta ao longo do tempo. Triagem, não diagnóstico.;
j26-153;Protocolo Dr. Jadson — Aura de Enxaqueca (J26-153);maior=melhor/intenso;20;Intensidade leve — acompanhar;amber;Alguns sinais presentes, de menor intensidade. Acompanhe a evolução e reforce estratégias no cotidiano.;
j26-153;Protocolo Dr. Jadson — Aura de Enxaqueca (J26-153);maior=melhor/intenso;0;Pouco ou ausente;emerald;Poucos sinais relatados nesta área. Mantenha o acompanhamento de rotina.;
j26-154;Protocolo Dr. Jadson — Dor Abdominal Funcional (J26-154);maior=melhor/intenso;70;Intensidade alta — suporte significativo;red;Vários sinais presentes e intensos, com impacto no cotidiano. Recomenda-se avaliação dirigida e plano de suporte/intervenção. Triagem, não diagnóstico.;
j26-154;Protocolo Dr. Jadson — Dor Abdominal Funcional (J26-154);maior=melhor/intenso;45;Intensidade moderada — suporte indicado;orange;Sinais presentes com repercussão no dia a dia. Vale estruturar suporte/estratégias e reavaliar a resposta ao longo do tempo. Triagem, não diagnóstico.;
j26-154;Protocolo Dr. Jadson — Dor Abdominal Funcional (J26-154);maior=melhor/intenso;20;Intensidade leve — acompanhar;amber;Alguns sinais presentes, de menor intensidade. Acompanhe a evolução e reforce estratégias no cotidiano.;
j26-154;Protocolo Dr. Jadson — Dor Abdominal Funcional (J26-154);maior=melhor/intenso;0;Pouco ou ausente;emerald;Poucos sinais relatados nesta área. Mantenha o acompanhamento de rotina.;
j26-155;Protocolo Dr. Jadson — Comunicação da Dor (J26-155);maior=melhor/intenso;85;Desenvolvimento adequado para a idade;emerald;A maioria dos marcos esperados está presente. Mantenha o acompanhamento de rotina e a estimulação no dia a dia. Triagem não substitui avaliação clínica.;
j26-155;Protocolo Dr. Jadson — Comunicação da Dor (J26-155);maior=melhor/intenso;65;Em desenvolvimento — vigiar e reavaliar;amber;Vários marcos já aparecem, mas alguns ainda estão emergindo. Reforce a estimulação e reavalie em 1–2 meses. Se houver outros sinais de alerta, antecipe a avaliação.;
j26-155;Protocolo Dr. Jadson — Comunicação da Dor (J26-155);maior=melhor/intenso;45;Sinais de alerta — reavaliar em curto prazo;orange;Há marcos importantes ainda ausentes para a faixa etária. Recomenda-se reavaliação dirigida em curto prazo e considerar encaminhamento para estimulação/avaliação especializada.;
j26-155;Protocolo Dr. Jadson — Comunicação da Dor (J26-155);maior=melhor/intenso;0;Atraso provável — investigar e encaminhar;red;Muitos marcos esperados estão ausentes. Recomenda-se investigação e encaminhamento para avaliação especializada (neuropediatria e/ou terapias). Esta é uma triagem, não um diagnóstico.;
j26-156;Protocolo Dr. Jadson — Dor Neuropática Criança (J26-156);maior=melhor/intenso;70;Intensidade alta — suporte significativo;red;Vários sinais presentes e intensos, com impacto no cotidiano. Recomenda-se avaliação dirigida e plano de suporte/intervenção. Triagem, não diagnóstico.;
j26-156;Protocolo Dr. Jadson — Dor Neuropática Criança (J26-156);maior=melhor/intenso;45;Intensidade moderada — suporte indicado;orange;Sinais presentes com repercussão no dia a dia. Vale estruturar suporte/estratégias e reavaliar a resposta ao longo do tempo. Triagem, não diagnóstico.;
j26-156;Protocolo Dr. Jadson — Dor Neuropática Criança (J26-156);maior=melhor/intenso;20;Intensidade leve — acompanhar;amber;Alguns sinais presentes, de menor intensidade. Acompanhe a evolução e reforce estratégias no cotidiano.;
j26-156;Protocolo Dr. Jadson — Dor Neuropática Criança (J26-156);maior=melhor/intenso;0;Pouco ou ausente;emerald;Poucos sinais relatados nesta área. Mantenha o acompanhamento de rotina.;
j26-157;Protocolo Dr. Jadson — Triagem Cefaleias Secundárias (J26-157);maior=melhor/intenso;70;Intensidade alta — suporte significativo;red;Vários sinais presentes e intensos, com impacto no cotidiano. Recomenda-se avaliação dirigida e plano de suporte/intervenção. Triagem, não diagnóstico.;
j26-157;Protocolo Dr. Jadson — Triagem Cefaleias Secundárias (J26-157);maior=melhor/intenso;45;Intensidade moderada — suporte indicado;orange;Sinais presentes com repercussão no dia a dia. Vale estruturar suporte/estratégias e reavaliar a resposta ao longo do tempo. Triagem, não diagnóstico.;
j26-157;Protocolo Dr. Jadson — Triagem Cefaleias Secundárias (J26-157);maior=melhor/intenso;20;Intensidade leve — acompanhar;amber;Alguns sinais presentes, de menor intensidade. Acompanhe a evolução e reforce estratégias no cotidiano.;
j26-157;Protocolo Dr. Jadson — Triagem Cefaleias Secundárias (J26-157);maior=melhor/intenso;0;Pouco ou ausente;emerald;Poucos sinais relatados nesta área. Mantenha o acompanhamento de rotina.;
j26-158;Protocolo Dr. Jadson — Gravidade das Crises (Pais) (J26-158);maior=melhor/intenso;70;Intensidade alta — suporte significativo;red;Vários sinais presentes e intensos, com impacto no cotidiano. Recomenda-se avaliação dirigida e plano de suporte/intervenção. Triagem, não diagnóstico.;
j26-158;Protocolo Dr. Jadson — Gravidade das Crises (Pais) (J26-158);maior=melhor/intenso;45;Intensidade moderada — suporte indicado;orange;Sinais presentes com repercussão no dia a dia. Vale estruturar suporte/estratégias e reavaliar a resposta ao longo do tempo. Triagem, não diagnóstico.;
j26-158;Protocolo Dr. Jadson — Gravidade das Crises (Pais) (J26-158);maior=melhor/intenso;20;Intensidade leve — acompanhar;amber;Alguns sinais presentes, de menor intensidade. Acompanhe a evolução e reforce estratégias no cotidiano.;
j26-158;Protocolo Dr. Jadson — Gravidade das Crises (Pais) (J26-158);maior=melhor/intenso;0;Pouco ou ausente;emerald;Poucos sinais relatados nesta área. Mantenha o acompanhamento de rotina.;
j26-159;Protocolo Dr. Jadson — Adesão Medicação Epilepsia (J26-159);maior=melhor/intenso;85;Desenvolvimento adequado para a idade;emerald;A maioria dos marcos esperados está presente. Mantenha o acompanhamento de rotina e a estimulação no dia a dia. Triagem não substitui avaliação clínica.;
j26-159;Protocolo Dr. Jadson — Adesão Medicação Epilepsia (J26-159);maior=melhor/intenso;65;Em desenvolvimento — vigiar e reavaliar;amber;Vários marcos já aparecem, mas alguns ainda estão emergindo. Reforce a estimulação e reavalie em 1–2 meses. Se houver outros sinais de alerta, antecipe a avaliação.;
j26-159;Protocolo Dr. Jadson — Adesão Medicação Epilepsia (J26-159);maior=melhor/intenso;45;Sinais de alerta — reavaliar em curto prazo;orange;Há marcos importantes ainda ausentes para a faixa etária. Recomenda-se reavaliação dirigida em curto prazo e considerar encaminhamento para estimulação/avaliação especializada.;
j26-159;Protocolo Dr. Jadson — Adesão Medicação Epilepsia (J26-159);maior=melhor/intenso;0;Atraso provável — investigar e encaminhar;red;Muitos marcos esperados estão ausentes. Recomenda-se investigação e encaminhamento para avaliação especializada (neuropediatria e/ou terapias). Esta é uma triagem, não um diagnóstico.;
j26-160;Protocolo Dr. Jadson — Qualidade de Vida Epilepsia Criança (J26-160);maior=melhor/intenso;70;Intensidade alta — suporte significativo;red;Vários sinais presentes e intensos, com impacto no cotidiano. Recomenda-se avaliação dirigida e plano de suporte/intervenção. Triagem, não diagnóstico.;
j26-160;Protocolo Dr. Jadson — Qualidade de Vida Epilepsia Criança (J26-160);maior=melhor/intenso;45;Intensidade moderada — suporte indicado;orange;Sinais presentes com repercussão no dia a dia. Vale estruturar suporte/estratégias e reavaliar a resposta ao longo do tempo. Triagem, não diagnóstico.;
j26-160;Protocolo Dr. Jadson — Qualidade de Vida Epilepsia Criança (J26-160);maior=melhor/intenso;20;Intensidade leve — acompanhar;amber;Alguns sinais presentes, de menor intensidade. Acompanhe a evolução e reforce estratégias no cotidiano.;
j26-160;Protocolo Dr. Jadson — Qualidade de Vida Epilepsia Criança (J26-160);maior=melhor/intenso;0;Pouco ou ausente;emerald;Poucos sinais relatados nesta área. Mantenha o acompanhamento de rotina.;
j26-161;Protocolo Dr. Jadson — Cognição e Epilepsia (J26-161);maior=melhor/intenso;70;Intensidade alta — suporte significativo;red;Vários sinais presentes e intensos, com impacto no cotidiano. Recomenda-se avaliação dirigida e plano de suporte/intervenção. Triagem, não diagnóstico.;
j26-161;Protocolo Dr. Jadson — Cognição e Epilepsia (J26-161);maior=melhor/intenso;45;Intensidade moderada — suporte indicado;orange;Sinais presentes com repercussão no dia a dia. Vale estruturar suporte/estratégias e reavaliar a resposta ao longo do tempo. Triagem, não diagnóstico.;
j26-161;Protocolo Dr. Jadson — Cognição e Epilepsia (J26-161);maior=melhor/intenso;20;Intensidade leve — acompanhar;amber;Alguns sinais presentes, de menor intensidade. Acompanhe a evolução e reforce estratégias no cotidiano.;
j26-161;Protocolo Dr. Jadson — Cognição e Epilepsia (J26-161);maior=melhor/intenso;0;Pouco ou ausente;emerald;Poucos sinais relatados nesta área. Mantenha o acompanhamento de rotina.;
j26-162;Protocolo Dr. Jadson — Gatilhos das Crises (J26-162);maior=melhor/intenso;70;Intensidade alta — suporte significativo;red;Vários sinais presentes e intensos, com impacto no cotidiano. Recomenda-se avaliação dirigida e plano de suporte/intervenção. Triagem, não diagnóstico.;
j26-162;Protocolo Dr. Jadson — Gatilhos das Crises (J26-162);maior=melhor/intenso;45;Intensidade moderada — suporte indicado;orange;Sinais presentes com repercussão no dia a dia. Vale estruturar suporte/estratégias e reavaliar a resposta ao longo do tempo. Triagem, não diagnóstico.;
j26-162;Protocolo Dr. Jadson — Gatilhos das Crises (J26-162);maior=melhor/intenso;20;Intensidade leve — acompanhar;amber;Alguns sinais presentes, de menor intensidade. Acompanhe a evolução e reforce estratégias no cotidiano.;
j26-162;Protocolo Dr. Jadson — Gatilhos das Crises (J26-162);maior=melhor/intenso;0;Pouco ou ausente;emerald;Poucos sinais relatados nesta área. Mantenha o acompanhamento de rotina.;
j26-163;Protocolo Dr. Jadson — Protocolo Crise de Emergência (J26-163);maior=melhor/intenso;85;Desenvolvimento adequado para a idade;emerald;A maioria dos marcos esperados está presente. Mantenha o acompanhamento de rotina e a estimulação no dia a dia. Triagem não substitui avaliação clínica.;
j26-163;Protocolo Dr. Jadson — Protocolo Crise de Emergência (J26-163);maior=melhor/intenso;65;Em desenvolvimento — vigiar e reavaliar;amber;Vários marcos já aparecem, mas alguns ainda estão emergindo. Reforce a estimulação e reavalie em 1–2 meses. Se houver outros sinais de alerta, antecipe a avaliação.;
j26-163;Protocolo Dr. Jadson — Protocolo Crise de Emergência (J26-163);maior=melhor/intenso;45;Sinais de alerta — reavaliar em curto prazo;orange;Há marcos importantes ainda ausentes para a faixa etária. Recomenda-se reavaliação dirigida em curto prazo e considerar encaminhamento para estimulação/avaliação especializada.;
j26-163;Protocolo Dr. Jadson — Protocolo Crise de Emergência (J26-163);maior=melhor/intenso;0;Atraso provável — investigar e encaminhar;red;Muitos marcos esperados estão ausentes. Recomenda-se investigação e encaminhamento para avaliação especializada (neuropediatria e/ou terapias). Esta é uma triagem, não um diagnóstico.;
j26-164;Protocolo Dr. Jadson — Monitorização Dieta Cetogênica (J26-164);maior=melhor/intenso;85;Desenvolvimento adequado para a idade;emerald;A maioria dos marcos esperados está presente. Mantenha o acompanhamento de rotina e a estimulação no dia a dia. Triagem não substitui avaliação clínica.;
j26-164;Protocolo Dr. Jadson — Monitorização Dieta Cetogênica (J26-164);maior=melhor/intenso;65;Em desenvolvimento — vigiar e reavaliar;amber;Vários marcos já aparecem, mas alguns ainda estão emergindo. Reforce a estimulação e reavalie em 1–2 meses. Se houver outros sinais de alerta, antecipe a avaliação.;
j26-164;Protocolo Dr. Jadson — Monitorização Dieta Cetogênica (J26-164);maior=melhor/intenso;45;Sinais de alerta — reavaliar em curto prazo;orange;Há marcos importantes ainda ausentes para a faixa etária. Recomenda-se reavaliação dirigida em curto prazo e considerar encaminhamento para estimulação/avaliação especializada.;
j26-164;Protocolo Dr. Jadson — Monitorização Dieta Cetogênica (J26-164);maior=melhor/intenso;0;Atraso provável — investigar e encaminhar;red;Muitos marcos esperados estão ausentes. Recomenda-se investigação e encaminhamento para avaliação especializada (neuropediatria e/ou terapias). Esta é uma triagem, não um diagnóstico.;
j26-165;Protocolo Dr. Jadson — Efeitos Antiepilépticos (J26-165);maior=melhor/intenso;70;Intensidade alta — suporte significativo;red;Vários sinais presentes e intensos, com impacto no cotidiano. Recomenda-se avaliação dirigida e plano de suporte/intervenção. Triagem, não diagnóstico.;
j26-165;Protocolo Dr. Jadson — Efeitos Antiepilépticos (J26-165);maior=melhor/intenso;45;Intensidade moderada — suporte indicado;orange;Sinais presentes com repercussão no dia a dia. Vale estruturar suporte/estratégias e reavaliar a resposta ao longo do tempo. Triagem, não diagnóstico.;
j26-165;Protocolo Dr. Jadson — Efeitos Antiepilépticos (J26-165);maior=melhor/intenso;20;Intensidade leve — acompanhar;amber;Alguns sinais presentes, de menor intensidade. Acompanhe a evolução e reforce estratégias no cotidiano.;
j26-165;Protocolo Dr. Jadson — Efeitos Antiepilépticos (J26-165);maior=melhor/intenso;0;Pouco ou ausente;emerald;Poucos sinais relatados nesta área. Mantenha o acompanhamento de rotina.;
j26-166;Protocolo Dr. Jadson — Depressão e Epilepsia (J26-166);maior=melhor/intenso;70;Intensidade alta — suporte significativo;red;Vários sinais presentes e intensos, com impacto no cotidiano. Recomenda-se avaliação dirigida e plano de suporte/intervenção. Triagem, não diagnóstico.;
j26-166;Protocolo Dr. Jadson — Depressão e Epilepsia (J26-166);maior=melhor/intenso;45;Intensidade moderada — suporte indicado;orange;Sinais presentes com repercussão no dia a dia. Vale estruturar suporte/estratégias e reavaliar a resposta ao longo do tempo. Triagem, não diagnóstico.;
j26-166;Protocolo Dr. Jadson — Depressão e Epilepsia (J26-166);maior=melhor/intenso;20;Intensidade leve — acompanhar;amber;Alguns sinais presentes, de menor intensidade. Acompanhe a evolução e reforce estratégias no cotidiano.;
j26-166;Protocolo Dr. Jadson — Depressão e Epilepsia (J26-166);maior=melhor/intenso;0;Pouco ou ausente;emerald;Poucos sinais relatados nesta área. Mantenha o acompanhamento de rotina.;
j26-167;Protocolo Dr. Jadson — Epilepsia e Escola (J26-167);maior=melhor/intenso;85;Desenvolvimento adequado para a idade;emerald;A maioria dos marcos esperados está presente. Mantenha o acompanhamento de rotina e a estimulação no dia a dia. Triagem não substitui avaliação clínica.;
j26-167;Protocolo Dr. Jadson — Epilepsia e Escola (J26-167);maior=melhor/intenso;65;Em desenvolvimento — vigiar e reavaliar;amber;Vários marcos já aparecem, mas alguns ainda estão emergindo. Reforce a estimulação e reavalie em 1–2 meses. Se houver outros sinais de alerta, antecipe a avaliação.;
j26-167;Protocolo Dr. Jadson — Epilepsia e Escola (J26-167);maior=melhor/intenso;45;Sinais de alerta — reavaliar em curto prazo;orange;Há marcos importantes ainda ausentes para a faixa etária. Recomenda-se reavaliação dirigida em curto prazo e considerar encaminhamento para estimulação/avaliação especializada.;
j26-167;Protocolo Dr. Jadson — Epilepsia e Escola (J26-167);maior=melhor/intenso;0;Atraso provável — investigar e encaminhar;red;Muitos marcos esperados estão ausentes. Recomenda-se investigação e encaminhamento para avaliação especializada (neuropediatria e/ou terapias). Esta é uma triagem, não um diagnóstico.;
j26-168;Protocolo Dr. Jadson — TOC Infantil Triagem (J26-168);maior=melhor/intenso;70;Intensidade alta — suporte significativo;red;Vários sinais presentes e intensos, com impacto no cotidiano. Recomenda-se avaliação dirigida e plano de suporte/intervenção. Triagem, não diagnóstico.;
j26-168;Protocolo Dr. Jadson — TOC Infantil Triagem (J26-168);maior=melhor/intenso;45;Intensidade moderada — suporte indicado;orange;Sinais presentes com repercussão no dia a dia. Vale estruturar suporte/estratégias e reavaliar a resposta ao longo do tempo. Triagem, não diagnóstico.;
j26-168;Protocolo Dr. Jadson — TOC Infantil Triagem (J26-168);maior=melhor/intenso;20;Intensidade leve — acompanhar;amber;Alguns sinais presentes, de menor intensidade. Acompanhe a evolução e reforce estratégias no cotidiano.;
j26-168;Protocolo Dr. Jadson — TOC Infantil Triagem (J26-168);maior=melhor/intenso;0;Pouco ou ausente;emerald;Poucos sinais relatados nesta área. Mantenha o acompanhamento de rotina.;
j26-169;Protocolo Dr. Jadson — PTSD Criança (J26-169);maior=melhor/intenso;70;Intensidade alta — suporte significativo;red;Vários sinais presentes e intensos, com impacto no cotidiano. Recomenda-se avaliação dirigida e plano de suporte/intervenção. Triagem, não diagnóstico.;
j26-169;Protocolo Dr. Jadson — PTSD Criança (J26-169);maior=melhor/intenso;45;Intensidade moderada — suporte indicado;orange;Sinais presentes com repercussão no dia a dia. Vale estruturar suporte/estratégias e reavaliar a resposta ao longo do tempo. Triagem, não diagnóstico.;
j26-169;Protocolo Dr. Jadson — PTSD Criança (J26-169);maior=melhor/intenso;20;Intensidade leve — acompanhar;amber;Alguns sinais presentes, de menor intensidade. Acompanhe a evolução e reforce estratégias no cotidiano.;
j26-169;Protocolo Dr. Jadson — PTSD Criança (J26-169);maior=melhor/intenso;0;Pouco ou ausente;emerald;Poucos sinais relatados nesta área. Mantenha o acompanhamento de rotina.;
j26-170;Protocolo Dr. Jadson — Mania Infantil (J26-170);maior=melhor/intenso;70;Intensidade alta — suporte significativo;red;Vários sinais presentes e intensos, com impacto no cotidiano. Recomenda-se avaliação dirigida e plano de suporte/intervenção. Triagem, não diagnóstico.;
j26-170;Protocolo Dr. Jadson — Mania Infantil (J26-170);maior=melhor/intenso;45;Intensidade moderada — suporte indicado;orange;Sinais presentes com repercussão no dia a dia. Vale estruturar suporte/estratégias e reavaliar a resposta ao longo do tempo. Triagem, não diagnóstico.;
j26-170;Protocolo Dr. Jadson — Mania Infantil (J26-170);maior=melhor/intenso;20;Intensidade leve — acompanhar;amber;Alguns sinais presentes, de menor intensidade. Acompanhe a evolução e reforce estratégias no cotidiano.;
j26-170;Protocolo Dr. Jadson — Mania Infantil (J26-170);maior=melhor/intenso;0;Pouco ou ausente;emerald;Poucos sinais relatados nesta área. Mantenha o acompanhamento de rotina.;
j26-171;Protocolo Dr. Jadson — Psicose Risco Adolescente (J26-171);maior=melhor/intenso;70;Intensidade alta — suporte significativo;red;Vários sinais presentes e intensos, com impacto no cotidiano. Recomenda-se avaliação dirigida e plano de suporte/intervenção. Triagem, não diagnóstico.;
j26-171;Protocolo Dr. Jadson — Psicose Risco Adolescente (J26-171);maior=melhor/intenso;45;Intensidade moderada — suporte indicado;orange;Sinais presentes com repercussão no dia a dia. Vale estruturar suporte/estratégias e reavaliar a resposta ao longo do tempo. Triagem, não diagnóstico.;
j26-171;Protocolo Dr. Jadson — Psicose Risco Adolescente (J26-171);maior=melhor/intenso;20;Intensidade leve — acompanhar;amber;Alguns sinais presentes, de menor intensidade. Acompanhe a evolução e reforce estratégias no cotidiano.;
j26-171;Protocolo Dr. Jadson — Psicose Risco Adolescente (J26-171);maior=melhor/intenso;0;Pouco ou ausente;emerald;Poucos sinais relatados nesta área. Mantenha o acompanhamento de rotina.;
j26-172;Protocolo Dr. Jadson — Substâncias Adolescente (J26-172);maior=melhor/intenso;70;Intensidade alta — suporte significativo;red;Vários sinais presentes e intensos, com impacto no cotidiano. Recomenda-se avaliação dirigida e plano de suporte/intervenção. Triagem, não diagnóstico.;
j26-172;Protocolo Dr. Jadson — Substâncias Adolescente (J26-172);maior=melhor/intenso;45;Intensidade moderada — suporte indicado;orange;Sinais presentes com repercussão no dia a dia. Vale estruturar suporte/estratégias e reavaliar a resposta ao longo do tempo. Triagem, não diagnóstico.;
j26-172;Protocolo Dr. Jadson — Substâncias Adolescente (J26-172);maior=melhor/intenso;20;Intensidade leve — acompanhar;amber;Alguns sinais presentes, de menor intensidade. Acompanhe a evolução e reforce estratégias no cotidiano.;
j26-172;Protocolo Dr. Jadson — Substâncias Adolescente (J26-172);maior=melhor/intenso;0;Pouco ou ausente;emerald;Poucos sinais relatados nesta área. Mantenha o acompanhamento de rotina.;
j26-173;Protocolo Dr. Jadson — Dissociação Infantil (J26-173);maior=melhor/intenso;70;Intensidade alta — suporte significativo;red;Vários sinais presentes e intensos, com impacto no cotidiano. Recomenda-se avaliação dirigida e plano de suporte/intervenção. Triagem, não diagnóstico.;
j26-173;Protocolo Dr. Jadson — Dissociação Infantil (J26-173);maior=melhor/intenso;45;Intensidade moderada — suporte indicado;orange;Sinais presentes com repercussão no dia a dia. Vale estruturar suporte/estratégias e reavaliar a resposta ao longo do tempo. Triagem, não diagnóstico.;
j26-173;Protocolo Dr. Jadson — Dissociação Infantil (J26-173);maior=melhor/intenso;20;Intensidade leve — acompanhar;amber;Alguns sinais presentes, de menor intensidade. Acompanhe a evolução e reforce estratégias no cotidiano.;
j26-173;Protocolo Dr. Jadson — Dissociação Infantil (J26-173);maior=melhor/intenso;0;Pouco ou ausente;emerald;Poucos sinais relatados nesta área. Mantenha o acompanhamento de rotina.;
j26-174;Protocolo Dr. Jadson — Traços de Personalidade Adolescente (J26-174);maior=melhor/intenso;70;Intensidade alta — suporte significativo;red;Vários sinais presentes e intensos, com impacto no cotidiano. Recomenda-se avaliação dirigida e plano de suporte/intervenção. Triagem, não diagnóstico.;
j26-174;Protocolo Dr. Jadson — Traços de Personalidade Adolescente (J26-174);maior=melhor/intenso;45;Intensidade moderada — suporte indicado;orange;Sinais presentes com repercussão no dia a dia. Vale estruturar suporte/estratégias e reavaliar a resposta ao longo do tempo. Triagem, não diagnóstico.;
j26-174;Protocolo Dr. Jadson — Traços de Personalidade Adolescente (J26-174);maior=melhor/intenso;20;Intensidade leve — acompanhar;amber;Alguns sinais presentes, de menor intensidade. Acompanhe a evolução e reforce estratégias no cotidiano.;
j26-174;Protocolo Dr. Jadson — Traços de Personalidade Adolescente (J26-174);maior=melhor/intenso;0;Pouco ou ausente;emerald;Poucos sinais relatados nesta área. Mantenha o acompanhamento de rotina.;
j26-175;Protocolo Dr. Jadson — Inteligência Emocional Criança (J26-175);maior=melhor/intenso;85;Desenvolvimento adequado para a idade;emerald;A maioria dos marcos esperados está presente. Mantenha o acompanhamento de rotina e a estimulação no dia a dia. Triagem não substitui avaliação clínica.;
j26-175;Protocolo Dr. Jadson — Inteligência Emocional Criança (J26-175);maior=melhor/intenso;65;Em desenvolvimento — vigiar e reavaliar;amber;Vários marcos já aparecem, mas alguns ainda estão emergindo. Reforce a estimulação e reavalie em 1–2 meses. Se houver outros sinais de alerta, antecipe a avaliação.;
j26-175;Protocolo Dr. Jadson — Inteligência Emocional Criança (J26-175);maior=melhor/intenso;45;Sinais de alerta — reavaliar em curto prazo;orange;Há marcos importantes ainda ausentes para a faixa etária. Recomenda-se reavaliação dirigida em curto prazo e considerar encaminhamento para estimulação/avaliação especializada.;
j26-175;Protocolo Dr. Jadson — Inteligência Emocional Criança (J26-175);maior=melhor/intenso;0;Atraso provável — investigar e encaminhar;red;Muitos marcos esperados estão ausentes. Recomenda-se investigação e encaminhamento para avaliação especializada (neuropediatria e/ou terapias). Esta é uma triagem, não um diagnóstico.;
j26-176;Protocolo Dr. Jadson — Resiliência Infantil (J26-176);maior=melhor/intenso;85;Desenvolvimento adequado para a idade;emerald;A maioria dos marcos esperados está presente. Mantenha o acompanhamento de rotina e a estimulação no dia a dia. Triagem não substitui avaliação clínica.;
j26-176;Protocolo Dr. Jadson — Resiliência Infantil (J26-176);maior=melhor/intenso;65;Em desenvolvimento — vigiar e reavaliar;amber;Vários marcos já aparecem, mas alguns ainda estão emergindo. Reforce a estimulação e reavalie em 1–2 meses. Se houver outros sinais de alerta, antecipe a avaliação.;
j26-176;Protocolo Dr. Jadson — Resiliência Infantil (J26-176);maior=melhor/intenso;45;Sinais de alerta — reavaliar em curto prazo;orange;Há marcos importantes ainda ausentes para a faixa etária. Recomenda-se reavaliação dirigida em curto prazo e considerar encaminhamento para estimulação/avaliação especializada.;
j26-176;Protocolo Dr. Jadson — Resiliência Infantil (J26-176);maior=melhor/intenso;0;Atraso provável — investigar e encaminhar;red;Muitos marcos esperados estão ausentes. Recomenda-se investigação e encaminhamento para avaliação especializada (neuropediatria e/ou terapias). Esta é uma triagem, não um diagnóstico.;
j26-177;Protocolo Dr. Jadson — PTSD Adolescente (J26-177);maior=melhor/intenso;70;Intensidade alta — suporte significativo;red;Vários sinais presentes e intensos, com impacto no cotidiano. Recomenda-se avaliação dirigida e plano de suporte/intervenção. Triagem, não diagnóstico.;
j26-177;Protocolo Dr. Jadson — PTSD Adolescente (J26-177);maior=melhor/intenso;45;Intensidade moderada — suporte indicado;orange;Sinais presentes com repercussão no dia a dia. Vale estruturar suporte/estratégias e reavaliar a resposta ao longo do tempo. Triagem, não diagnóstico.;
j26-177;Protocolo Dr. Jadson — PTSD Adolescente (J26-177);maior=melhor/intenso;20;Intensidade leve — acompanhar;amber;Alguns sinais presentes, de menor intensidade. Acompanhe a evolução e reforce estratégias no cotidiano.;
j26-177;Protocolo Dr. Jadson — PTSD Adolescente (J26-177);maior=melhor/intenso;0;Pouco ou ausente;emerald;Poucos sinais relatados nesta área. Mantenha o acompanhamento de rotina.;
j26-178;Protocolo Dr. Jadson — Suicídio Adolescente Avaliação (J26-178);maior=melhor/intenso;70;Intensidade alta — suporte significativo;red;Vários sinais presentes e intensos, com impacto no cotidiano. Recomenda-se avaliação dirigida e plano de suporte/intervenção. Triagem, não diagnóstico.;
j26-178;Protocolo Dr. Jadson — Suicídio Adolescente Avaliação (J26-178);maior=melhor/intenso;45;Intensidade moderada — suporte indicado;orange;Sinais presentes com repercussão no dia a dia. Vale estruturar suporte/estratégias e reavaliar a resposta ao longo do tempo. Triagem, não diagnóstico.;
j26-178;Protocolo Dr. Jadson — Suicídio Adolescente Avaliação (J26-178);maior=melhor/intenso;20;Intensidade leve — acompanhar;amber;Alguns sinais presentes, de menor intensidade. Acompanhe a evolução e reforce estratégias no cotidiano.;
j26-178;Protocolo Dr. Jadson — Suicídio Adolescente Avaliação (J26-178);maior=melhor/intenso;0;Pouco ou ausente;emerald;Poucos sinais relatados nesta área. Mantenha o acompanhamento de rotina.;
j26-179;Protocolo Dr. Jadson — Enurese e Encoprese (J26-179);maior=melhor/intenso;70;Intensidade alta — suporte significativo;red;Vários sinais presentes e intensos, com impacto no cotidiano. Recomenda-se avaliação dirigida e plano de suporte/intervenção. Triagem, não diagnóstico.;
j26-179;Protocolo Dr. Jadson — Enurese e Encoprese (J26-179);maior=melhor/intenso;45;Intensidade moderada — suporte indicado;orange;Sinais presentes com repercussão no dia a dia. Vale estruturar suporte/estratégias e reavaliar a resposta ao longo do tempo. Triagem, não diagnóstico.;
j26-179;Protocolo Dr. Jadson — Enurese e Encoprese (J26-179);maior=melhor/intenso;20;Intensidade leve — acompanhar;amber;Alguns sinais presentes, de menor intensidade. Acompanhe a evolução e reforce estratégias no cotidiano.;
j26-179;Protocolo Dr. Jadson — Enurese e Encoprese (J26-179);maior=melhor/intenso;0;Pouco ou ausente;emerald;Poucos sinais relatados nesta área. Mantenha o acompanhamento de rotina.;
j26-180;Protocolo Dr. Jadson — AVDs Infantis (J26-180);maior=melhor/intenso;85;Desenvolvimento adequado para a idade;emerald;A maioria dos marcos esperados está presente. Mantenha o acompanhamento de rotina e a estimulação no dia a dia. Triagem não substitui avaliação clínica.;
j26-180;Protocolo Dr. Jadson — AVDs Infantis (J26-180);maior=melhor/intenso;65;Em desenvolvimento — vigiar e reavaliar;amber;Vários marcos já aparecem, mas alguns ainda estão emergindo. Reforce a estimulação e reavalie em 1–2 meses. Se houver outros sinais de alerta, antecipe a avaliação.;
j26-180;Protocolo Dr. Jadson — AVDs Infantis (J26-180);maior=melhor/intenso;45;Sinais de alerta — reavaliar em curto prazo;orange;Há marcos importantes ainda ausentes para a faixa etária. Recomenda-se reavaliação dirigida em curto prazo e considerar encaminhamento para estimulação/avaliação especializada.;
j26-180;Protocolo Dr. Jadson — AVDs Infantis (J26-180);maior=melhor/intenso;0;Atraso provável — investigar e encaminhar;red;Muitos marcos esperados estão ausentes. Recomenda-se investigação e encaminhamento para avaliação especializada (neuropediatria e/ou terapias). Esta é uma triagem, não um diagnóstico.;
j26-181;Protocolo Dr. Jadson — Participação Social Criança (J26-181);maior=melhor/intenso;85;Desenvolvimento adequado para a idade;emerald;A maioria dos marcos esperados está presente. Mantenha o acompanhamento de rotina e a estimulação no dia a dia. Triagem não substitui avaliação clínica.;
j26-181;Protocolo Dr. Jadson — Participação Social Criança (J26-181);maior=melhor/intenso;65;Em desenvolvimento — vigiar e reavaliar;amber;Vários marcos já aparecem, mas alguns ainda estão emergindo. Reforce a estimulação e reavalie em 1–2 meses. Se houver outros sinais de alerta, antecipe a avaliação.;
j26-181;Protocolo Dr. Jadson — Participação Social Criança (J26-181);maior=melhor/intenso;45;Sinais de alerta — reavaliar em curto prazo;orange;Há marcos importantes ainda ausentes para a faixa etária. Recomenda-se reavaliação dirigida em curto prazo e considerar encaminhamento para estimulação/avaliação especializada.;
j26-181;Protocolo Dr. Jadson — Participação Social Criança (J26-181);maior=melhor/intenso;0;Atraso provável — investigar e encaminhar;red;Muitos marcos esperados estão ausentes. Recomenda-se investigação e encaminhamento para avaliação especializada (neuropediatria e/ou terapias). Esta é uma triagem, não um diagnóstico.;
j26-182;Protocolo Dr. Jadson — Sobrecarga Cuidador (J26-182);maior=melhor/intenso;70;Intensidade alta — suporte significativo;red;Vários sinais presentes e intensos, com impacto no cotidiano. Recomenda-se avaliação dirigida e plano de suporte/intervenção. Triagem, não diagnóstico.;
j26-182;Protocolo Dr. Jadson — Sobrecarga Cuidador (J26-182);maior=melhor/intenso;45;Intensidade moderada — suporte indicado;orange;Sinais presentes com repercussão no dia a dia. Vale estruturar suporte/estratégias e reavaliar a resposta ao longo do tempo. Triagem, não diagnóstico.;
j26-182;Protocolo Dr. Jadson — Sobrecarga Cuidador (J26-182);maior=melhor/intenso;20;Intensidade leve — acompanhar;amber;Alguns sinais presentes, de menor intensidade. Acompanhe a evolução e reforce estratégias no cotidiano.;
j26-182;Protocolo Dr. Jadson — Sobrecarga Cuidador (J26-182);maior=melhor/intenso;0;Pouco ou ausente;emerald;Poucos sinais relatados nesta área. Mantenha o acompanhamento de rotina.;
j26-183;Protocolo Dr. Jadson — QV Família TEA/TDAH (J26-183);maior=melhor/intenso;70;Intensidade alta — suporte significativo;red;Vários sinais presentes e intensos, com impacto no cotidiano. Recomenda-se avaliação dirigida e plano de suporte/intervenção. Triagem, não diagnóstico.;
j26-183;Protocolo Dr. Jadson — QV Família TEA/TDAH (J26-183);maior=melhor/intenso;45;Intensidade moderada — suporte indicado;orange;Sinais presentes com repercussão no dia a dia. Vale estruturar suporte/estratégias e reavaliar a resposta ao longo do tempo. Triagem, não diagnóstico.;
j26-183;Protocolo Dr. Jadson — QV Família TEA/TDAH (J26-183);maior=melhor/intenso;20;Intensidade leve — acompanhar;amber;Alguns sinais presentes, de menor intensidade. Acompanhe a evolução e reforce estratégias no cotidiano.;
j26-183;Protocolo Dr. Jadson — QV Família TEA/TDAH (J26-183);maior=melhor/intenso;0;Pouco ou ausente;emerald;Poucos sinais relatados nesta área. Mantenha o acompanhamento de rotina.;
j26-184;Protocolo Dr. Jadson — Satisfação Tratamento (J26-184);maior=melhor/intenso;85;Desenvolvimento adequado para a idade;emerald;A maioria dos marcos esperados está presente. Mantenha o acompanhamento de rotina e a estimulação no dia a dia. Triagem não substitui avaliação clínica.;
j26-184;Protocolo Dr. Jadson — Satisfação Tratamento (J26-184);maior=melhor/intenso;65;Em desenvolvimento — vigiar e reavaliar;amber;Vários marcos já aparecem, mas alguns ainda estão emergindo. Reforce a estimulação e reavalie em 1–2 meses. Se houver outros sinais de alerta, antecipe a avaliação.;
j26-184;Protocolo Dr. Jadson — Satisfação Tratamento (J26-184);maior=melhor/intenso;45;Sinais de alerta — reavaliar em curto prazo;orange;Há marcos importantes ainda ausentes para a faixa etária. Recomenda-se reavaliação dirigida em curto prazo e considerar encaminhamento para estimulação/avaliação especializada.;
j26-184;Protocolo Dr. Jadson — Satisfação Tratamento (J26-184);maior=melhor/intenso;0;Atraso provável — investigar e encaminhar;red;Muitos marcos esperados estão ausentes. Recomenda-se investigação e encaminhamento para avaliação especializada (neuropediatria e/ou terapias). Esta é uma triagem, não um diagnóstico.;
j26-185;Protocolo Dr. Jadson — Engajamento Terapias (J26-185);maior=melhor/intenso;85;Desenvolvimento adequado para a idade;emerald;A maioria dos marcos esperados está presente. Mantenha o acompanhamento de rotina e a estimulação no dia a dia. Triagem não substitui avaliação clínica.;
j26-185;Protocolo Dr. Jadson — Engajamento Terapias (J26-185);maior=melhor/intenso;65;Em desenvolvimento — vigiar e reavaliar;amber;Vários marcos já aparecem, mas alguns ainda estão emergindo. Reforce a estimulação e reavalie em 1–2 meses. Se houver outros sinais de alerta, antecipe a avaliação.;
j26-185;Protocolo Dr. Jadson — Engajamento Terapias (J26-185);maior=melhor/intenso;45;Sinais de alerta — reavaliar em curto prazo;orange;Há marcos importantes ainda ausentes para a faixa etária. Recomenda-se reavaliação dirigida em curto prazo e considerar encaminhamento para estimulação/avaliação especializada.;
j26-185;Protocolo Dr. Jadson — Engajamento Terapias (J26-185);maior=melhor/intenso;0;Atraso provável — investigar e encaminhar;red;Muitos marcos esperados estão ausentes. Recomenda-se investigação e encaminhamento para avaliação especializada (neuropediatria e/ou terapias). Esta é uma triagem, não um diagnóstico.;
j26-186;Protocolo Dr. Jadson — Inclusão Escolar Efetiva (J26-186);maior=melhor/intenso;85;Desenvolvimento adequado para a idade;emerald;A maioria dos marcos esperados está presente. Mantenha o acompanhamento de rotina e a estimulação no dia a dia. Triagem não substitui avaliação clínica.;
j26-186;Protocolo Dr. Jadson — Inclusão Escolar Efetiva (J26-186);maior=melhor/intenso;65;Em desenvolvimento — vigiar e reavaliar;amber;Vários marcos já aparecem, mas alguns ainda estão emergindo. Reforce a estimulação e reavalie em 1–2 meses. Se houver outros sinais de alerta, antecipe a avaliação.;
j26-186;Protocolo Dr. Jadson — Inclusão Escolar Efetiva (J26-186);maior=melhor/intenso;45;Sinais de alerta — reavaliar em curto prazo;orange;Há marcos importantes ainda ausentes para a faixa etária. Recomenda-se reavaliação dirigida em curto prazo e considerar encaminhamento para estimulação/avaliação especializada.;
j26-186;Protocolo Dr. Jadson — Inclusão Escolar Efetiva (J26-186);maior=melhor/intenso;0;Atraso provável — investigar e encaminhar;red;Muitos marcos esperados estão ausentes. Recomenda-se investigação e encaminhamento para avaliação especializada (neuropediatria e/ou terapias). Esta é uma triagem, não um diagnóstico.;
j26-187;Protocolo Dr. Jadson — Autonomia Adolescente Especial (J26-187);maior=melhor/intenso;85;Desenvolvimento adequado para a idade;emerald;A maioria dos marcos esperados está presente. Mantenha o acompanhamento de rotina e a estimulação no dia a dia. Triagem não substitui avaliação clínica.;
j26-187;Protocolo Dr. Jadson — Autonomia Adolescente Especial (J26-187);maior=melhor/intenso;65;Em desenvolvimento — vigiar e reavaliar;amber;Vários marcos já aparecem, mas alguns ainda estão emergindo. Reforce a estimulação e reavalie em 1–2 meses. Se houver outros sinais de alerta, antecipe a avaliação.;
j26-187;Protocolo Dr. Jadson — Autonomia Adolescente Especial (J26-187);maior=melhor/intenso;45;Sinais de alerta — reavaliar em curto prazo;orange;Há marcos importantes ainda ausentes para a faixa etária. Recomenda-se reavaliação dirigida em curto prazo e considerar encaminhamento para estimulação/avaliação especializada.;
j26-187;Protocolo Dr. Jadson — Autonomia Adolescente Especial (J26-187);maior=melhor/intenso;0;Atraso provável — investigar e encaminhar;red;Muitos marcos esperados estão ausentes. Recomenda-se investigação e encaminhamento para avaliação especializada (neuropediatria e/ou terapias). Esta é uma triagem, não um diagnóstico.;
j26-189;Protocolo Dr. Jadson — Funcionalidade PC GMFCS (J26-189);maior=melhor/intenso;85;Desenvolvimento adequado para a idade;emerald;A maioria dos marcos esperados está presente. Mantenha o acompanhamento de rotina e a estimulação no dia a dia. Triagem não substitui avaliação clínica.;
j26-189;Protocolo Dr. Jadson — Funcionalidade PC GMFCS (J26-189);maior=melhor/intenso;65;Em desenvolvimento — vigiar e reavaliar;amber;Vários marcos já aparecem, mas alguns ainda estão emergindo. Reforce a estimulação e reavalie em 1–2 meses. Se houver outros sinais de alerta, antecipe a avaliação.;
j26-189;Protocolo Dr. Jadson — Funcionalidade PC GMFCS (J26-189);maior=melhor/intenso;45;Sinais de alerta — reavaliar em curto prazo;orange;Há marcos importantes ainda ausentes para a faixa etária. Recomenda-se reavaliação dirigida em curto prazo e considerar encaminhamento para estimulação/avaliação especializada.;
j26-189;Protocolo Dr. Jadson — Funcionalidade PC GMFCS (J26-189);maior=melhor/intenso;0;Atraso provável — investigar e encaminhar;red;Muitos marcos esperados estão ausentes. Recomenda-se investigação e encaminhamento para avaliação especializada (neuropediatria e/ou terapias). Esta é uma triagem, não um diagnóstico.;
j26-190;Protocolo Dr. Jadson — Estratificação Risco Neonatal (J26-190);maior=melhor/intenso;70;Intensidade alta — suporte significativo;red;Vários sinais presentes e intensos, com impacto no cotidiano. Recomenda-se avaliação dirigida e plano de suporte/intervenção. Triagem, não diagnóstico.;
j26-190;Protocolo Dr. Jadson — Estratificação Risco Neonatal (J26-190);maior=melhor/intenso;45;Intensidade moderada — suporte indicado;orange;Sinais presentes com repercussão no dia a dia. Vale estruturar suporte/estratégias e reavaliar a resposta ao longo do tempo. Triagem, não diagnóstico.;
j26-190;Protocolo Dr. Jadson — Estratificação Risco Neonatal (J26-190);maior=melhor/intenso;20;Intensidade leve — acompanhar;amber;Alguns sinais presentes, de menor intensidade. Acompanhe a evolução e reforce estratégias no cotidiano.;
j26-190;Protocolo Dr. Jadson — Estratificação Risco Neonatal (J26-190);maior=melhor/intenso;0;Pouco ou ausente;emerald;Poucos sinais relatados nesta área. Mantenha o acompanhamento de rotina.;
j26-191;Protocolo Dr. Jadson — Prontidão Alimentar Prematuro (J26-191);maior=melhor/intenso;85;Desenvolvimento adequado para a idade;emerald;A maioria dos marcos esperados está presente. Mantenha o acompanhamento de rotina e a estimulação no dia a dia. Triagem não substitui avaliação clínica.;
j26-191;Protocolo Dr. Jadson — Prontidão Alimentar Prematuro (J26-191);maior=melhor/intenso;65;Em desenvolvimento — vigiar e reavaliar;amber;Vários marcos já aparecem, mas alguns ainda estão emergindo. Reforce a estimulação e reavalie em 1–2 meses. Se houver outros sinais de alerta, antecipe a avaliação.;
j26-191;Protocolo Dr. Jadson — Prontidão Alimentar Prematuro (J26-191);maior=melhor/intenso;45;Sinais de alerta — reavaliar em curto prazo;orange;Há marcos importantes ainda ausentes para a faixa etária. Recomenda-se reavaliação dirigida em curto prazo e considerar encaminhamento para estimulação/avaliação especializada.;
j26-191;Protocolo Dr. Jadson — Prontidão Alimentar Prematuro (J26-191);maior=melhor/intenso;0;Atraso provável — investigar e encaminhar;red;Muitos marcos esperados estão ausentes. Recomenda-se investigação e encaminhamento para avaliação especializada (neuropediatria e/ou terapias). Esta é uma triagem, não um diagnóstico.;
j26-192;Protocolo Dr. Jadson — Método Canguru Follow-Up (J26-192);maior=melhor/intenso;85;Desenvolvimento adequado para a idade;emerald;A maioria dos marcos esperados está presente. Mantenha o acompanhamento de rotina e a estimulação no dia a dia. Triagem não substitui avaliação clínica.;
j26-192;Protocolo Dr. Jadson — Método Canguru Follow-Up (J26-192);maior=melhor/intenso;65;Em desenvolvimento — vigiar e reavaliar;amber;Vários marcos já aparecem, mas alguns ainda estão emergindo. Reforce a estimulação e reavalie em 1–2 meses. Se houver outros sinais de alerta, antecipe a avaliação.;
j26-192;Protocolo Dr. Jadson — Método Canguru Follow-Up (J26-192);maior=melhor/intenso;45;Sinais de alerta — reavaliar em curto prazo;orange;Há marcos importantes ainda ausentes para a faixa etária. Recomenda-se reavaliação dirigida em curto prazo e considerar encaminhamento para estimulação/avaliação especializada.;
j26-192;Protocolo Dr. Jadson — Método Canguru Follow-Up (J26-192);maior=melhor/intenso;0;Atraso provável — investigar e encaminhar;red;Muitos marcos esperados estão ausentes. Recomenda-se investigação e encaminhamento para avaliação especializada (neuropediatria e/ou terapias). Esta é uma triagem, não um diagnóstico.;
j26-193;Protocolo Dr. Jadson — Dor Neonatal Expandida (J26-193);maior=melhor/intenso;70;Intensidade alta — suporte significativo;red;Vários sinais presentes e intensos, com impacto no cotidiano. Recomenda-se avaliação dirigida e plano de suporte/intervenção. Triagem, não diagnóstico.;
j26-193;Protocolo Dr. Jadson — Dor Neonatal Expandida (J26-193);maior=melhor/intenso;45;Intensidade moderada — suporte indicado;orange;Sinais presentes com repercussão no dia a dia. Vale estruturar suporte/estratégias e reavaliar a resposta ao longo do tempo. Triagem, não diagnóstico.;
j26-193;Protocolo Dr. Jadson — Dor Neonatal Expandida (J26-193);maior=melhor/intenso;20;Intensidade leve — acompanhar;amber;Alguns sinais presentes, de menor intensidade. Acompanhe a evolução e reforce estratégias no cotidiano.;
j26-193;Protocolo Dr. Jadson — Dor Neonatal Expandida (J26-193);maior=melhor/intenso;0;Pouco ou ausente;emerald;Poucos sinais relatados nesta área. Mantenha o acompanhamento de rotina.;
j26-194;Protocolo Dr. Jadson — Alta UTIN Prontidão (J26-194);maior=melhor/intenso;85;Desenvolvimento adequado para a idade;emerald;A maioria dos marcos esperados está presente. Mantenha o acompanhamento de rotina e a estimulação no dia a dia. Triagem não substitui avaliação clínica.;
j26-194;Protocolo Dr. Jadson — Alta UTIN Prontidão (J26-194);maior=melhor/intenso;65;Em desenvolvimento — vigiar e reavaliar;amber;Vários marcos já aparecem, mas alguns ainda estão emergindo. Reforce a estimulação e reavalie em 1–2 meses. Se houver outros sinais de alerta, antecipe a avaliação.;
j26-194;Protocolo Dr. Jadson — Alta UTIN Prontidão (J26-194);maior=melhor/intenso;45;Sinais de alerta — reavaliar em curto prazo;orange;Há marcos importantes ainda ausentes para a faixa etária. Recomenda-se reavaliação dirigida em curto prazo e considerar encaminhamento para estimulação/avaliação especializada.;
j26-194;Protocolo Dr. Jadson — Alta UTIN Prontidão (J26-194);maior=melhor/intenso;0;Atraso provável — investigar e encaminhar;red;Muitos marcos esperados estão ausentes. Recomenda-se investigação e encaminhamento para avaliação especializada (neuropediatria e/ou terapias). Esta é uma triagem, não um diagnóstico.;
j26-195;Protocolo Dr. Jadson — Prematuro Follow-Up 2 Anos (J26-195);maior=melhor/intenso;85;Desenvolvimento adequado para a idade;emerald;A maioria dos marcos esperados está presente. Mantenha o acompanhamento de rotina e a estimulação no dia a dia. Triagem não substitui avaliação clínica.;
j26-195;Protocolo Dr. Jadson — Prematuro Follow-Up 2 Anos (J26-195);maior=melhor/intenso;65;Em desenvolvimento — vigiar e reavaliar;amber;Vários marcos já aparecem, mas alguns ainda estão emergindo. Reforce a estimulação e reavalie em 1–2 meses. Se houver outros sinais de alerta, antecipe a avaliação.;
j26-195;Protocolo Dr. Jadson — Prematuro Follow-Up 2 Anos (J26-195);maior=melhor/intenso;45;Sinais de alerta — reavaliar em curto prazo;orange;Há marcos importantes ainda ausentes para a faixa etária. Recomenda-se reavaliação dirigida em curto prazo e considerar encaminhamento para estimulação/avaliação especializada.;
j26-195;Protocolo Dr. Jadson — Prematuro Follow-Up 2 Anos (J26-195);maior=melhor/intenso;0;Atraso provável — investigar e encaminhar;red;Muitos marcos esperados estão ausentes. Recomenda-se investigação e encaminhamento para avaliação especializada (neuropediatria e/ou terapias). Esta é uma triagem, não um diagnóstico.;
j26-196;Protocolo Dr. Jadson — Ansiedade Pais UTIN (J26-196);maior=melhor/intenso;70;Intensidade alta — suporte significativo;red;Vários sinais presentes e intensos, com impacto no cotidiano. Recomenda-se avaliação dirigida e plano de suporte/intervenção. Triagem, não diagnóstico.;
j26-196;Protocolo Dr. Jadson — Ansiedade Pais UTIN (J26-196);maior=melhor/intenso;45;Intensidade moderada — suporte indicado;orange;Sinais presentes com repercussão no dia a dia. Vale estruturar suporte/estratégias e reavaliar a resposta ao longo do tempo. Triagem, não diagnóstico.;
j26-196;Protocolo Dr. Jadson — Ansiedade Pais UTIN (J26-196);maior=melhor/intenso;20;Intensidade leve — acompanhar;amber;Alguns sinais presentes, de menor intensidade. Acompanhe a evolução e reforce estratégias no cotidiano.;
j26-196;Protocolo Dr. Jadson — Ansiedade Pais UTIN (J26-196);maior=melhor/intenso;0;Pouco ou ausente;emerald;Poucos sinais relatados nesta área. Mantenha o acompanhamento de rotina.;
j26-197;Protocolo Dr. Jadson — Icterícia Neonatal Seguimento (J26-197);maior=melhor/intenso;70;Intensidade alta — suporte significativo;red;Vários sinais presentes e intensos, com impacto no cotidiano. Recomenda-se avaliação dirigida e plano de suporte/intervenção. Triagem, não diagnóstico.;
j26-197;Protocolo Dr. Jadson — Icterícia Neonatal Seguimento (J26-197);maior=melhor/intenso;45;Intensidade moderada — suporte indicado;orange;Sinais presentes com repercussão no dia a dia. Vale estruturar suporte/estratégias e reavaliar a resposta ao longo do tempo. Triagem, não diagnóstico.;
j26-197;Protocolo Dr. Jadson — Icterícia Neonatal Seguimento (J26-197);maior=melhor/intenso;20;Intensidade leve — acompanhar;amber;Alguns sinais presentes, de menor intensidade. Acompanhe a evolução e reforce estratégias no cotidiano.;
j26-197;Protocolo Dr. Jadson — Icterícia Neonatal Seguimento (J26-197);maior=melhor/intenso;0;Pouco ou ausente;emerald;Poucos sinais relatados nesta área. Mantenha o acompanhamento de rotina.;
j26-198;Protocolo Dr. Jadson — Estimulante Efeitos Acompanhamento (J26-198);maior=melhor/intenso;70;Intensidade alta — suporte significativo;red;Vários sinais presentes e intensos, com impacto no cotidiano. Recomenda-se avaliação dirigida e plano de suporte/intervenção. Triagem, não diagnóstico.;
j26-198;Protocolo Dr. Jadson — Estimulante Efeitos Acompanhamento (J26-198);maior=melhor/intenso;45;Intensidade moderada — suporte indicado;orange;Sinais presentes com repercussão no dia a dia. Vale estruturar suporte/estratégias e reavaliar a resposta ao longo do tempo. Triagem, não diagnóstico.;
j26-198;Protocolo Dr. Jadson — Estimulante Efeitos Acompanhamento (J26-198);maior=melhor/intenso;20;Intensidade leve — acompanhar;amber;Alguns sinais presentes, de menor intensidade. Acompanhe a evolução e reforce estratégias no cotidiano.;
j26-198;Protocolo Dr. Jadson — Estimulante Efeitos Acompanhamento (J26-198);maior=melhor/intenso;0;Pouco ou ausente;emerald;Poucos sinais relatados nesta área. Mantenha o acompanhamento de rotina.;
j26-199;Protocolo Dr. Jadson — Antiepiléptico Monitorização Ampla (J26-199);maior=melhor/intenso;70;Intensidade alta — suporte significativo;red;Vários sinais presentes e intensos, com impacto no cotidiano. Recomenda-se avaliação dirigida e plano de suporte/intervenção. Triagem, não diagnóstico.;
j26-199;Protocolo Dr. Jadson — Antiepiléptico Monitorização Ampla (J26-199);maior=melhor/intenso;45;Intensidade moderada — suporte indicado;orange;Sinais presentes com repercussão no dia a dia. Vale estruturar suporte/estratégias e reavaliar a resposta ao longo do tempo. Triagem, não diagnóstico.;
j26-199;Protocolo Dr. Jadson — Antiepiléptico Monitorização Ampla (J26-199);maior=melhor/intenso;20;Intensidade leve — acompanhar;amber;Alguns sinais presentes, de menor intensidade. Acompanhe a evolução e reforce estratégias no cotidiano.;
j26-199;Protocolo Dr. Jadson — Antiepiléptico Monitorização Ampla (J26-199);maior=melhor/intenso;0;Pouco ou ausente;emerald;Poucos sinais relatados nesta área. Mantenha o acompanhamento de rotina.;
j26-200;Protocolo Dr. Jadson — Antipsicótico Metabólico (J26-200);maior=melhor/intenso;70;Intensidade alta — suporte significativo;red;Vários sinais presentes e intensos, com impacto no cotidiano. Recomenda-se avaliação dirigida e plano de suporte/intervenção. Triagem, não diagnóstico.;
j26-200;Protocolo Dr. Jadson — Antipsicótico Metabólico (J26-200);maior=melhor/intenso;45;Intensidade moderada — suporte indicado;orange;Sinais presentes com repercussão no dia a dia. Vale estruturar suporte/estratégias e reavaliar a resposta ao longo do tempo. Triagem, não diagnóstico.;
j26-200;Protocolo Dr. Jadson — Antipsicótico Metabólico (J26-200);maior=melhor/intenso;20;Intensidade leve — acompanhar;amber;Alguns sinais presentes, de menor intensidade. Acompanhe a evolução e reforce estratégias no cotidiano.;
j26-200;Protocolo Dr. Jadson — Antipsicótico Metabólico (J26-200);maior=melhor/intenso;0;Pouco ou ausente;emerald;Poucos sinais relatados nesta área. Mantenha o acompanhamento de rotina.;
j26-201;Protocolo Dr. Jadson — Adesão Medicação Criança (J26-201);maior=melhor/intenso;85;Desenvolvimento adequado para a idade;emerald;A maioria dos marcos esperados está presente. Mantenha o acompanhamento de rotina e a estimulação no dia a dia. Triagem não substitui avaliação clínica.;
j26-201;Protocolo Dr. Jadson — Adesão Medicação Criança (J26-201);maior=melhor/intenso;65;Em desenvolvimento — vigiar e reavaliar;amber;Vários marcos já aparecem, mas alguns ainda estão emergindo. Reforce a estimulação e reavalie em 1–2 meses. Se houver outros sinais de alerta, antecipe a avaliação.;
j26-201;Protocolo Dr. Jadson — Adesão Medicação Criança (J26-201);maior=melhor/intenso;45;Sinais de alerta — reavaliar em curto prazo;orange;Há marcos importantes ainda ausentes para a faixa etária. Recomenda-se reavaliação dirigida em curto prazo e considerar encaminhamento para estimulação/avaliação especializada.;
j26-201;Protocolo Dr. Jadson — Adesão Medicação Criança (J26-201);maior=melhor/intenso;0;Atraso provável — investigar e encaminhar;red;Muitos marcos esperados estão ausentes. Recomenda-se investigação e encaminhamento para avaliação especializada (neuropediatria e/ou terapias). Esta é uma triagem, não um diagnóstico.;
j26-202;Protocolo Dr. Jadson — Polifarmácia Risco Pediátrico (J26-202);maior=melhor/intenso;70;Intensidade alta — suporte significativo;red;Vários sinais presentes e intensos, com impacto no cotidiano. Recomenda-se avaliação dirigida e plano de suporte/intervenção. Triagem, não diagnóstico.;
j26-202;Protocolo Dr. Jadson — Polifarmácia Risco Pediátrico (J26-202);maior=melhor/intenso;45;Intensidade moderada — suporte indicado;orange;Sinais presentes com repercussão no dia a dia. Vale estruturar suporte/estratégias e reavaliar a resposta ao longo do tempo. Triagem, não diagnóstico.;
j26-202;Protocolo Dr. Jadson — Polifarmácia Risco Pediátrico (J26-202);maior=melhor/intenso;20;Intensidade leve — acompanhar;amber;Alguns sinais presentes, de menor intensidade. Acompanhe a evolução e reforce estratégias no cotidiano.;
j26-202;Protocolo Dr. Jadson — Polifarmácia Risco Pediátrico (J26-202);maior=melhor/intenso;0;Pouco ou ausente;emerald;Poucos sinais relatados nesta área. Mantenha o acompanhamento de rotina.;
j26-203;Protocolo Dr. Jadson — Comunicação Social 3-7 Anos (J26-203);maior=melhor/intenso;85;Desenvolvimento adequado para a idade;emerald;A maioria dos marcos esperados está presente. Mantenha o acompanhamento de rotina e a estimulação no dia a dia. Triagem não substitui avaliação clínica.;
j26-203;Protocolo Dr. Jadson — Comunicação Social 3-7 Anos (J26-203);maior=melhor/intenso;65;Em desenvolvimento — vigiar e reavaliar;amber;Vários marcos já aparecem, mas alguns ainda estão emergindo. Reforce a estimulação e reavalie em 1–2 meses. Se houver outros sinais de alerta, antecipe a avaliação.;
j26-203;Protocolo Dr. Jadson — Comunicação Social 3-7 Anos (J26-203);maior=melhor/intenso;45;Sinais de alerta — reavaliar em curto prazo;orange;Há marcos importantes ainda ausentes para a faixa etária. Recomenda-se reavaliação dirigida em curto prazo e considerar encaminhamento para estimulação/avaliação especializada.;
j26-203;Protocolo Dr. Jadson — Comunicação Social 3-7 Anos (J26-203);maior=melhor/intenso;0;Atraso provável — investigar e encaminhar;red;Muitos marcos esperados estão ausentes. Recomenda-se investigação e encaminhamento para avaliação especializada (neuropediatria e/ou terapias). Esta é uma triagem, não um diagnóstico.;
j26-204;Protocolo Dr. Jadson — Tiques Monitorização (J26-204);maior=melhor/intenso;70;Intensidade alta — suporte significativo;red;Vários sinais presentes e intensos, com impacto no cotidiano. Recomenda-se avaliação dirigida e plano de suporte/intervenção. Triagem, não diagnóstico.;
j26-204;Protocolo Dr. Jadson — Tiques Monitorização (J26-204);maior=melhor/intenso;45;Intensidade moderada — suporte indicado;orange;Sinais presentes com repercussão no dia a dia. Vale estruturar suporte/estratégias e reavaliar a resposta ao longo do tempo. Triagem, não diagnóstico.;
j26-204;Protocolo Dr. Jadson — Tiques Monitorização (J26-204);maior=melhor/intenso;20;Intensidade leve — acompanhar;amber;Alguns sinais presentes, de menor intensidade. Acompanhe a evolução e reforce estratégias no cotidiano.;
j26-204;Protocolo Dr. Jadson — Tiques Monitorização (J26-204);maior=melhor/intenso;0;Pouco ou ausente;emerald;Poucos sinais relatados nesta área. Mantenha o acompanhamento de rotina.;
j26-205;Protocolo Dr. Jadson — Cognição Social TEA (J26-205);maior=melhor/intenso;85;Desenvolvimento adequado para a idade;emerald;A maioria dos marcos esperados está presente. Mantenha o acompanhamento de rotina e a estimulação no dia a dia. Triagem não substitui avaliação clínica.;
j26-205;Protocolo Dr. Jadson — Cognição Social TEA (J26-205);maior=melhor/intenso;65;Em desenvolvimento — vigiar e reavaliar;amber;Vários marcos já aparecem, mas alguns ainda estão emergindo. Reforce a estimulação e reavalie em 1–2 meses. Se houver outros sinais de alerta, antecipe a avaliação.;
j26-205;Protocolo Dr. Jadson — Cognição Social TEA (J26-205);maior=melhor/intenso;45;Sinais de alerta — reavaliar em curto prazo;orange;Há marcos importantes ainda ausentes para a faixa etária. Recomenda-se reavaliação dirigida em curto prazo e considerar encaminhamento para estimulação/avaliação especializada.;
j26-205;Protocolo Dr. Jadson — Cognição Social TEA (J26-205);maior=melhor/intenso;0;Atraso provável — investigar e encaminhar;red;Muitos marcos esperados estão ausentes. Recomenda-se investigação e encaminhamento para avaliação especializada (neuropediatria e/ou terapias). Esta é uma triagem, não um diagnóstico.;
j26-206;Protocolo Dr. Jadson — Irmão Criança com NEE (J26-206);maior=melhor/intenso;70;Intensidade alta — suporte significativo;red;Vários sinais presentes e intensos, com impacto no cotidiano. Recomenda-se avaliação dirigida e plano de suporte/intervenção. Triagem, não diagnóstico.;
j26-206;Protocolo Dr. Jadson — Irmão Criança com NEE (J26-206);maior=melhor/intenso;45;Intensidade moderada — suporte indicado;orange;Sinais presentes com repercussão no dia a dia. Vale estruturar suporte/estratégias e reavaliar a resposta ao longo do tempo. Triagem, não diagnóstico.;
j26-206;Protocolo Dr. Jadson — Irmão Criança com NEE (J26-206);maior=melhor/intenso;20;Intensidade leve — acompanhar;amber;Alguns sinais presentes, de menor intensidade. Acompanhe a evolução e reforce estratégias no cotidiano.;
j26-206;Protocolo Dr. Jadson — Irmão Criança com NEE (J26-206);maior=melhor/intenso;0;Pouco ou ausente;emerald;Poucos sinais relatados nesta área. Mantenha o acompanhamento de rotina.;
j26-207;Protocolo Dr. Jadson — Privação Social e Negligência (J26-207);maior=melhor/intenso;70;Intensidade alta — suporte significativo;red;Vários sinais presentes e intensos, com impacto no cotidiano. Recomenda-se avaliação dirigida e plano de suporte/intervenção. Triagem, não diagnóstico.;
j26-207;Protocolo Dr. Jadson — Privação Social e Negligência (J26-207);maior=melhor/intenso;45;Intensidade moderada — suporte indicado;orange;Sinais presentes com repercussão no dia a dia. Vale estruturar suporte/estratégias e reavaliar a resposta ao longo do tempo. Triagem, não diagnóstico.;
j26-207;Protocolo Dr. Jadson — Privação Social e Negligência (J26-207);maior=melhor/intenso;20;Intensidade leve — acompanhar;amber;Alguns sinais presentes, de menor intensidade. Acompanhe a evolução e reforce estratégias no cotidiano.;
j26-207;Protocolo Dr. Jadson — Privação Social e Negligência (J26-207);maior=melhor/intenso;0;Pouco ou ausente;emerald;Poucos sinais relatados nesta área. Mantenha o acompanhamento de rotina.;
j26-208;Protocolo Dr. Jadson — Habilidades de Vida Independente (J26-208);maior=melhor/intenso;85;Desenvolvimento adequado para a idade;emerald;A maioria dos marcos esperados está presente. Mantenha o acompanhamento de rotina e a estimulação no dia a dia. Triagem não substitui avaliação clínica.;
j26-208;Protocolo Dr. Jadson — Habilidades de Vida Independente (J26-208);maior=melhor/intenso;65;Em desenvolvimento — vigiar e reavaliar;amber;Vários marcos já aparecem, mas alguns ainda estão emergindo. Reforce a estimulação e reavalie em 1–2 meses. Se houver outros sinais de alerta, antecipe a avaliação.;
j26-208;Protocolo Dr. Jadson — Habilidades de Vida Independente (J26-208);maior=melhor/intenso;45;Sinais de alerta — reavaliar em curto prazo;orange;Há marcos importantes ainda ausentes para a faixa etária. Recomenda-se reavaliação dirigida em curto prazo e considerar encaminhamento para estimulação/avaliação especializada.;
j26-208;Protocolo Dr. Jadson — Habilidades de Vida Independente (J26-208);maior=melhor/intenso;0;Atraso provável — investigar e encaminhar;red;Muitos marcos esperados estão ausentes. Recomenda-se investigação e encaminhamento para avaliação especializada (neuropediatria e/ou terapias). Esta é uma triagem, não um diagnóstico.;
j26-209;Protocolo Dr. Jadson — Saúde Sexual Adolescente NEE (J26-209);maior=melhor/intenso;85;Desenvolvimento adequado para a idade;emerald;A maioria dos marcos esperados está presente. Mantenha o acompanhamento de rotina e a estimulação no dia a dia. Triagem não substitui avaliação clínica.;
j26-209;Protocolo Dr. Jadson — Saúde Sexual Adolescente NEE (J26-209);maior=melhor/intenso;65;Em desenvolvimento — vigiar e reavaliar;amber;Vários marcos já aparecem, mas alguns ainda estão emergindo. Reforce a estimulação e reavalie em 1–2 meses. Se houver outros sinais de alerta, antecipe a avaliação.;
j26-209;Protocolo Dr. Jadson — Saúde Sexual Adolescente NEE (J26-209);maior=melhor/intenso;45;Sinais de alerta — reavaliar em curto prazo;orange;Há marcos importantes ainda ausentes para a faixa etária. Recomenda-se reavaliação dirigida em curto prazo e considerar encaminhamento para estimulação/avaliação especializada.;
j26-209;Protocolo Dr. Jadson — Saúde Sexual Adolescente NEE (J26-209);maior=melhor/intenso;0;Atraso provável — investigar e encaminhar;red;Muitos marcos esperados estão ausentes. Recomenda-se investigação e encaminhamento para avaliação especializada (neuropediatria e/ou terapias). Esta é uma triagem, não um diagnóstico.;
j26-210;Protocolo Dr. Jadson — Avaliação Pós-Terapia Trimestral (J26-210);maior=melhor/intenso;85;Desenvolvimento adequado para a idade;emerald;A maioria dos marcos esperados está presente. Mantenha o acompanhamento de rotina e a estimulação no dia a dia. Triagem não substitui avaliação clínica.;
j26-210;Protocolo Dr. Jadson — Avaliação Pós-Terapia Trimestral (J26-210);maior=melhor/intenso;65;Em desenvolvimento — vigiar e reavaliar;amber;Vários marcos já aparecem, mas alguns ainda estão emergindo. Reforce a estimulação e reavalie em 1–2 meses. Se houver outros sinais de alerta, antecipe a avaliação.;
j26-210;Protocolo Dr. Jadson — Avaliação Pós-Terapia Trimestral (J26-210);maior=melhor/intenso;45;Sinais de alerta — reavaliar em curto prazo;orange;Há marcos importantes ainda ausentes para a faixa etária. Recomenda-se reavaliação dirigida em curto prazo e considerar encaminhamento para estimulação/avaliação especializada.;
j26-210;Protocolo Dr. Jadson — Avaliação Pós-Terapia Trimestral (J26-210);maior=melhor/intenso;0;Atraso provável — investigar e encaminhar;red;Muitos marcos esperados estão ausentes. Recomenda-se investigação e encaminhamento para avaliação especializada (neuropediatria e/ou terapias). Esta é uma triagem, não um diagnóstico.;
j26-211;Protocolo Dr. Jadson — Evolução de Comunicação Social TEA (J26-211);maior=melhor/intenso;85;Desenvolvimento adequado para a idade;emerald;A maioria dos marcos esperados está presente. Mantenha o acompanhamento de rotina e a estimulação no dia a dia. Triagem não substitui avaliação clínica.;
j26-211;Protocolo Dr. Jadson — Evolução de Comunicação Social TEA (J26-211);maior=melhor/intenso;65;Em desenvolvimento — vigiar e reavaliar;amber;Vários marcos já aparecem, mas alguns ainda estão emergindo. Reforce a estimulação e reavalie em 1–2 meses. Se houver outros sinais de alerta, antecipe a avaliação.;
j26-211;Protocolo Dr. Jadson — Evolução de Comunicação Social TEA (J26-211);maior=melhor/intenso;45;Sinais de alerta — reavaliar em curto prazo;orange;Há marcos importantes ainda ausentes para a faixa etária. Recomenda-se reavaliação dirigida em curto prazo e considerar encaminhamento para estimulação/avaliação especializada.;
j26-211;Protocolo Dr. Jadson — Evolução de Comunicação Social TEA (J26-211);maior=melhor/intenso;0;Atraso provável — investigar e encaminhar;red;Muitos marcos esperados estão ausentes. Recomenda-se investigação e encaminhamento para avaliação especializada (neuropediatria e/ou terapias). Esta é uma triagem, não um diagnóstico.;
j26-212;Protocolo Dr. Jadson — Comportamentos Restritivos TEA Baseline vs Atual (J26-212);maior=melhor/intenso;70;Intensidade alta — suporte significativo;red;Vários sinais presentes e intensos, com impacto no cotidiano. Recomenda-se avaliação dirigida e plano de suporte/intervenção. Triagem, não diagnóstico.;
j26-212;Protocolo Dr. Jadson — Comportamentos Restritivos TEA Baseline vs Atual (J26-212);maior=melhor/intenso;45;Intensidade moderada — suporte indicado;orange;Sinais presentes com repercussão no dia a dia. Vale estruturar suporte/estratégias e reavaliar a resposta ao longo do tempo. Triagem, não diagnóstico.;
j26-212;Protocolo Dr. Jadson — Comportamentos Restritivos TEA Baseline vs Atual (J26-212);maior=melhor/intenso;20;Intensidade leve — acompanhar;amber;Alguns sinais presentes, de menor intensidade. Acompanhe a evolução e reforce estratégias no cotidiano.;
j26-212;Protocolo Dr. Jadson — Comportamentos Restritivos TEA Baseline vs Atual (J26-212);maior=melhor/intenso;0;Pouco ou ausente;emerald;Poucos sinais relatados nesta área. Mantenha o acompanhamento de rotina.;
j26-213;Protocolo Dr. Jadson — Habilidades Adaptativas TEA Trimestral (J26-213);maior=melhor/intenso;85;Desenvolvimento adequado para a idade;emerald;A maioria dos marcos esperados está presente. Mantenha o acompanhamento de rotina e a estimulação no dia a dia. Triagem não substitui avaliação clínica.;
j26-213;Protocolo Dr. Jadson — Habilidades Adaptativas TEA Trimestral (J26-213);maior=melhor/intenso;65;Em desenvolvimento — vigiar e reavaliar;amber;Vários marcos já aparecem, mas alguns ainda estão emergindo. Reforce a estimulação e reavalie em 1–2 meses. Se houver outros sinais de alerta, antecipe a avaliação.;
j26-213;Protocolo Dr. Jadson — Habilidades Adaptativas TEA Trimestral (J26-213);maior=melhor/intenso;45;Sinais de alerta — reavaliar em curto prazo;orange;Há marcos importantes ainda ausentes para a faixa etária. Recomenda-se reavaliação dirigida em curto prazo e considerar encaminhamento para estimulação/avaliação especializada.;
j26-213;Protocolo Dr. Jadson — Habilidades Adaptativas TEA Trimestral (J26-213);maior=melhor/intenso;0;Atraso provável — investigar e encaminhar;red;Muitos marcos esperados estão ausentes. Recomenda-se investigação e encaminhamento para avaliação especializada (neuropediatria e/ou terapias). Esta é uma triagem, não um diagnóstico.;
j26-214;Protocolo Dr. Jadson — Integração Sensorial TEA Pós-TO (J26-214);maior=melhor/intenso;70;Intensidade alta — suporte significativo;red;Vários sinais presentes e intensos, com impacto no cotidiano. Recomenda-se avaliação dirigida e plano de suporte/intervenção. Triagem, não diagnóstico.;
j26-214;Protocolo Dr. Jadson — Integração Sensorial TEA Pós-TO (J26-214);maior=melhor/intenso;45;Intensidade moderada — suporte indicado;orange;Sinais presentes com repercussão no dia a dia. Vale estruturar suporte/estratégias e reavaliar a resposta ao longo do tempo. Triagem, não diagnóstico.;
j26-214;Protocolo Dr. Jadson — Integração Sensorial TEA Pós-TO (J26-214);maior=melhor/intenso;20;Intensidade leve — acompanhar;amber;Alguns sinais presentes, de menor intensidade. Acompanhe a evolução e reforce estratégias no cotidiano.;
j26-214;Protocolo Dr. Jadson — Integração Sensorial TEA Pós-TO (J26-214);maior=melhor/intenso;0;Pouco ou ausente;emerald;Poucos sinais relatados nesta área. Mantenha o acompanhamento de rotina.;
j26-215;Protocolo Dr. Jadson — Crises de Desregulação TEA Antes vs Depois (J26-215);maior=melhor/intenso;70;Intensidade alta — suporte significativo;red;Vários sinais presentes e intensos, com impacto no cotidiano. Recomenda-se avaliação dirigida e plano de suporte/intervenção. Triagem, não diagnóstico.;
j26-215;Protocolo Dr. Jadson — Crises de Desregulação TEA Antes vs Depois (J26-215);maior=melhor/intenso;45;Intensidade moderada — suporte indicado;orange;Sinais presentes com repercussão no dia a dia. Vale estruturar suporte/estratégias e reavaliar a resposta ao longo do tempo. Triagem, não diagnóstico.;
j26-215;Protocolo Dr. Jadson — Crises de Desregulação TEA Antes vs Depois (J26-215);maior=melhor/intenso;20;Intensidade leve — acompanhar;amber;Alguns sinais presentes, de menor intensidade. Acompanhe a evolução e reforce estratégias no cotidiano.;
j26-215;Protocolo Dr. Jadson — Crises de Desregulação TEA Antes vs Depois (J26-215);maior=melhor/intenso;0;Pouco ou ausente;emerald;Poucos sinais relatados nesta área. Mantenha o acompanhamento de rotina.;
j26-216;Protocolo Dr. Jadson — Contato Visual e Atenção Conjunta TEA (J26-216);maior=melhor/intenso;85;Desenvolvimento adequado para a idade;emerald;A maioria dos marcos esperados está presente. Mantenha o acompanhamento de rotina e a estimulação no dia a dia. Triagem não substitui avaliação clínica.;
j26-216;Protocolo Dr. Jadson — Contato Visual e Atenção Conjunta TEA (J26-216);maior=melhor/intenso;65;Em desenvolvimento — vigiar e reavaliar;amber;Vários marcos já aparecem, mas alguns ainda estão emergindo. Reforce a estimulação e reavalie em 1–2 meses. Se houver outros sinais de alerta, antecipe a avaliação.;
j26-216;Protocolo Dr. Jadson — Contato Visual e Atenção Conjunta TEA (J26-216);maior=melhor/intenso;45;Sinais de alerta — reavaliar em curto prazo;orange;Há marcos importantes ainda ausentes para a faixa etária. Recomenda-se reavaliação dirigida em curto prazo e considerar encaminhamento para estimulação/avaliação especializada.;
j26-216;Protocolo Dr. Jadson — Contato Visual e Atenção Conjunta TEA (J26-216);maior=melhor/intenso;0;Atraso provável — investigar e encaminhar;red;Muitos marcos esperados estão ausentes. Recomenda-se investigação e encaminhamento para avaliação especializada (neuropediatria e/ou terapias). Esta é uma triagem, não um diagnóstico.;
j26-217;Protocolo Dr. Jadson — Brincadeira Funcional e Simbólica TEA (J26-217);maior=melhor/intenso;85;Desenvolvimento adequado para a idade;emerald;A maioria dos marcos esperados está presente. Mantenha o acompanhamento de rotina e a estimulação no dia a dia. Triagem não substitui avaliação clínica.;
j26-217;Protocolo Dr. Jadson — Brincadeira Funcional e Simbólica TEA (J26-217);maior=melhor/intenso;65;Em desenvolvimento — vigiar e reavaliar;amber;Vários marcos já aparecem, mas alguns ainda estão emergindo. Reforce a estimulação e reavalie em 1–2 meses. Se houver outros sinais de alerta, antecipe a avaliação.;
j26-217;Protocolo Dr. Jadson — Brincadeira Funcional e Simbólica TEA (J26-217);maior=melhor/intenso;45;Sinais de alerta — reavaliar em curto prazo;orange;Há marcos importantes ainda ausentes para a faixa etária. Recomenda-se reavaliação dirigida em curto prazo e considerar encaminhamento para estimulação/avaliação especializada.;
j26-217;Protocolo Dr. Jadson — Brincadeira Funcional e Simbólica TEA (J26-217);maior=melhor/intenso;0;Atraso provável — investigar e encaminhar;red;Muitos marcos esperados estão ausentes. Recomenda-se investigação e encaminhamento para avaliação especializada (neuropediatria e/ou terapias). Esta é uma triagem, não um diagnóstico.;
j26-218;Protocolo Dr. Jadson — Impressão Global dos Pais TEA (J26-218);maior=melhor/intenso;85;Desenvolvimento adequado para a idade;emerald;A maioria dos marcos esperados está presente. Mantenha o acompanhamento de rotina e a estimulação no dia a dia. Triagem não substitui avaliação clínica.;
j26-218;Protocolo Dr. Jadson — Impressão Global dos Pais TEA (J26-218);maior=melhor/intenso;65;Em desenvolvimento — vigiar e reavaliar;amber;Vários marcos já aparecem, mas alguns ainda estão emergindo. Reforce a estimulação e reavalie em 1–2 meses. Se houver outros sinais de alerta, antecipe a avaliação.;
j26-218;Protocolo Dr. Jadson — Impressão Global dos Pais TEA (J26-218);maior=melhor/intenso;45;Sinais de alerta — reavaliar em curto prazo;orange;Há marcos importantes ainda ausentes para a faixa etária. Recomenda-se reavaliação dirigida em curto prazo e considerar encaminhamento para estimulação/avaliação especializada.;
j26-218;Protocolo Dr. Jadson — Impressão Global dos Pais TEA (J26-218);maior=melhor/intenso;0;Atraso provável — investigar e encaminhar;red;Muitos marcos esperados estão ausentes. Recomenda-se investigação e encaminhamento para avaliação especializada (neuropediatria e/ou terapias). Esta é uma triagem, não um diagnóstico.;
j26-219;Protocolo Dr. Jadson — SNAP-IV Monitorização TDAH (J26-219);maior=melhor/intenso;70;Intensidade alta — suporte significativo;red;Vários sinais presentes e intensos, com impacto no cotidiano. Recomenda-se avaliação dirigida e plano de suporte/intervenção. Triagem, não diagnóstico.;
j26-219;Protocolo Dr. Jadson — SNAP-IV Monitorização TDAH (J26-219);maior=melhor/intenso;45;Intensidade moderada — suporte indicado;orange;Sinais presentes com repercussão no dia a dia. Vale estruturar suporte/estratégias e reavaliar a resposta ao longo do tempo. Triagem, não diagnóstico.;
j26-219;Protocolo Dr. Jadson — SNAP-IV Monitorização TDAH (J26-219);maior=melhor/intenso;20;Intensidade leve — acompanhar;amber;Alguns sinais presentes, de menor intensidade. Acompanhe a evolução e reforce estratégias no cotidiano.;
j26-219;Protocolo Dr. Jadson — SNAP-IV Monitorização TDAH (J26-219);maior=melhor/intenso;0;Pouco ou ausente;emerald;Poucos sinais relatados nesta área. Mantenha o acompanhamento de rotina.;
j26-220;Protocolo Dr. Jadson — Funções Executivas TDAH Cotidiano (J26-220);maior=melhor/intenso;85;Desenvolvimento adequado para a idade;emerald;A maioria dos marcos esperados está presente. Mantenha o acompanhamento de rotina e a estimulação no dia a dia. Triagem não substitui avaliação clínica.;
j26-220;Protocolo Dr. Jadson — Funções Executivas TDAH Cotidiano (J26-220);maior=melhor/intenso;65;Em desenvolvimento — vigiar e reavaliar;amber;Vários marcos já aparecem, mas alguns ainda estão emergindo. Reforce a estimulação e reavalie em 1–2 meses. Se houver outros sinais de alerta, antecipe a avaliação.;
j26-220;Protocolo Dr. Jadson — Funções Executivas TDAH Cotidiano (J26-220);maior=melhor/intenso;45;Sinais de alerta — reavaliar em curto prazo;orange;Há marcos importantes ainda ausentes para a faixa etária. Recomenda-se reavaliação dirigida em curto prazo e considerar encaminhamento para estimulação/avaliação especializada.;
j26-220;Protocolo Dr. Jadson — Funções Executivas TDAH Cotidiano (J26-220);maior=melhor/intenso;0;Atraso provável — investigar e encaminhar;red;Muitos marcos esperados estão ausentes. Recomenda-se investigação e encaminhamento para avaliação especializada (neuropediatria e/ou terapias). Esta é uma triagem, não um diagnóstico.;
j26-221;Protocolo Dr. Jadson — Desempenho Escolar TDAH Trimestral (J26-221);maior=melhor/intenso;85;Desenvolvimento adequado para a idade;emerald;A maioria dos marcos esperados está presente. Mantenha o acompanhamento de rotina e a estimulação no dia a dia. Triagem não substitui avaliação clínica.;
j26-221;Protocolo Dr. Jadson — Desempenho Escolar TDAH Trimestral (J26-221);maior=melhor/intenso;65;Em desenvolvimento — vigiar e reavaliar;amber;Vários marcos já aparecem, mas alguns ainda estão emergindo. Reforce a estimulação e reavalie em 1–2 meses. Se houver outros sinais de alerta, antecipe a avaliação.;
j26-221;Protocolo Dr. Jadson — Desempenho Escolar TDAH Trimestral (J26-221);maior=melhor/intenso;45;Sinais de alerta — reavaliar em curto prazo;orange;Há marcos importantes ainda ausentes para a faixa etária. Recomenda-se reavaliação dirigida em curto prazo e considerar encaminhamento para estimulação/avaliação especializada.;
j26-221;Protocolo Dr. Jadson — Desempenho Escolar TDAH Trimestral (J26-221);maior=melhor/intenso;0;Atraso provável — investigar e encaminhar;red;Muitos marcos esperados estão ausentes. Recomenda-se investigação e encaminhamento para avaliação especializada (neuropediatria e/ou terapias). Esta é uma triagem, não um diagnóstico.;
j26-222;Protocolo Dr. Jadson — Efeitos do Metilfenidato/Lisdexanfetamina (J26-222);maior=melhor/intenso;70;Intensidade alta — suporte significativo;red;Vários sinais presentes e intensos, com impacto no cotidiano. Recomenda-se avaliação dirigida e plano de suporte/intervenção. Triagem, não diagnóstico.;
j26-222;Protocolo Dr. Jadson — Efeitos do Metilfenidato/Lisdexanfetamina (J26-222);maior=melhor/intenso;45;Intensidade moderada — suporte indicado;orange;Sinais presentes com repercussão no dia a dia. Vale estruturar suporte/estratégias e reavaliar a resposta ao longo do tempo. Triagem, não diagnóstico.;
j26-222;Protocolo Dr. Jadson — Efeitos do Metilfenidato/Lisdexanfetamina (J26-222);maior=melhor/intenso;20;Intensidade leve — acompanhar;amber;Alguns sinais presentes, de menor intensidade. Acompanhe a evolução e reforce estratégias no cotidiano.;
j26-222;Protocolo Dr. Jadson — Efeitos do Metilfenidato/Lisdexanfetamina (J26-222);maior=melhor/intenso;0;Pouco ou ausente;emerald;Poucos sinais relatados nesta área. Mantenha o acompanhamento de rotina.;
j26-223;Protocolo Dr. Jadson — Regulação Emocional TDAH Evolução (J26-223);maior=melhor/intenso;85;Desenvolvimento adequado para a idade;emerald;A maioria dos marcos esperados está presente. Mantenha o acompanhamento de rotina e a estimulação no dia a dia. Triagem não substitui avaliação clínica.;
j26-223;Protocolo Dr. Jadson — Regulação Emocional TDAH Evolução (J26-223);maior=melhor/intenso;65;Em desenvolvimento — vigiar e reavaliar;amber;Vários marcos já aparecem, mas alguns ainda estão emergindo. Reforce a estimulação e reavalie em 1–2 meses. Se houver outros sinais de alerta, antecipe a avaliação.;
j26-223;Protocolo Dr. Jadson — Regulação Emocional TDAH Evolução (J26-223);maior=melhor/intenso;45;Sinais de alerta — reavaliar em curto prazo;orange;Há marcos importantes ainda ausentes para a faixa etária. Recomenda-se reavaliação dirigida em curto prazo e considerar encaminhamento para estimulação/avaliação especializada.;
j26-223;Protocolo Dr. Jadson — Regulação Emocional TDAH Evolução (J26-223);maior=melhor/intenso;0;Atraso provável — investigar e encaminhar;red;Muitos marcos esperados estão ausentes. Recomenda-se investigação e encaminhamento para avaliação especializada (neuropediatria e/ou terapias). Esta é uma triagem, não um diagnóstico.;
j26-224;Protocolo Dr. Jadson — Sono e Apetite TDAH Tratamento (J26-224);maior=melhor/intenso;70;Intensidade alta — suporte significativo;red;Vários sinais presentes e intensos, com impacto no cotidiano. Recomenda-se avaliação dirigida e plano de suporte/intervenção. Triagem, não diagnóstico.;
j26-224;Protocolo Dr. Jadson — Sono e Apetite TDAH Tratamento (J26-224);maior=melhor/intenso;45;Intensidade moderada — suporte indicado;orange;Sinais presentes com repercussão no dia a dia. Vale estruturar suporte/estratégias e reavaliar a resposta ao longo do tempo. Triagem, não diagnóstico.;
j26-224;Protocolo Dr. Jadson — Sono e Apetite TDAH Tratamento (J26-224);maior=melhor/intenso;20;Intensidade leve — acompanhar;amber;Alguns sinais presentes, de menor intensidade. Acompanhe a evolução e reforce estratégias no cotidiano.;
j26-224;Protocolo Dr. Jadson — Sono e Apetite TDAH Tratamento (J26-224);maior=melhor/intenso;0;Pouco ou ausente;emerald;Poucos sinais relatados nesta área. Mantenha o acompanhamento de rotina.;
j26-225;Protocolo Dr. Jadson — Feedback do Professor TDAH Sala (J26-225);maior=melhor/intenso;85;Desenvolvimento adequado para a idade;emerald;A maioria dos marcos esperados está presente. Mantenha o acompanhamento de rotina e a estimulação no dia a dia. Triagem não substitui avaliação clínica.;
j26-225;Protocolo Dr. Jadson — Feedback do Professor TDAH Sala (J26-225);maior=melhor/intenso;65;Em desenvolvimento — vigiar e reavaliar;amber;Vários marcos já aparecem, mas alguns ainda estão emergindo. Reforce a estimulação e reavalie em 1–2 meses. Se houver outros sinais de alerta, antecipe a avaliação.;
j26-225;Protocolo Dr. Jadson — Feedback do Professor TDAH Sala (J26-225);maior=melhor/intenso;45;Sinais de alerta — reavaliar em curto prazo;orange;Há marcos importantes ainda ausentes para a faixa etária. Recomenda-se reavaliação dirigida em curto prazo e considerar encaminhamento para estimulação/avaliação especializada.;
j26-225;Protocolo Dr. Jadson — Feedback do Professor TDAH Sala (J26-225);maior=melhor/intenso;0;Atraso provável — investigar e encaminhar;red;Muitos marcos esperados estão ausentes. Recomenda-se investigação e encaminhamento para avaliação especializada (neuropediatria e/ou terapias). Esta é uma triagem, não um diagnóstico.;
j26-226;Protocolo Dr. Jadson — Impressão Global Melhora TDAH CGI (J26-226);maior=melhor/intenso;85;Desenvolvimento adequado para a idade;emerald;A maioria dos marcos esperados está presente. Mantenha o acompanhamento de rotina e a estimulação no dia a dia. Triagem não substitui avaliação clínica.;
j26-226;Protocolo Dr. Jadson — Impressão Global Melhora TDAH CGI (J26-226);maior=melhor/intenso;65;Em desenvolvimento — vigiar e reavaliar;amber;Vários marcos já aparecem, mas alguns ainda estão emergindo. Reforce a estimulação e reavalie em 1–2 meses. Se houver outros sinais de alerta, antecipe a avaliação.;
j26-226;Protocolo Dr. Jadson — Impressão Global Melhora TDAH CGI (J26-226);maior=melhor/intenso;45;Sinais de alerta — reavaliar em curto prazo;orange;Há marcos importantes ainda ausentes para a faixa etária. Recomenda-se reavaliação dirigida em curto prazo e considerar encaminhamento para estimulação/avaliação especializada.;
j26-226;Protocolo Dr. Jadson — Impressão Global Melhora TDAH CGI (J26-226);maior=melhor/intenso;0;Atraso provável — investigar e encaminhar;red;Muitos marcos esperados estão ausentes. Recomenda-se investigação e encaminhamento para avaliação especializada (neuropediatria e/ou terapias). Esta é uma triagem, não um diagnóstico.;
j26-227;Protocolo Dr. Jadson — Diário de Frequência de Crises Epilepsia (J26-227);maior=melhor/intenso;70;Intensidade alta — suporte significativo;red;Vários sinais presentes e intensos, com impacto no cotidiano. Recomenda-se avaliação dirigida e plano de suporte/intervenção. Triagem, não diagnóstico.;
j26-227;Protocolo Dr. Jadson — Diário de Frequência de Crises Epilepsia (J26-227);maior=melhor/intenso;45;Intensidade moderada — suporte indicado;orange;Sinais presentes com repercussão no dia a dia. Vale estruturar suporte/estratégias e reavaliar a resposta ao longo do tempo. Triagem, não diagnóstico.;
j26-227;Protocolo Dr. Jadson — Diário de Frequência de Crises Epilepsia (J26-227);maior=melhor/intenso;20;Intensidade leve — acompanhar;amber;Alguns sinais presentes, de menor intensidade. Acompanhe a evolução e reforce estratégias no cotidiano.;
j26-227;Protocolo Dr. Jadson — Diário de Frequência de Crises Epilepsia (J26-227);maior=melhor/intenso;0;Pouco ou ausente;emerald;Poucos sinais relatados nesta área. Mantenha o acompanhamento de rotina.;
j26-228;Protocolo Dr. Jadson — Efeitos de Antiepilépticos Monitorização (J26-228);maior=melhor/intenso;70;Intensidade alta — suporte significativo;red;Vários sinais presentes e intensos, com impacto no cotidiano. Recomenda-se avaliação dirigida e plano de suporte/intervenção. Triagem, não diagnóstico.;
j26-228;Protocolo Dr. Jadson — Efeitos de Antiepilépticos Monitorização (J26-228);maior=melhor/intenso;45;Intensidade moderada — suporte indicado;orange;Sinais presentes com repercussão no dia a dia. Vale estruturar suporte/estratégias e reavaliar a resposta ao longo do tempo. Triagem, não diagnóstico.;
j26-228;Protocolo Dr. Jadson — Efeitos de Antiepilépticos Monitorização (J26-228);maior=melhor/intenso;20;Intensidade leve — acompanhar;amber;Alguns sinais presentes, de menor intensidade. Acompanhe a evolução e reforce estratégias no cotidiano.;
j26-228;Protocolo Dr. Jadson — Efeitos de Antiepilépticos Monitorização (J26-228);maior=melhor/intenso;0;Pouco ou ausente;emerald;Poucos sinais relatados nesta área. Mantenha o acompanhamento de rotina.;
j26-229;Protocolo Dr. Jadson — Evolução Cognitiva Epilepsia (J26-229);maior=melhor/intenso;85;Desenvolvimento adequado para a idade;emerald;A maioria dos marcos esperados está presente. Mantenha o acompanhamento de rotina e a estimulação no dia a dia. Triagem não substitui avaliação clínica.;
j26-229;Protocolo Dr. Jadson — Evolução Cognitiva Epilepsia (J26-229);maior=melhor/intenso;65;Em desenvolvimento — vigiar e reavaliar;amber;Vários marcos já aparecem, mas alguns ainda estão emergindo. Reforce a estimulação e reavalie em 1–2 meses. Se houver outros sinais de alerta, antecipe a avaliação.;
j26-229;Protocolo Dr. Jadson — Evolução Cognitiva Epilepsia (J26-229);maior=melhor/intenso;45;Sinais de alerta — reavaliar em curto prazo;orange;Há marcos importantes ainda ausentes para a faixa etária. Recomenda-se reavaliação dirigida em curto prazo e considerar encaminhamento para estimulação/avaliação especializada.;
j26-229;Protocolo Dr. Jadson — Evolução Cognitiva Epilepsia (J26-229);maior=melhor/intenso;0;Atraso provável — investigar e encaminhar;red;Muitos marcos esperados estão ausentes. Recomenda-se investigação e encaminhamento para avaliação especializada (neuropediatria e/ou terapias). Esta é uma triagem, não um diagnóstico.;
j26-230;Protocolo Dr. Jadson — Qualidade de Vida Epilepsia Semestral (J26-230);maior=melhor/intenso;70;Intensidade alta — suporte significativo;red;Vários sinais presentes e intensos, com impacto no cotidiano. Recomenda-se avaliação dirigida e plano de suporte/intervenção. Triagem, não diagnóstico.;
j26-230;Protocolo Dr. Jadson — Qualidade de Vida Epilepsia Semestral (J26-230);maior=melhor/intenso;45;Intensidade moderada — suporte indicado;orange;Sinais presentes com repercussão no dia a dia. Vale estruturar suporte/estratégias e reavaliar a resposta ao longo do tempo. Triagem, não diagnóstico.;
j26-230;Protocolo Dr. Jadson — Qualidade de Vida Epilepsia Semestral (J26-230);maior=melhor/intenso;20;Intensidade leve — acompanhar;amber;Alguns sinais presentes, de menor intensidade. Acompanhe a evolução e reforce estratégias no cotidiano.;
j26-230;Protocolo Dr. Jadson — Qualidade de Vida Epilepsia Semestral (J26-230);maior=melhor/intenso;0;Pouco ou ausente;emerald;Poucos sinais relatados nesta área. Mantenha o acompanhamento de rotina.;
j26-231;Protocolo Dr. Jadson — Adesão Medicamentosa Epilepsia (J26-231);maior=melhor/intenso;85;Desenvolvimento adequado para a idade;emerald;A maioria dos marcos esperados está presente. Mantenha o acompanhamento de rotina e a estimulação no dia a dia. Triagem não substitui avaliação clínica.;
j26-231;Protocolo Dr. Jadson — Adesão Medicamentosa Epilepsia (J26-231);maior=melhor/intenso;65;Em desenvolvimento — vigiar e reavaliar;amber;Vários marcos já aparecem, mas alguns ainda estão emergindo. Reforce a estimulação e reavalie em 1–2 meses. Se houver outros sinais de alerta, antecipe a avaliação.;
j26-231;Protocolo Dr. Jadson — Adesão Medicamentosa Epilepsia (J26-231);maior=melhor/intenso;45;Sinais de alerta — reavaliar em curto prazo;orange;Há marcos importantes ainda ausentes para a faixa etária. Recomenda-se reavaliação dirigida em curto prazo e considerar encaminhamento para estimulação/avaliação especializada.;
j26-231;Protocolo Dr. Jadson — Adesão Medicamentosa Epilepsia (J26-231);maior=melhor/intenso;0;Atraso provável — investigar e encaminhar;red;Muitos marcos esperados estão ausentes. Recomenda-se investigação e encaminhamento para avaliação especializada (neuropediatria e/ou terapias). Esta é uma triagem, não um diagnóstico.;
j26-232;Protocolo Dr. Jadson — EEG Evolutivo Achados Sequenciais (J26-232);maior=melhor/intenso;70;Intensidade alta — suporte significativo;red;Vários sinais presentes e intensos, com impacto no cotidiano. Recomenda-se avaliação dirigida e plano de suporte/intervenção. Triagem, não diagnóstico.;
j26-232;Protocolo Dr. Jadson — EEG Evolutivo Achados Sequenciais (J26-232);maior=melhor/intenso;45;Intensidade moderada — suporte indicado;orange;Sinais presentes com repercussão no dia a dia. Vale estruturar suporte/estratégias e reavaliar a resposta ao longo do tempo. Triagem, não diagnóstico.;
j26-232;Protocolo Dr. Jadson — EEG Evolutivo Achados Sequenciais (J26-232);maior=melhor/intenso;20;Intensidade leve — acompanhar;amber;Alguns sinais presentes, de menor intensidade. Acompanhe a evolução e reforce estratégias no cotidiano.;
j26-232;Protocolo Dr. Jadson — EEG Evolutivo Achados Sequenciais (J26-232);maior=melhor/intenso;0;Pouco ou ausente;emerald;Poucos sinais relatados nesta área. Mantenha o acompanhamento de rotina.;
j26-233;Protocolo Dr. Jadson — Evolução Vocabulário Expressivo Trimestral (J26-233);maior=melhor/intenso;85;Desenvolvimento adequado para a idade;emerald;A maioria dos marcos esperados está presente. Mantenha o acompanhamento de rotina e a estimulação no dia a dia. Triagem não substitui avaliação clínica.;
j26-233;Protocolo Dr. Jadson — Evolução Vocabulário Expressivo Trimestral (J26-233);maior=melhor/intenso;65;Em desenvolvimento — vigiar e reavaliar;amber;Vários marcos já aparecem, mas alguns ainda estão emergindo. Reforce a estimulação e reavalie em 1–2 meses. Se houver outros sinais de alerta, antecipe a avaliação.;
j26-233;Protocolo Dr. Jadson — Evolução Vocabulário Expressivo Trimestral (J26-233);maior=melhor/intenso;45;Sinais de alerta — reavaliar em curto prazo;orange;Há marcos importantes ainda ausentes para a faixa etária. Recomenda-se reavaliação dirigida em curto prazo e considerar encaminhamento para estimulação/avaliação especializada.;
j26-233;Protocolo Dr. Jadson — Evolução Vocabulário Expressivo Trimestral (J26-233);maior=melhor/intenso;0;Atraso provável — investigar e encaminhar;red;Muitos marcos esperados estão ausentes. Recomenda-se investigação e encaminhamento para avaliação especializada (neuropediatria e/ou terapias). Esta é uma triagem, não um diagnóstico.;
j26-234;Protocolo Dr. Jadson — Inteligibilidade de Fala Monitorização (J26-234);maior=melhor/intenso;85;Desenvolvimento adequado para a idade;emerald;A maioria dos marcos esperados está presente. Mantenha o acompanhamento de rotina e a estimulação no dia a dia. Triagem não substitui avaliação clínica.;
j26-234;Protocolo Dr. Jadson — Inteligibilidade de Fala Monitorização (J26-234);maior=melhor/intenso;65;Em desenvolvimento — vigiar e reavaliar;amber;Vários marcos já aparecem, mas alguns ainda estão emergindo. Reforce a estimulação e reavalie em 1–2 meses. Se houver outros sinais de alerta, antecipe a avaliação.;
j26-234;Protocolo Dr. Jadson — Inteligibilidade de Fala Monitorização (J26-234);maior=melhor/intenso;45;Sinais de alerta — reavaliar em curto prazo;orange;Há marcos importantes ainda ausentes para a faixa etária. Recomenda-se reavaliação dirigida em curto prazo e considerar encaminhamento para estimulação/avaliação especializada.;
j26-234;Protocolo Dr. Jadson — Inteligibilidade de Fala Monitorização (J26-234);maior=melhor/intenso;0;Atraso provável — investigar e encaminhar;red;Muitos marcos esperados estão ausentes. Recomenda-se investigação e encaminhamento para avaliação especializada (neuropediatria e/ou terapias). Esta é uma triagem, não um diagnóstico.;
j26-235;Protocolo Dr. Jadson — Linguagem Pragmática Acompanhamento (J26-235);maior=melhor/intenso;85;Desenvolvimento adequado para a idade;emerald;A maioria dos marcos esperados está presente. Mantenha o acompanhamento de rotina e a estimulação no dia a dia. Triagem não substitui avaliação clínica.;
j26-235;Protocolo Dr. Jadson — Linguagem Pragmática Acompanhamento (J26-235);maior=melhor/intenso;65;Em desenvolvimento — vigiar e reavaliar;amber;Vários marcos já aparecem, mas alguns ainda estão emergindo. Reforce a estimulação e reavalie em 1–2 meses. Se houver outros sinais de alerta, antecipe a avaliação.;
j26-235;Protocolo Dr. Jadson — Linguagem Pragmática Acompanhamento (J26-235);maior=melhor/intenso;45;Sinais de alerta — reavaliar em curto prazo;orange;Há marcos importantes ainda ausentes para a faixa etária. Recomenda-se reavaliação dirigida em curto prazo e considerar encaminhamento para estimulação/avaliação especializada.;
j26-235;Protocolo Dr. Jadson — Linguagem Pragmática Acompanhamento (J26-235);maior=melhor/intenso;0;Atraso provável — investigar e encaminhar;red;Muitos marcos esperados estão ausentes. Recomenda-se investigação e encaminhamento para avaliação especializada (neuropediatria e/ou terapias). Esta é uma triagem, não um diagnóstico.;
j26-236;Protocolo Dr. Jadson — Fluência Verbal Pós-Fonoterapia (J26-236);maior=melhor/intenso;70;Intensidade alta — suporte significativo;red;Vários sinais presentes e intensos, com impacto no cotidiano. Recomenda-se avaliação dirigida e plano de suporte/intervenção. Triagem, não diagnóstico.;
j26-236;Protocolo Dr. Jadson — Fluência Verbal Pós-Fonoterapia (J26-236);maior=melhor/intenso;45;Intensidade moderada — suporte indicado;orange;Sinais presentes com repercussão no dia a dia. Vale estruturar suporte/estratégias e reavaliar a resposta ao longo do tempo. Triagem, não diagnóstico.;
j26-236;Protocolo Dr. Jadson — Fluência Verbal Pós-Fonoterapia (J26-236);maior=melhor/intenso;20;Intensidade leve — acompanhar;amber;Alguns sinais presentes, de menor intensidade. Acompanhe a evolução e reforce estratégias no cotidiano.;
j26-236;Protocolo Dr. Jadson — Fluência Verbal Pós-Fonoterapia (J26-236);maior=melhor/intenso;0;Pouco ou ausente;emerald;Poucos sinais relatados nesta área. Mantenha o acompanhamento de rotina.;
j26-237;Protocolo Dr. Jadson — Marcos de Comunicação Atingidos (J26-237);maior=melhor/intenso;85;Desenvolvimento adequado para a idade;emerald;A maioria dos marcos esperados está presente. Mantenha o acompanhamento de rotina e a estimulação no dia a dia. Triagem não substitui avaliação clínica.;
j26-237;Protocolo Dr. Jadson — Marcos de Comunicação Atingidos (J26-237);maior=melhor/intenso;65;Em desenvolvimento — vigiar e reavaliar;amber;Vários marcos já aparecem, mas alguns ainda estão emergindo. Reforce a estimulação e reavalie em 1–2 meses. Se houver outros sinais de alerta, antecipe a avaliação.;
j26-237;Protocolo Dr. Jadson — Marcos de Comunicação Atingidos (J26-237);maior=melhor/intenso;45;Sinais de alerta — reavaliar em curto prazo;orange;Há marcos importantes ainda ausentes para a faixa etária. Recomenda-se reavaliação dirigida em curto prazo e considerar encaminhamento para estimulação/avaliação especializada.;
j26-237;Protocolo Dr. Jadson — Marcos de Comunicação Atingidos (J26-237);maior=melhor/intenso;0;Atraso provável — investigar e encaminhar;red;Muitos marcos esperados estão ausentes. Recomenda-se investigação e encaminhamento para avaliação especializada (neuropediatria e/ou terapias). Esta é uma triagem, não um diagnóstico.;
j26-238;Protocolo Dr. Jadson — GMFCS Reclassificação Anual (J26-238);maior=melhor/intenso;85;Desenvolvimento adequado para a idade;emerald;A maioria dos marcos esperados está presente. Mantenha o acompanhamento de rotina e a estimulação no dia a dia. Triagem não substitui avaliação clínica.;
j26-238;Protocolo Dr. Jadson — GMFCS Reclassificação Anual (J26-238);maior=melhor/intenso;65;Em desenvolvimento — vigiar e reavaliar;amber;Vários marcos já aparecem, mas alguns ainda estão emergindo. Reforce a estimulação e reavalie em 1–2 meses. Se houver outros sinais de alerta, antecipe a avaliação.;
j26-238;Protocolo Dr. Jadson — GMFCS Reclassificação Anual (J26-238);maior=melhor/intenso;45;Sinais de alerta — reavaliar em curto prazo;orange;Há marcos importantes ainda ausentes para a faixa etária. Recomenda-se reavaliação dirigida em curto prazo e considerar encaminhamento para estimulação/avaliação especializada.;
j26-238;Protocolo Dr. Jadson — GMFCS Reclassificação Anual (J26-238);maior=melhor/intenso;0;Atraso provável — investigar e encaminhar;red;Muitos marcos esperados estão ausentes. Recomenda-se investigação e encaminhamento para avaliação especializada (neuropediatria e/ou terapias). Esta é uma triagem, não um diagnóstico.;
j26-239;Protocolo Dr. Jadson — Amplitude de Movimento Pós-Fisioterapia (J26-239);maior=melhor/intenso;85;Desenvolvimento adequado para a idade;emerald;A maioria dos marcos esperados está presente. Mantenha o acompanhamento de rotina e a estimulação no dia a dia. Triagem não substitui avaliação clínica.;
j26-239;Protocolo Dr. Jadson — Amplitude de Movimento Pós-Fisioterapia (J26-239);maior=melhor/intenso;65;Em desenvolvimento — vigiar e reavaliar;amber;Vários marcos já aparecem, mas alguns ainda estão emergindo. Reforce a estimulação e reavalie em 1–2 meses. Se houver outros sinais de alerta, antecipe a avaliação.;
j26-239;Protocolo Dr. Jadson — Amplitude de Movimento Pós-Fisioterapia (J26-239);maior=melhor/intenso;45;Sinais de alerta — reavaliar em curto prazo;orange;Há marcos importantes ainda ausentes para a faixa etária. Recomenda-se reavaliação dirigida em curto prazo e considerar encaminhamento para estimulação/avaliação especializada.;
j26-239;Protocolo Dr. Jadson — Amplitude de Movimento Pós-Fisioterapia (J26-239);maior=melhor/intenso;0;Atraso provável — investigar e encaminhar;red;Muitos marcos esperados estão ausentes. Recomenda-se investigação e encaminhamento para avaliação especializada (neuropediatria e/ou terapias). Esta é uma triagem, não um diagnóstico.;
j26-240;Protocolo Dr. Jadson — Função Manual MACS Evolutivo (J26-240);maior=melhor/intenso;85;Desenvolvimento adequado para a idade;emerald;A maioria dos marcos esperados está presente. Mantenha o acompanhamento de rotina e a estimulação no dia a dia. Triagem não substitui avaliação clínica.;
j26-240;Protocolo Dr. Jadson — Função Manual MACS Evolutivo (J26-240);maior=melhor/intenso;65;Em desenvolvimento — vigiar e reavaliar;amber;Vários marcos já aparecem, mas alguns ainda estão emergindo. Reforce a estimulação e reavalie em 1–2 meses. Se houver outros sinais de alerta, antecipe a avaliação.;
j26-240;Protocolo Dr. Jadson — Função Manual MACS Evolutivo (J26-240);maior=melhor/intenso;45;Sinais de alerta — reavaliar em curto prazo;orange;Há marcos importantes ainda ausentes para a faixa etária. Recomenda-se reavaliação dirigida em curto prazo e considerar encaminhamento para estimulação/avaliação especializada.;
j26-240;Protocolo Dr. Jadson — Função Manual MACS Evolutivo (J26-240);maior=melhor/intenso;0;Atraso provável — investigar e encaminhar;red;Muitos marcos esperados estão ausentes. Recomenda-se investigação e encaminhamento para avaliação especializada (neuropediatria e/ou terapias). Esta é uma triagem, não um diagnóstico.;
j26-241;Protocolo Dr. Jadson — Espasticidade Ashworth Sequencial (J26-241);maior=melhor/intenso;70;Intensidade alta — suporte significativo;red;Vários sinais presentes e intensos, com impacto no cotidiano. Recomenda-se avaliação dirigida e plano de suporte/intervenção. Triagem, não diagnóstico.;
j26-241;Protocolo Dr. Jadson — Espasticidade Ashworth Sequencial (J26-241);maior=melhor/intenso;45;Intensidade moderada — suporte indicado;orange;Sinais presentes com repercussão no dia a dia. Vale estruturar suporte/estratégias e reavaliar a resposta ao longo do tempo. Triagem, não diagnóstico.;
j26-241;Protocolo Dr. Jadson — Espasticidade Ashworth Sequencial (J26-241);maior=melhor/intenso;20;Intensidade leve — acompanhar;amber;Alguns sinais presentes, de menor intensidade. Acompanhe a evolução e reforce estratégias no cotidiano.;
j26-241;Protocolo Dr. Jadson — Espasticidade Ashworth Sequencial (J26-241);maior=melhor/intenso;0;Pouco ou ausente;emerald;Poucos sinais relatados nesta área. Mantenha o acompanhamento de rotina.;
j26-242;Protocolo Dr. Jadson — Postura e Marcha Acompanhamento (J26-242);maior=melhor/intenso;85;Desenvolvimento adequado para a idade;emerald;A maioria dos marcos esperados está presente. Mantenha o acompanhamento de rotina e a estimulação no dia a dia. Triagem não substitui avaliação clínica.;
j26-242;Protocolo Dr. Jadson — Postura e Marcha Acompanhamento (J26-242);maior=melhor/intenso;65;Em desenvolvimento — vigiar e reavaliar;amber;Vários marcos já aparecem, mas alguns ainda estão emergindo. Reforce a estimulação e reavalie em 1–2 meses. Se houver outros sinais de alerta, antecipe a avaliação.;
j26-242;Protocolo Dr. Jadson — Postura e Marcha Acompanhamento (J26-242);maior=melhor/intenso;45;Sinais de alerta — reavaliar em curto prazo;orange;Há marcos importantes ainda ausentes para a faixa etária. Recomenda-se reavaliação dirigida em curto prazo e considerar encaminhamento para estimulação/avaliação especializada.;
j26-242;Protocolo Dr. Jadson — Postura e Marcha Acompanhamento (J26-242);maior=melhor/intenso;0;Atraso provável — investigar e encaminhar;red;Muitos marcos esperados estão ausentes. Recomenda-se investigação e encaminhamento para avaliação especializada (neuropediatria e/ou terapias). Esta é uma triagem, não um diagnóstico.;
j26-243;Protocolo Dr. Jadson — Toxina Botulínica Antes e Depois (J26-243);maior=melhor/intenso;85;Desenvolvimento adequado para a idade;emerald;A maioria dos marcos esperados está presente. Mantenha o acompanhamento de rotina e a estimulação no dia a dia. Triagem não substitui avaliação clínica.;
j26-243;Protocolo Dr. Jadson — Toxina Botulínica Antes e Depois (J26-243);maior=melhor/intenso;65;Em desenvolvimento — vigiar e reavaliar;amber;Vários marcos já aparecem, mas alguns ainda estão emergindo. Reforce a estimulação e reavalie em 1–2 meses. Se houver outros sinais de alerta, antecipe a avaliação.;
j26-243;Protocolo Dr. Jadson — Toxina Botulínica Antes e Depois (J26-243);maior=melhor/intenso;45;Sinais de alerta — reavaliar em curto prazo;orange;Há marcos importantes ainda ausentes para a faixa etária. Recomenda-se reavaliação dirigida em curto prazo e considerar encaminhamento para estimulação/avaliação especializada.;
j26-243;Protocolo Dr. Jadson — Toxina Botulínica Antes e Depois (J26-243);maior=melhor/intenso;0;Atraso provável — investigar e encaminhar;red;Muitos marcos esperados estão ausentes. Recomenda-se investigação e encaminhamento para avaliação especializada (neuropediatria e/ou terapias). Esta é uma triagem, não um diagnóstico.;
j26-244;Protocolo Dr. Jadson — Leitura Fluência e Compreensão Trimestral (J26-244);maior=melhor/intenso;85;Desenvolvimento adequado para a idade;emerald;A maioria dos marcos esperados está presente. Mantenha o acompanhamento de rotina e a estimulação no dia a dia. Triagem não substitui avaliação clínica.;
j26-244;Protocolo Dr. Jadson — Leitura Fluência e Compreensão Trimestral (J26-244);maior=melhor/intenso;65;Em desenvolvimento — vigiar e reavaliar;amber;Vários marcos já aparecem, mas alguns ainda estão emergindo. Reforce a estimulação e reavalie em 1–2 meses. Se houver outros sinais de alerta, antecipe a avaliação.;
j26-244;Protocolo Dr. Jadson — Leitura Fluência e Compreensão Trimestral (J26-244);maior=melhor/intenso;45;Sinais de alerta — reavaliar em curto prazo;orange;Há marcos importantes ainda ausentes para a faixa etária. Recomenda-se reavaliação dirigida em curto prazo e considerar encaminhamento para estimulação/avaliação especializada.;
j26-244;Protocolo Dr. Jadson — Leitura Fluência e Compreensão Trimestral (J26-244);maior=melhor/intenso;0;Atraso provável — investigar e encaminhar;red;Muitos marcos esperados estão ausentes. Recomenda-se investigação e encaminhamento para avaliação especializada (neuropediatria e/ou terapias). Esta é uma triagem, não um diagnóstico.;
j26-245;Protocolo Dr. Jadson — Escrita Amostras Comparativas (J26-245);maior=melhor/intenso;85;Desenvolvimento adequado para a idade;emerald;A maioria dos marcos esperados está presente. Mantenha o acompanhamento de rotina e a estimulação no dia a dia. Triagem não substitui avaliação clínica.;
j26-245;Protocolo Dr. Jadson — Escrita Amostras Comparativas (J26-245);maior=melhor/intenso;65;Em desenvolvimento — vigiar e reavaliar;amber;Vários marcos já aparecem, mas alguns ainda estão emergindo. Reforce a estimulação e reavalie em 1–2 meses. Se houver outros sinais de alerta, antecipe a avaliação.;
j26-245;Protocolo Dr. Jadson — Escrita Amostras Comparativas (J26-245);maior=melhor/intenso;45;Sinais de alerta — reavaliar em curto prazo;orange;Há marcos importantes ainda ausentes para a faixa etária. Recomenda-se reavaliação dirigida em curto prazo e considerar encaminhamento para estimulação/avaliação especializada.;
j26-245;Protocolo Dr. Jadson — Escrita Amostras Comparativas (J26-245);maior=melhor/intenso;0;Atraso provável — investigar e encaminhar;red;Muitos marcos esperados estão ausentes. Recomenda-se investigação e encaminhamento para avaliação especializada (neuropediatria e/ou terapias). Esta é uma triagem, não um diagnóstico.;
j26-246;Protocolo Dr. Jadson — Matemática Pós-Psicopedagogia (J26-246);maior=melhor/intenso;85;Desenvolvimento adequado para a idade;emerald;A maioria dos marcos esperados está presente. Mantenha o acompanhamento de rotina e a estimulação no dia a dia. Triagem não substitui avaliação clínica.;
j26-246;Protocolo Dr. Jadson — Matemática Pós-Psicopedagogia (J26-246);maior=melhor/intenso;65;Em desenvolvimento — vigiar e reavaliar;amber;Vários marcos já aparecem, mas alguns ainda estão emergindo. Reforce a estimulação e reavalie em 1–2 meses. Se houver outros sinais de alerta, antecipe a avaliação.;
j26-246;Protocolo Dr. Jadson — Matemática Pós-Psicopedagogia (J26-246);maior=melhor/intenso;45;Sinais de alerta — reavaliar em curto prazo;orange;Há marcos importantes ainda ausentes para a faixa etária. Recomenda-se reavaliação dirigida em curto prazo e considerar encaminhamento para estimulação/avaliação especializada.;
j26-246;Protocolo Dr. Jadson — Matemática Pós-Psicopedagogia (J26-246);maior=melhor/intenso;0;Atraso provável — investigar e encaminhar;red;Muitos marcos esperados estão ausentes. Recomenda-se investigação e encaminhamento para avaliação especializada (neuropediatria e/ou terapias). Esta é uma triagem, não um diagnóstico.;
j26-247;Protocolo Dr. Jadson — Adaptação Curricular Feedback Escolar (J26-247);maior=melhor/intenso;85;Desenvolvimento adequado para a idade;emerald;A maioria dos marcos esperados está presente. Mantenha o acompanhamento de rotina e a estimulação no dia a dia. Triagem não substitui avaliação clínica.;
j26-247;Protocolo Dr. Jadson — Adaptação Curricular Feedback Escolar (J26-247);maior=melhor/intenso;65;Em desenvolvimento — vigiar e reavaliar;amber;Vários marcos já aparecem, mas alguns ainda estão emergindo. Reforce a estimulação e reavalie em 1–2 meses. Se houver outros sinais de alerta, antecipe a avaliação.;
j26-247;Protocolo Dr. Jadson — Adaptação Curricular Feedback Escolar (J26-247);maior=melhor/intenso;45;Sinais de alerta — reavaliar em curto prazo;orange;Há marcos importantes ainda ausentes para a faixa etária. Recomenda-se reavaliação dirigida em curto prazo e considerar encaminhamento para estimulação/avaliação especializada.;
j26-247;Protocolo Dr. Jadson — Adaptação Curricular Feedback Escolar (J26-247);maior=melhor/intenso;0;Atraso provável — investigar e encaminhar;red;Muitos marcos esperados estão ausentes. Recomenda-se investigação e encaminhamento para avaliação especializada (neuropediatria e/ou terapias). Esta é uma triagem, não um diagnóstico.;
j26-248;Protocolo Dr. Jadson — Metas PEI Plano Educacional (J26-248);maior=melhor/intenso;85;Desenvolvimento adequado para a idade;emerald;A maioria dos marcos esperados está presente. Mantenha o acompanhamento de rotina e a estimulação no dia a dia. Triagem não substitui avaliação clínica.;
j26-248;Protocolo Dr. Jadson — Metas PEI Plano Educacional (J26-248);maior=melhor/intenso;65;Em desenvolvimento — vigiar e reavaliar;amber;Vários marcos já aparecem, mas alguns ainda estão emergindo. Reforce a estimulação e reavalie em 1–2 meses. Se houver outros sinais de alerta, antecipe a avaliação.;
j26-248;Protocolo Dr. Jadson — Metas PEI Plano Educacional (J26-248);maior=melhor/intenso;45;Sinais de alerta — reavaliar em curto prazo;orange;Há marcos importantes ainda ausentes para a faixa etária. Recomenda-se reavaliação dirigida em curto prazo e considerar encaminhamento para estimulação/avaliação especializada.;
j26-248;Protocolo Dr. Jadson — Metas PEI Plano Educacional (J26-248);maior=melhor/intenso;0;Atraso provável — investigar e encaminhar;red;Muitos marcos esperados estão ausentes. Recomenda-se investigação e encaminhamento para avaliação especializada (neuropediatria e/ou terapias). Esta é uma triagem, não um diagnóstico.;
j26-249;Protocolo Dr. Jadson — Ansiedade Pós-Terapia Comparativo (J26-249);maior=melhor/intenso;70;Intensidade alta — suporte significativo;red;Vários sinais presentes e intensos, com impacto no cotidiano. Recomenda-se avaliação dirigida e plano de suporte/intervenção. Triagem, não diagnóstico.;
j26-249;Protocolo Dr. Jadson — Ansiedade Pós-Terapia Comparativo (J26-249);maior=melhor/intenso;45;Intensidade moderada — suporte indicado;orange;Sinais presentes com repercussão no dia a dia. Vale estruturar suporte/estratégias e reavaliar a resposta ao longo do tempo. Triagem, não diagnóstico.;
j26-249;Protocolo Dr. Jadson — Ansiedade Pós-Terapia Comparativo (J26-249);maior=melhor/intenso;20;Intensidade leve — acompanhar;amber;Alguns sinais presentes, de menor intensidade. Acompanhe a evolução e reforce estratégias no cotidiano.;
j26-249;Protocolo Dr. Jadson — Ansiedade Pós-Terapia Comparativo (J26-249);maior=melhor/intenso;0;Pouco ou ausente;emerald;Poucos sinais relatados nesta área. Mantenha o acompanhamento de rotina.;
j26-250;Protocolo Dr. Jadson — Depressão CDI-2/PHQ-A Sequencial (J26-250);maior=melhor/intenso;70;Intensidade alta — suporte significativo;red;Vários sinais presentes e intensos, com impacto no cotidiano. Recomenda-se avaliação dirigida e plano de suporte/intervenção. Triagem, não diagnóstico.;
j26-250;Protocolo Dr. Jadson — Depressão CDI-2/PHQ-A Sequencial (J26-250);maior=melhor/intenso;45;Intensidade moderada — suporte indicado;orange;Sinais presentes com repercussão no dia a dia. Vale estruturar suporte/estratégias e reavaliar a resposta ao longo do tempo. Triagem, não diagnóstico.;
j26-250;Protocolo Dr. Jadson — Depressão CDI-2/PHQ-A Sequencial (J26-250);maior=melhor/intenso;20;Intensidade leve — acompanhar;amber;Alguns sinais presentes, de menor intensidade. Acompanhe a evolução e reforce estratégias no cotidiano.;
j26-250;Protocolo Dr. Jadson — Depressão CDI-2/PHQ-A Sequencial (J26-250);maior=melhor/intenso;0;Pouco ou ausente;emerald;Poucos sinais relatados nesta área. Mantenha o acompanhamento de rotina.;
j26-251;Protocolo Dr. Jadson — Autolesão e Ideação Suicida Evolutivo (J26-251);maior=melhor/intenso;70;Intensidade alta — suporte significativo;red;Vários sinais presentes e intensos, com impacto no cotidiano. Recomenda-se avaliação dirigida e plano de suporte/intervenção. Triagem, não diagnóstico.;
j26-251;Protocolo Dr. Jadson — Autolesão e Ideação Suicida Evolutivo (J26-251);maior=melhor/intenso;45;Intensidade moderada — suporte indicado;orange;Sinais presentes com repercussão no dia a dia. Vale estruturar suporte/estratégias e reavaliar a resposta ao longo do tempo. Triagem, não diagnóstico.;
j26-251;Protocolo Dr. Jadson — Autolesão e Ideação Suicida Evolutivo (J26-251);maior=melhor/intenso;20;Intensidade leve — acompanhar;amber;Alguns sinais presentes, de menor intensidade. Acompanhe a evolução e reforce estratégias no cotidiano.;
j26-251;Protocolo Dr. Jadson — Autolesão e Ideação Suicida Evolutivo (J26-251);maior=melhor/intenso;0;Pouco ou ausente;emerald;Poucos sinais relatados nesta área. Mantenha o acompanhamento de rotina.;
j26-252;Protocolo Dr. Jadson — TOC Resposta ao Tratamento (J26-252);maior=melhor/intenso;70;Intensidade alta — suporte significativo;red;Vários sinais presentes e intensos, com impacto no cotidiano. Recomenda-se avaliação dirigida e plano de suporte/intervenção. Triagem, não diagnóstico.;
j26-252;Protocolo Dr. Jadson — TOC Resposta ao Tratamento (J26-252);maior=melhor/intenso;45;Intensidade moderada — suporte indicado;orange;Sinais presentes com repercussão no dia a dia. Vale estruturar suporte/estratégias e reavaliar a resposta ao longo do tempo. Triagem, não diagnóstico.;
j26-252;Protocolo Dr. Jadson — TOC Resposta ao Tratamento (J26-252);maior=melhor/intenso;20;Intensidade leve — acompanhar;amber;Alguns sinais presentes, de menor intensidade. Acompanhe a evolução e reforce estratégias no cotidiano.;
j26-252;Protocolo Dr. Jadson — TOC Resposta ao Tratamento (J26-252);maior=melhor/intenso;0;Pouco ou ausente;emerald;Poucos sinais relatados nesta área. Mantenha o acompanhamento de rotina.;
j26-253;Protocolo Dr. Jadson — TEPT Evolução Pós-Terapia (J26-253);maior=melhor/intenso;70;Intensidade alta — suporte significativo;red;Vários sinais presentes e intensos, com impacto no cotidiano. Recomenda-se avaliação dirigida e plano de suporte/intervenção. Triagem, não diagnóstico.;
j26-253;Protocolo Dr. Jadson — TEPT Evolução Pós-Terapia (J26-253);maior=melhor/intenso;45;Intensidade moderada — suporte indicado;orange;Sinais presentes com repercussão no dia a dia. Vale estruturar suporte/estratégias e reavaliar a resposta ao longo do tempo. Triagem, não diagnóstico.;
j26-253;Protocolo Dr. Jadson — TEPT Evolução Pós-Terapia (J26-253);maior=melhor/intenso;20;Intensidade leve — acompanhar;amber;Alguns sinais presentes, de menor intensidade. Acompanhe a evolução e reforce estratégias no cotidiano.;
j26-253;Protocolo Dr. Jadson — TEPT Evolução Pós-Terapia (J26-253);maior=melhor/intenso;0;Pouco ou ausente;emerald;Poucos sinais relatados nesta área. Mantenha o acompanhamento de rotina.;
j26-254;Protocolo Dr. Jadson — Regulação Emocional Global Acompanhamento (J26-254);maior=melhor/intenso;85;Desenvolvimento adequado para a idade;emerald;A maioria dos marcos esperados está presente. Mantenha o acompanhamento de rotina e a estimulação no dia a dia. Triagem não substitui avaliação clínica.;
j26-254;Protocolo Dr. Jadson — Regulação Emocional Global Acompanhamento (J26-254);maior=melhor/intenso;65;Em desenvolvimento — vigiar e reavaliar;amber;Vários marcos já aparecem, mas alguns ainda estão emergindo. Reforce a estimulação e reavalie em 1–2 meses. Se houver outros sinais de alerta, antecipe a avaliação.;
j26-254;Protocolo Dr. Jadson — Regulação Emocional Global Acompanhamento (J26-254);maior=melhor/intenso;45;Sinais de alerta — reavaliar em curto prazo;orange;Há marcos importantes ainda ausentes para a faixa etária. Recomenda-se reavaliação dirigida em curto prazo e considerar encaminhamento para estimulação/avaliação especializada.;
j26-254;Protocolo Dr. Jadson — Regulação Emocional Global Acompanhamento (J26-254);maior=melhor/intenso;0;Atraso provável — investigar e encaminhar;red;Muitos marcos esperados estão ausentes. Recomenda-se investigação e encaminhamento para avaliação especializada (neuropediatria e/ou terapias). Esta é uma triagem, não um diagnóstico.;
j26-255;Protocolo Dr. Jadson — Metabólico Antipsicóticos Monitorização (J26-255);maior=melhor/intenso;70;Intensidade alta — suporte significativo;red;Vários sinais presentes e intensos, com impacto no cotidiano. Recomenda-se avaliação dirigida e plano de suporte/intervenção. Triagem, não diagnóstico.;
j26-255;Protocolo Dr. Jadson — Metabólico Antipsicóticos Monitorização (J26-255);maior=melhor/intenso;45;Intensidade moderada — suporte indicado;orange;Sinais presentes com repercussão no dia a dia. Vale estruturar suporte/estratégias e reavaliar a resposta ao longo do tempo. Triagem, não diagnóstico.;
j26-255;Protocolo Dr. Jadson — Metabólico Antipsicóticos Monitorização (J26-255);maior=melhor/intenso;20;Intensidade leve — acompanhar;amber;Alguns sinais presentes, de menor intensidade. Acompanhe a evolução e reforce estratégias no cotidiano.;
j26-255;Protocolo Dr. Jadson — Metabólico Antipsicóticos Monitorização (J26-255);maior=melhor/intenso;0;Pouco ou ausente;emerald;Poucos sinais relatados nesta área. Mantenha o acompanhamento de rotina.;
j26-256;Protocolo Dr. Jadson — Crescimento Estimulantes Acompanhamento (J26-256);maior=melhor/intenso;70;Intensidade alta — suporte significativo;red;Vários sinais presentes e intensos, com impacto no cotidiano. Recomenda-se avaliação dirigida e plano de suporte/intervenção. Triagem, não diagnóstico.;
j26-256;Protocolo Dr. Jadson — Crescimento Estimulantes Acompanhamento (J26-256);maior=melhor/intenso;45;Intensidade moderada — suporte indicado;orange;Sinais presentes com repercussão no dia a dia. Vale estruturar suporte/estratégias e reavaliar a resposta ao longo do tempo. Triagem, não diagnóstico.;
j26-256;Protocolo Dr. Jadson — Crescimento Estimulantes Acompanhamento (J26-256);maior=melhor/intenso;20;Intensidade leve — acompanhar;amber;Alguns sinais presentes, de menor intensidade. Acompanhe a evolução e reforce estratégias no cotidiano.;
j26-256;Protocolo Dr. Jadson — Crescimento Estimulantes Acompanhamento (J26-256);maior=melhor/intenso;0;Pouco ou ausente;emerald;Poucos sinais relatados nesta área. Mantenha o acompanhamento de rotina.;
j26-257;Protocolo Dr. Jadson — Ajuste de Dose Eficácia vs Efeitos (J26-257);maior=melhor/intenso;70;Intensidade alta — suporte significativo;red;Vários sinais presentes e intensos, com impacto no cotidiano. Recomenda-se avaliação dirigida e plano de suporte/intervenção. Triagem, não diagnóstico.;
j26-257;Protocolo Dr. Jadson — Ajuste de Dose Eficácia vs Efeitos (J26-257);maior=melhor/intenso;45;Intensidade moderada — suporte indicado;orange;Sinais presentes com repercussão no dia a dia. Vale estruturar suporte/estratégias e reavaliar a resposta ao longo do tempo. Triagem, não diagnóstico.;
j26-257;Protocolo Dr. Jadson — Ajuste de Dose Eficácia vs Efeitos (J26-257);maior=melhor/intenso;20;Intensidade leve — acompanhar;amber;Alguns sinais presentes, de menor intensidade. Acompanhe a evolução e reforce estratégias no cotidiano.;
j26-257;Protocolo Dr. Jadson — Ajuste de Dose Eficácia vs Efeitos (J26-257);maior=melhor/intenso;0;Pouco ou ausente;emerald;Poucos sinais relatados nesta área. Mantenha o acompanhamento de rotina.;
j26-258;Protocolo Dr. Jadson — Hepático Hematológico Antiepilépticos (J26-258);maior=melhor/intenso;70;Intensidade alta — suporte significativo;red;Vários sinais presentes e intensos, com impacto no cotidiano. Recomenda-se avaliação dirigida e plano de suporte/intervenção. Triagem, não diagnóstico.;
j26-258;Protocolo Dr. Jadson — Hepático Hematológico Antiepilépticos (J26-258);maior=melhor/intenso;45;Intensidade moderada — suporte indicado;orange;Sinais presentes com repercussão no dia a dia. Vale estruturar suporte/estratégias e reavaliar a resposta ao longo do tempo. Triagem, não diagnóstico.;
j26-258;Protocolo Dr. Jadson — Hepático Hematológico Antiepilépticos (J26-258);maior=melhor/intenso;20;Intensidade leve — acompanhar;amber;Alguns sinais presentes, de menor intensidade. Acompanhe a evolução e reforce estratégias no cotidiano.;
j26-258;Protocolo Dr. Jadson — Hepático Hematológico Antiepilépticos (J26-258);maior=melhor/intenso;0;Pouco ou ausente;emerald;Poucos sinais relatados nesta área. Mantenha o acompanhamento de rotina.;
j26-259;Protocolo Dr. Jadson — CGI-S e CGI-I Gravidade e Melhora (J26-259);maior=melhor/intenso;70;Intensidade alta — suporte significativo;red;Vários sinais presentes e intensos, com impacto no cotidiano. Recomenda-se avaliação dirigida e plano de suporte/intervenção. Triagem, não diagnóstico.;
j26-259;Protocolo Dr. Jadson — CGI-S e CGI-I Gravidade e Melhora (J26-259);maior=melhor/intenso;45;Intensidade moderada — suporte indicado;orange;Sinais presentes com repercussão no dia a dia. Vale estruturar suporte/estratégias e reavaliar a resposta ao longo do tempo. Triagem, não diagnóstico.;
j26-259;Protocolo Dr. Jadson — CGI-S e CGI-I Gravidade e Melhora (J26-259);maior=melhor/intenso;20;Intensidade leve — acompanhar;amber;Alguns sinais presentes, de menor intensidade. Acompanhe a evolução e reforce estratégias no cotidiano.;
j26-259;Protocolo Dr. Jadson — CGI-S e CGI-I Gravidade e Melhora (J26-259);maior=melhor/intenso;0;Pouco ou ausente;emerald;Poucos sinais relatados nesta área. Mantenha o acompanhamento de rotina.;
j26-260;Protocolo Dr. Jadson — Laboratorial Rotina por Medicação (J26-260);maior=melhor/intenso;85;Desenvolvimento adequado para a idade;emerald;A maioria dos marcos esperados está presente. Mantenha o acompanhamento de rotina e a estimulação no dia a dia. Triagem não substitui avaliação clínica.;
j26-260;Protocolo Dr. Jadson — Laboratorial Rotina por Medicação (J26-260);maior=melhor/intenso;65;Em desenvolvimento — vigiar e reavaliar;amber;Vários marcos já aparecem, mas alguns ainda estão emergindo. Reforce a estimulação e reavalie em 1–2 meses. Se houver outros sinais de alerta, antecipe a avaliação.;
j26-260;Protocolo Dr. Jadson — Laboratorial Rotina por Medicação (J26-260);maior=melhor/intenso;45;Sinais de alerta — reavaliar em curto prazo;orange;Há marcos importantes ainda ausentes para a faixa etária. Recomenda-se reavaliação dirigida em curto prazo e considerar encaminhamento para estimulação/avaliação especializada.;
j26-260;Protocolo Dr. Jadson — Laboratorial Rotina por Medicação (J26-260);maior=melhor/intenso;0;Atraso provável — investigar e encaminhar;red;Muitos marcos esperados estão ausentes. Recomenda-se investigação e encaminhamento para avaliação especializada (neuropediatria e/ou terapias). Esta é uma triagem, não um diagnóstico.;