id;escala;faixa_idade;dominio;n_item;texto_item;APROVAR? (s/n);TEXTO_CORRIGIDO
ace;(sem metadados) ace;?;Abuso;1;Abuso emocional recorrente (humilhações, ameaças);;
ace;(sem metadados) ace;?;Abuso;2;Abuso físico (agressão que machucou);;
ace;(sem metadados) ace;?;Abuso;3;Abuso sexual;;
ace;(sem metadados) ace;?;Negligência;1;Negligência emocional (não se sentir amado/apoiado);;
ace;(sem metadados) ace;?;Negligência;2;Negligência física (faltou comida, cuidado ou proteção);;
ace;(sem metadados) ace;?;Disfunção familiar;1;Separação ou divórcio dos pais;;
ace;(sem metadados) ace;?;Disfunção familiar;2;Violência contra a mãe/cuidadora;;
ace;(sem metadados) ace;?;Disfunção familiar;3;Convívio com uso problemático de álcool/drogas;;
ace;(sem metadados) ace;?;Disfunção familiar;4;Convívio com doença mental ou tentativa de suicídio na família;;
ace;(sem metadados) ace;?;Disfunção familiar;5;Familiar preso;;
asq-suicide;(sem metadados) asq-suicide;?;Perguntas de triagem (NIMH ASQ);1;Nas últimas semanas, você desejou estar morto(a)?;;
asq-suicide;(sem metadados) asq-suicide;?;Perguntas de triagem (NIMH ASQ);2;Nas últimas semanas, você sentiu que você ou sua família estariam melhor se você estivesse morto(a)?;;
asq-suicide;(sem metadados) asq-suicide;?;Perguntas de triagem (NIMH ASQ);3;Na última semana, você teve pensamentos sobre se matar?;;
asq-suicide;(sem metadados) asq-suicide;?;Perguntas de triagem (NIMH ASQ);4;Você já tentou se matar alguma vez?;;
bars;(sem metadados) bars;?;Acatisia;1;Movimentos inquietos observaveis;;
bars;(sem metadados) bars;?;Acatisia;2;Sensacao subjetiva de inquietude;;
bars;(sem metadados) bars;?;Acatisia;3;Sofrimento/desconforto associado;;
bars;(sem metadados) bars;?;Acatisia;4;Impressao clinica global de acatisia;;
bears;(sem metadados) bears;?;BEARS;1;B - Dificuldade para iniciar o sono ou resistencia para dormir;;
bears;(sem metadados) bears;?;BEARS;2;E - Sonolencia diurna excessiva;;
bears;(sem metadados) bears;?;BEARS;3;A - Despertares noturnos frequentes ou prolongados;;
bears;(sem metadados) bears;?;BEARS;4;R - Rotina/regularidade de sono inadequada;;
bears;(sem metadados) bears;?;BEARS;5;S - Ronco, respiracao ruidosa ou suspeita de apneia;;
bisq;(sem metadados) bisq;?;Sono noturno;1;Latencia para dormir prolongada;;
bisq;(sem metadados) bisq;?;Sono noturno;2;Despertares noturnos frequentes;;
bisq;(sem metadados) bisq;?;Sono noturno;3;Tempo acordado de madrugada prolongado;;
bisq;(sem metadados) bisq;?;Sono noturno;4;Duracao total de sono reduzida;;
bisq;(sem metadados) bisq;?;Rotina e contexto;1;Horario de dormir irregular;;
bisq;(sem metadados) bisq;?;Rotina e contexto;2;Associacao intensa para adormecer;;
bisq;(sem metadados) bisq;?;Rotina e contexto;3;Sonecas desorganizadas para idade;;
bisq;(sem metadados) bisq;?;Rotina e contexto;4;Sono dos cuidadores prejudicado;;
catclams;(sem metadados) catclams;?;CAT - adaptativo/cognitivo;1;Explora objeto com olhar e maos;;
catclams;(sem metadados) catclams;?;CAT - adaptativo/cognitivo;2;Transfere objeto entre maos;;
catclams;(sem metadados) catclams;?;CAT - adaptativo/cognitivo;3;Procura objeto parcialmente escondido;;
catclams;(sem metadados) catclams;?;CAT - adaptativo/cognitivo;4;Usa pinça ou pega fina funcional;;
catclams;(sem metadados) catclams;?;CAT - adaptativo/cognitivo;5;Coloca e retira objetos de recipiente;;
catclams;(sem metadados) catclams;?;CAT - adaptativo/cognitivo;6;Imita acao simples com objeto;;
catclams;(sem metadados) catclams;?;CAT - adaptativo/cognitivo;7;Resolve encaixe/formas simples;;
catclams;(sem metadados) catclams;?;CAT - adaptativo/cognitivo;8;Faz brincadeira funcional;;
catclams;(sem metadados) catclams;?;CAT - adaptativo/cognitivo;9;Empilha ou constrói com blocos;;
catclams;(sem metadados) catclams;?;CAT - adaptativo/cognitivo;10;Combina objetos por funcao;;
catclams;(sem metadados) catclams;?;CAT - adaptativo/cognitivo;11;Aponta/seleciona figura ou objeto nomeado;;
catclams;(sem metadados) catclams;?;CAT - adaptativo/cognitivo;12;Realiza tarefa de causa-efeito;;
catclams;(sem metadados) catclams;?;CLAMS - linguagem/audicao;1;Reage a sons e voz familiar;;
catclams;(sem metadados) catclams;?;CLAMS - linguagem/audicao;2;Vocaliza para interagir;;
catclams;(sem metadados) catclams;?;CLAMS - linguagem/audicao;3;Balbucia silabas repetidas;;
catclams;(sem metadados) catclams;?;CLAMS - linguagem/audicao;4;Responde ao proprio nome;;
catclams;(sem metadados) catclams;?;CLAMS - linguagem/audicao;5;Compreende comando simples com gesto;;
catclams;(sem metadados) catclams;?;CLAMS - linguagem/audicao;6;Usa gesto comunicativo;;
catclams;(sem metadados) catclams;?;CLAMS - linguagem/audicao;7;Fala palavra com significado;;
catclams;(sem metadados) catclams;?;CLAMS - linguagem/audicao;8;Aponta para pedir ou mostrar;;
catclams;(sem metadados) catclams;?;CLAMS - linguagem/audicao;9;Compreende comando sem gesto;;
catclams;(sem metadados) catclams;?;CLAMS - linguagem/audicao;10;Nomeia objetos/pessoas familiares;;
catclams;(sem metadados) catclams;?;CLAMS - linguagem/audicao;11;Combina duas palavras;;
catclams;(sem metadados) catclams;?;CLAMS - linguagem/audicao;12;Usa fala/gesto para resolver necessidade;;
cats;(sem metadados) cats;?;Reexperiência;1;Lembranças do evento que vêm sem eu querer;;
cats;(sem metadados) cats;?;Reexperiência;2;Pesadelos sobre o evento;;
cats;(sem metadados) cats;?;Reexperiência;3;Sentir como se o evento acontecesse de novo;;
cats;(sem metadados) cats;?;Reexperiência;4;Ficar muito aflito(a) ao lembrar;;
cats;(sem metadados) cats;?;Reexperiência;5;Reações no corpo ao lembrar (coração acelerado, suor);;
cats;(sem metadados) cats;?;Evitação;1;Evitar pensar ou falar sobre o evento;;
cats;(sem metadados) cats;?;Evitação;2;Evitar pessoas, lugares ou coisas que lembrem o evento;;
cats;(sem metadados) cats;?;Cognição e humor;1;Dificuldade de lembrar partes do evento;;
cats;(sem metadados) cats;?;Cognição e humor;2;Pensar que o mundo é muito perigoso;;
cats;(sem metadados) cats;?;Cognição e humor;3;Culpar a si mesmo(a) pelo que aconteceu;;
cats;(sem metadados) cats;?;Cognição e humor;4;Sentir-se triste, com medo ou com raiva quase sempre;;
cats;(sem metadados) cats;?;Cognição e humor;5;Perder o interesse por coisas de que gostava;;
cats;(sem metadados) cats;?;Cognição e humor;6;Sentir-se distante das pessoas;;
cats;(sem metadados) cats;?;Cognição e humor;7;Dificuldade de sentir emoções boas;;
cats;(sem metadados) cats;?;Alerta;1;Ficar irritado(a) ou ter explosões de raiva;;
cats;(sem metadados) cats;?;Alerta;2;Fazer coisas arriscadas ou se machucar;;
cats;(sem metadados) cats;?;Alerta;3;Ficar muito vigilante, esperando algo ruim;;
cats;(sem metadados) cats;?;Alerta;4;Assustar-se com facilidade;;
cats;(sem metadados) cats;?;Alerta;5;Dificuldade de concentração;;
cats;(sem metadados) cats;?;Alerta;6;Dificuldade para dormir;;
comfort-b;(sem metadados) comfort-b;?;Comportamento observado;1;Alerta/estado de vigilia;;
comfort-b;(sem metadados) comfort-b;?;Comportamento observado;2;Calma ou agitacao;;
comfort-b;(sem metadados) comfort-b;?;Comportamento observado;3;Resposta respiratoria/choro;;
comfort-b;(sem metadados) comfort-b;?;Comportamento observado;4;Movimento corporal;;
comfort-b;(sem metadados) comfort-b;?;Comportamento observado;5;Tensao facial;;
comfort-b;(sem metadados) comfort-b;?;Comportamento observado;6;Tonus muscular;;
cpss-v;(sem metadados) cpss-v;?;Intrusão;1;Lembranças aflitivas que voltam sem querer;;
cpss-v;(sem metadados) cpss-v;?;Intrusão;2;Pesadelos sobre o evento;;
cpss-v;(sem metadados) cpss-v;?;Intrusão;3;Reviver o evento como se acontecesse de novo;;
cpss-v;(sem metadados) cpss-v;?;Intrusão;4;Aflição intensa ao lembrar;;
cpss-v;(sem metadados) cpss-v;?;Intrusão;5;Reações físicas ao lembrar (coração disparado, suor);;
cpss-v;(sem metadados) cpss-v;?;Evitação;1;Evitar pensamentos ou sentimentos sobre o evento;;
cpss-v;(sem metadados) cpss-v;?;Evitação;2;Evitar lugares, pessoas ou coisas que lembrem o evento;;
cpss-v;(sem metadados) cpss-v;?;Cognição e humor;1;Dificuldade de lembrar partes importantes do evento;;
cpss-v;(sem metadados) cpss-v;?;Cognição e humor;2;Crenças negativas sobre si, os outros ou o mundo;;
cpss-v;(sem metadados) cpss-v;?;Cognição e humor;3;Culpar a si mesmo(a) ou aos outros pelo ocorrido;;
cpss-v;(sem metadados) cpss-v;?;Cognição e humor;4;Sentir-se mal (medo, raiva, culpa, vergonha) quase sempre;;
cpss-v;(sem metadados) cpss-v;?;Cognição e humor;5;Perda de interesse em atividades;;
cpss-v;(sem metadados) cpss-v;?;Cognição e humor;6;Sentir-se distante das pessoas;;
cpss-v;(sem metadados) cpss-v;?;Cognição e humor;7;Dificuldade de sentir emoções positivas;;
cpss-v;(sem metadados) cpss-v;?;Alerta e reatividade;1;Irritabilidade ou explosões de raiva;;
cpss-v;(sem metadados) cpss-v;?;Alerta e reatividade;2;Comportamento imprudente ou autodestrutivo;;
cpss-v;(sem metadados) cpss-v;?;Alerta e reatividade;3;Estar excessivamente vigilante;;
cpss-v;(sem metadados) cpss-v;?;Alerta e reatividade;4;Sobressaltar-se com facilidade;;
cpss-v;(sem metadados) cpss-v;?;Alerta e reatividade;5;Dificuldade de concentração;;
cpss-v;(sem metadados) cpss-v;?;Alerta e reatividade;6;Dificuldade para dormir;;
cries13;(sem metadados) cries13;?;Intrusão;1;Penso no evento mesmo sem querer;;
cries13;(sem metadados) cries13;?;Intrusão;2;Tenho imagens ou sonhos sobre o que aconteceu;;
cries13;(sem metadados) cries13;?;Intrusão;3;Sinto como se estivesse acontecendo de novo;;
cries13;(sem metadados) cries13;?;Intrusão;4;Fico aflito(a) quando algo me lembra do evento;;
cries13;(sem metadados) cries13;?;Evitação;1;Tento não pensar no que aconteceu;;
cries13;(sem metadados) cries13;?;Evitação;2;Evito lugares ou coisas que me lembram do evento;;
cries13;(sem metadados) cries13;?;Evitação;3;Tento apagar o evento da memória;;
cries13;(sem metadados) cries13;?;Evitação;4;Evito falar sobre o assunto;;
cries13;(sem metadados) cries13;?;Excitação (arousal);1;Fico mais irritado(a) ou com raiva;;
cries13;(sem metadados) cries13;?;Excitação (arousal);2;Tenho dificuldade de me concentrar;;
cries13;(sem metadados) cries13;?;Excitação (arousal);3;Durmo pior por causa disso;;
cries13;(sem metadados) cries13;?;Excitação (arousal);4;Fico em alerta, como se algo ruim fosse acontecer;;
cries13;(sem metadados) cries13;?;Excitação (arousal);5;Assusto-me com facilidade;;
cybocs-sr;(sem metadados) cybocs-sr;?;Obsessões (pensamentos);1;Tempo ocupado por obsessões;;
cybocs-sr;(sem metadados) cybocs-sr;?;Obsessões (pensamentos);2;Interferência das obsessões na rotina;;
cybocs-sr;(sem metadados) cybocs-sr;?;Obsessões (pensamentos);3;Sofrimento causado pelas obsessões;;
cybocs-sr;(sem metadados) cybocs-sr;?;Obsessões (pensamentos);4;Esforço para resistir às obsessões;;
cybocs-sr;(sem metadados) cybocs-sr;?;Obsessões (pensamentos);5;Controle sobre as obsessões;;
cybocs-sr;(sem metadados) cybocs-sr;?;Compulsões (rituais);1;Tempo gasto com compulsões;;
cybocs-sr;(sem metadados) cybocs-sr;?;Compulsões (rituais);2;Interferência das compulsões na rotina;;
cybocs-sr;(sem metadados) cybocs-sr;?;Compulsões (rituais);3;Aflição se impedido(a) de realizar o ritual;;
cybocs-sr;(sem metadados) cybocs-sr;?;Compulsões (rituais);4;Esforço para resistir às compulsões;;
cybocs-sr;(sem metadados) cybocs-sr;?;Compulsões (rituais);5;Controle sobre as compulsões;;
docs;(sem metadados) docs;?;Contaminação;1;Tempo gasto com medo de contaminação/limpeza;;
docs;(sem metadados) docs;?;Contaminação;2;Evitação por medo de germes/sujeira;;
docs;(sem metadados) docs;?;Contaminação;3;Sofrimento causado por esses medos;;
docs;(sem metadados) docs;?;Contaminação;4;Dificuldade de ignorar pensamentos de contaminação;;
docs;(sem metadados) docs;?;Contaminação;5;Interferência na rotina por causa disso;;
docs;(sem metadados) docs;?;Responsabilidade por dano/erro;1;Tempo gasto verificando para evitar danos;;
docs;(sem metadados) docs;?;Responsabilidade por dano/erro;2;Evitação de situações por medo de causar erro;;
docs;(sem metadados) docs;?;Responsabilidade por dano/erro;3;Sofrimento com a possibilidade de algo dar errado;;
docs;(sem metadados) docs;?;Responsabilidade por dano/erro;4;Dificuldade de parar de verificar;;
docs;(sem metadados) docs;?;Responsabilidade por dano/erro;5;Interferência na rotina pelas verificações;;
docs;(sem metadados) docs;?;Pensamentos inaceitáveis;1;Tempo tomado por pensamentos indesejados/intrusivos;;
docs;(sem metadados) docs;?;Pensamentos inaceitáveis;2;Evitação de gatilhos desses pensamentos;;
docs;(sem metadados) docs;?;Pensamentos inaceitáveis;3;Sofrimento causado por esses pensamentos;;
docs;(sem metadados) docs;?;Pensamentos inaceitáveis;4;Dificuldade de afastá-los da mente;;
docs;(sem metadados) docs;?;Pensamentos inaceitáveis;5;Interferência na rotina por causa deles;;
docs;(sem metadados) docs;?;Simetria/incompletude;1;Tempo gasto ordenando até parecer 'certo';;
docs;(sem metadados) docs;?;Simetria/incompletude;2;Evitação de deixar coisas fora de ordem;;
docs;(sem metadados) docs;?;Simetria/incompletude;3;Sofrimento quando algo está 'incompleto';;
docs;(sem metadados) docs;?;Simetria/incompletude;4;Dificuldade de ignorar a necessidade de simetria;;
docs;(sem metadados) docs;?;Simetria/incompletude;5;Interferência na rotina por arrumar/repetir;;
engel;(sem metadados) engel;?;Desfecho de crises;1;Classe de desfecho atual;;
erc;(sem metadados) erc;?;Labilidade/negatividade;1;Mudancas rapidas de humor;;
erc;(sem metadados) erc;?;Labilidade/negatividade;2;Explosoes emocionais desproporcionais;;
erc;(sem metadados) erc;?;Labilidade/negatividade;3;Irritabilidade persistente;;
erc;(sem metadados) erc;?;Labilidade/negatividade;4;Choro ou raiva de dificil recuperacao;;
erc;(sem metadados) erc;?;Labilidade/negatividade;5;Reacao intensa a pequenas frustracoes;;
erc;(sem metadados) erc;?;Labilidade/negatividade;6;Dificuldade de voltar ao basal;;
erc;(sem metadados) erc;?;Labilidade/negatividade;7;Hostilidade verbal ou corporal;;
erc;(sem metadados) erc;?;Labilidade/negatividade;8;Emocoes negativas prolongadas;;
erc;(sem metadados) erc;?;Labilidade/negatividade;9;Sensibilidade excessiva a correcao;;
erc;(sem metadados) erc;?;Labilidade/negatividade;10;Conflitos por baixa tolerancia a espera;;
erc;(sem metadados) erc;?;Labilidade/negatividade;11;Comportamento imprevisivel pela emocao;;
erc;(sem metadados) erc;?;Labilidade/negatividade;12;Prejuizo social por reatividade emocional;;
erc;(sem metadados) erc;?;Regulacao adaptativa;1;Dificuldade de nomear o que sente;;
erc;(sem metadados) erc;?;Regulacao adaptativa;2;Dificuldade de pedir ajuda quando aflito;;
erc;(sem metadados) erc;?;Regulacao adaptativa;3;Pouco uso de estrategias para se acalmar;;
erc;(sem metadados) erc;?;Regulacao adaptativa;4;Dificuldade de seguir combinados quando frustrado;;
erc;(sem metadados) erc;?;Regulacao adaptativa;5;Baixa flexibilidade diante de mudancas;;
erc;(sem metadados) erc;?;Regulacao adaptativa;6;Dificuldade de reparar conflitos;;
erc;(sem metadados) erc;?;Regulacao adaptativa;7;Pouca empatia quando outra pessoa sofre;;
erc;(sem metadados) erc;?;Regulacao adaptativa;8;Dificuldade de esperar recompensa;;
erc;(sem metadados) erc;?;Regulacao adaptativa;9;Reacao emocional prejudica aprendizagem;;
erc;(sem metadados) erc;?;Regulacao adaptativa;10;Precisa de adulto para regular quase sempre;;
erc;(sem metadados) erc;?;Regulacao adaptativa;11;Evita atividades por medo/raiva;;
erc;(sem metadados) erc;?;Regulacao adaptativa;12;Dificuldade de aceitar limites;;
ess-adol;(sem metadados) ess-adol;?;Propensão ao sono diurno;1;Sentado(a) e lendo;;
ess-adol;(sem metadados) ess-adol;?;Propensão ao sono diurno;2;Assistindo à televisão;;
ess-adol;(sem metadados) ess-adol;?;Propensão ao sono diurno;3;Sentado(a), quieto(a), em um lugar público (sala de aula, cinema, reunião);;
ess-adol;(sem metadados) ess-adol;?;Propensão ao sono diurno;4;Como passageiro(a) em um carro por uma hora, sem parar;;
ess-adol;(sem metadados) ess-adol;?;Propensão ao sono diurno;5;Deitado(a) para descansar à tarde, quando possível;;
ess-adol;(sem metadados) ess-adol;?;Propensão ao sono diurno;6;Sentado(a) conversando com alguém;;
ess-adol;(sem metadados) ess-adol;?;Propensão ao sono diurno;7;Sentado(a) quieto(a) após o almoço, sem ter bebido álcool;;
ess-adol;(sem metadados) ess-adol;?;Propensão ao sono diurno;8;No carro, parado(a) por alguns minutos no trânsito;;
fas-fluencia;(sem metadados) fas-fluencia;?;Fluencia fonologica;1;Letra F - producao adequada para idade/escolaridade;;
fas-fluencia;(sem metadados) fas-fluencia;?;Fluencia fonologica;2;Letra A - producao adequada para idade/escolaridade;;
fas-fluencia;(sem metadados) fas-fluencia;?;Fluencia fonologica;3;Letra S - producao adequada para idade/escolaridade;;
fas-fluencia;(sem metadados) fas-fluencia;?;Qualidade executiva;1;Baixa perseveracao/repeticao;;
fas-fluencia;(sem metadados) fas-fluencia;?;Qualidade executiva;2;Mantem regra da tarefa;;
fas-fluencia;(sem metadados) fas-fluencia;?;Qualidade executiva;3;Usa estrategia de agrupamento e troca;;
fas-pr;(sem metadados) fas-pr;?;Participacao familiar;1;Participa de rituais/checagens;;
fas-pr;(sem metadados) fas-pr;?;Participacao familiar;2;Fornece reasseguramento repetitivo;;
fas-pr;(sem metadados) fas-pr;?;Participacao familiar;3;Ajuda a evitar gatilhos;;
fas-pr;(sem metadados) fas-pr;?;Participacao familiar;4;Repete respostas ou acoes para reduzir ansiedade;;
fas-pr;(sem metadados) fas-pr;?;Modificacao de rotina;1;Altera horarios ou trajetos por sintomas;;
fas-pr;(sem metadados) fas-pr;?;Modificacao de rotina;2;Evita locais/atividades familiares;;
fas-pr;(sem metadados) fas-pr;?;Modificacao de rotina;3;Muda regras domesticas para prevenir crise;;
fas-pr;(sem metadados) fas-pr;?;Modificacao de rotina;4;Interrompe escola/trabalho/familia por rituais;;
fas-pr;(sem metadados) fas-pr;?;Impacto e sofrimento;1;Conflitos familiares por acomodacao;;
fas-pr;(sem metadados) fas-pr;?;Impacto e sofrimento;2;Sofrimento do cuidador;;
fas-pr;(sem metadados) fas-pr;?;Impacto e sofrimento;3;Prejuizo em autonomia da crianca;;
fas-pr;(sem metadados) fas-pr;?;Impacto e sofrimento;4;Dificuldade de reduzir acomodacoes;;
flacc;(sem metadados) flacc;?;Dor observacional;1;Face;;
flacc;(sem metadados) flacc;?;Dor observacional;2;Pernas;;
flacc;(sem metadados) flacc;?;Dor observacional;3;Atividade corporal;;
flacc;(sem metadados) flacc;?;Dor observacional;4;Choro/vocalizacao;;
flacc;(sem metadados) flacc;?;Dor observacional;5;Consolabilidade;;
gad7;(sem metadados) gad7;?;Sintomas de ansiedade (2 semanas);1;Sentir-se nervoso(a), ansioso(a) ou muito tenso(a);;
gad7;(sem metadados) gad7;?;Sintomas de ansiedade (2 semanas);2;Não conseguir parar ou controlar as preocupações;;
gad7;(sem metadados) gad7;?;Sintomas de ansiedade (2 semanas);3;Preocupar-se demais com diferentes coisas;;
gad7;(sem metadados) gad7;?;Sintomas de ansiedade (2 semanas);4;Dificuldade para relaxar;;
gad7;(sem metadados) gad7;?;Sintomas de ansiedade (2 semanas);5;Ficar tão agitado(a) que se torna difícil permanecer parado(a);;
gad7;(sem metadados) gad7;?;Sintomas de ansiedade (2 semanas);6;Ficar facilmente aborrecido(a) ou irritado(a);;
gad7;(sem metadados) gad7;?;Sintomas de ansiedade (2 semanas);7;Sentir medo, como se algo terrível fosse acontecer;;
hine;(sem metadados) hine;?;Nervos cranianos;1;Seguimento visual;;
hine;(sem metadados) hine;?;Nervos cranianos;2;Resposta auditiva;;
hine;(sem metadados) hine;?;Nervos cranianos;3;Movimentos oculares conjugados;;
hine;(sem metadados) hine;?;Nervos cranianos;4;Expressao facial simetrica;;
hine;(sem metadados) hine;?;Nervos cranianos;5;Sucção/degluticao adequadas;;
hine;(sem metadados) hine;?;Nervos cranianos;6;Qualidade do choro/vocalizacao;;
hine;(sem metadados) hine;?;Postura;1;Postura de cabeca;;
hine;(sem metadados) hine;?;Postura;2;Postura de tronco;;
hine;(sem metadados) hine;?;Postura;3;Postura de bracos;;
hine;(sem metadados) hine;?;Postura;4;Postura de maos;;
hine;(sem metadados) hine;?;Postura;5;Postura de pernas;;
hine;(sem metadados) hine;?;Postura;6;Postura de pes;;
hine;(sem metadados) hine;?;Movimentos;1;Quantidade de movimentos espontaneos;;
hine;(sem metadados) hine;?;Movimentos;2;Qualidade dos movimentos;;
hine;(sem metadados) hine;?;Movimentos;3;Simetria dos movimentos;;
hine;(sem metadados) hine;?;Movimentos;4;Controle antigravitacional;;
hine;(sem metadados) hine;?;Tonus;1;Tonus global;;
hine;(sem metadados) hine;?;Tonus;2;Traction response;;
hine;(sem metadados) hine;?;Tonus;3;Suspensao ventral;;
hine;(sem metadados) hine;?;Tonus;4;Amplitude passiva de ombros;;
hine;(sem metadados) hine;?;Tonus;5;Prono/sentado conforme idade;;
hine;(sem metadados) hine;?;Tonus;6;Adutores/angulo popliteo conforme idade;;
hine;(sem metadados) hine;?;Reflexos e reacoes;1;Reflexos tendinosos;;
hine;(sem metadados) hine;?;Reflexos e reacoes;2;Moro/paraquedas conforme idade;;
hine;(sem metadados) hine;?;Reflexos e reacoes;3;Reacao de protecao;;
hine;(sem metadados) hine;?;Reflexos e reacoes;4;Resposta plantar;;
ita-adultos;(sem metadados) ita-adultos;?;Interação social;1;Eu me sinto desconfortável em situações sociais, mesmo quando estou rodeado de pessoas conhecidas.;;
ita-adultos;(sem metadados) ita-adultos;?;Interação social;2;Eu evito falar com pessoas que não conheço bem, mesmo que haja uma oportunidade de interação.;;
ita-adultos;(sem metadados) ita-adultos;?;Interação social;3;Eu tenho dificuldades para entender se alguém está interessado ou não no que estou dizendo.;;
ita-adultos;(sem metadados) ita-adultos;?;Interação social;4;Costumo sentir que as pessoas estão me observando de forma crítica em ambientes sociais.;;
ita-adultos;(sem metadados) ita-adultos;?;Interação social;5;Muitas vezes, eu me sinto ansioso antes de eventos sociais, mesmo sabendo que são importantes.;;
ita-adultos;(sem metadados) ita-adultos;?;Interação social;6;Prefiro interagir com um pequeno número de pessoas, em vez de grandes grupos.;;
ita-adultos;(sem metadados) ita-adultos;?;Interação social;7;Eu tenho dificuldade em entender as piadas ou sarcasmo de outras pessoas.;;
ita-adultos;(sem metadados) ita-adultos;?;Interação social;8;Em grupos, frequentemente me sinto deslocado ou fora de lugar.;;
ita-adultos;(sem metadados) ita-adultos;?;Interação social;9;Evito fazer novas amizades, mesmo quando as oportunidades aparecem.;;
ita-adultos;(sem metadados) ita-adultos;?;Interação social;10;Eu tenho dificuldades em expressar meus sentimentos em uma conversa social.;;
ita-adultos;(sem metadados) ita-adultos;?;Comunicação;1;Eu tenho dificuldades para entender as emoções dos outros através de expressões faciais.;;
ita-adultos;(sem metadados) ita-adultos;?;Comunicação;2;Quando estou conversando, posso achar difícil manter o fluxo da conversa.;;
ita-adultos;(sem metadados) ita-adultos;?;Comunicação;3;Eu frequentemente falo sobre meus próprios interesses sem perceber que os outros não estão tão envolvidos.;;
ita-adultos;(sem metadados) ita-adultos;?;Comunicação;4;Eu tenho dificuldade para saber quando é apropriado fazer uma pausa em uma conversa.;;
ita-adultos;(sem metadados) ita-adultos;?;Comunicação;5;Eu sou muito direto e, às vezes, sinto que as pessoas acham isso insensível.;;
ita-adultos;(sem metadados) ita-adultos;?;Comunicação;6;Eu fico incerto sobre como lidar com o silêncio em uma conversa.;;
ita-adultos;(sem metadados) ita-adultos;?;Comunicação;7;Em situações sociais, tenho dificuldades para compreender piadas e humor.;;
ita-adultos;(sem metadados) ita-adultos;?;Comunicação;8;Eu me sinto mais confortável em comunicar-me por mensagens escritas do que pessoalmente.;;
ita-adultos;(sem metadados) ita-adultos;?;Comunicação;9;Frequentemente, não entendo as nuances de um tom de voz e como ele altera a mensagem.;;
ita-adultos;(sem metadados) ita-adultos;?;Comunicação;10;Eu tenho dificuldades em fazer elogios ou expressar apreciação em uma conversa.;;
ita-adultos;(sem metadados) ita-adultos;?;Imaginatividade;1;Prefiro atividades práticas e objetivas em vez de jogos criativos ou imaginativos.;;
ita-adultos;(sem metadados) ita-adultos;?;Imaginatividade;2;Eu me sinto mais confortável com tarefas estruturadas e com regras claras do que com tarefas abertas e criativas.;;
ita-adultos;(sem metadados) ita-adultos;?;Imaginatividade;3;Eu raramente invento histórias ou crio cenários imaginários.;;
ita-adultos;(sem metadados) ita-adultos;?;Imaginatividade;4;Eu sou mais interessado em fatos concretos do que em ideias abstratas ou filosóficas.;;
ita-adultos;(sem metadados) ita-adultos;?;Imaginatividade;5;Eu encontro mais prazer em resolver problemas práticos do que em atividades criativas ou artísticas.;;
ita-adultos;(sem metadados) ita-adultos;?;Imaginatividade;6;Eu tenho uma tendência a ser muito literal e ter dificuldades para entender significados figurados ou metafóricos.;;
ita-adultos;(sem metadados) ita-adultos;?;Imaginatividade;7;Eu me sinto mais confortável com uma rotina fixa do que com atividades espontâneas e criativas.;;
ita-adultos;(sem metadados) ita-adultos;?;Imaginatividade;8;Eu tenho dificuldade em planejar atividades ou eventos que não sigam uma estrutura pré-determinada.;;
ita-adultos;(sem metadados) ita-adultos;?;Imaginatividade;9;Eu sou mais produtivo quando trabalho com instruções claras e metas específicas, em vez de trabalhar em um projeto criativo.;;
ita-adultos;(sem metadados) ita-adultos;?;Imaginatividade;10;Eu não gosto de jogos ou atividades que exijam imaginação ou fantasia.;;
ita-adultos;(sem metadados) ita-adultos;?;Atenção a detalhes;1;Eu sou capaz de perceber detalhes em ambientes ou situações que outras pessoas podem não notar.;;
ita-adultos;(sem metadados) ita-adultos;?;Atenção a detalhes;2;Eu fico incomodado com falhas ou imperfeições em coisas que outras pessoas podem ignorar.;;
ita-adultos;(sem metadados) ita-adultos;?;Atenção a detalhes;3;Eu consigo organizar objetos ou informações de uma maneira extremamente detalhada.;;
ita-adultos;(sem metadados) ita-adultos;?;Atenção a detalhes;4;Eu noto padrões e repetições em situações que outras pessoas não percebem.;;
ita-adultos;(sem metadados) ita-adultos;?;Atenção a detalhes;5;Eu prefiro atividades que envolvem atenção aos detalhes, como quebra-cabeças ou tarefas de precisão.;;
ita-adultos;(sem metadados) ita-adultos;?;Atenção a detalhes;6;Eu tenho facilidade para memorizar pequenos detalhes de eventos passados.;;
ita-adultos;(sem metadados) ita-adultos;?;Atenção a detalhes;7;Eu sou meticuloso na revisão de informações ou documentos para detectar erros.;;
ita-adultos;(sem metadados) ita-adultos;?;Atenção a detalhes;8;Eu fico irritado quando as coisas não estão organizadas ou arrumadas de maneira detalhada.;;
ita-adultos;(sem metadados) ita-adultos;?;Atenção a detalhes;9;Quando observo algo, sou capaz de identificar pequenas discrepâncias que outros não percebem.;;
ita-adultos;(sem metadados) ita-adultos;?;Atenção a detalhes;10;Eu sou mais eficiente quando sou capaz de focar nos detalhes ao realizar tarefas.;;
ita-adultos;(sem metadados) ita-adultos;?;Mudanças de rotina e flexibilidade;1;Eu me sinto desconfortável quando minha rotina diária é alterada inesperadamente.;;
ita-adultos;(sem metadados) ita-adultos;?;Mudanças de rotina e flexibilidade;2;Eu preciso de tempo para me adaptar a novas situações ou mudanças de planos.;;
ita-adultos;(sem metadados) ita-adultos;?;Mudanças de rotina e flexibilidade;3;Eu tenho dificuldade em mudar de atividades ou tarefas, mesmo quando a mudança é necessária.;;
ita-adultos;(sem metadados) ita-adultos;?;Mudanças de rotina e flexibilidade;4;Eu fico ansioso quando as coisas não acontecem como esperado.;;
ita-adultos;(sem metadados) ita-adultos;?;Mudanças de rotina e flexibilidade;5;Eu prefiro manter as coisas do mesmo jeito e evito mudanças sempre que possível.;;
ita-adultos;(sem metadados) ita-adultos;?;Mudanças de rotina e flexibilidade;6;Quando enfrento mudanças, sinto que preciso de mais tempo do que outras pessoas para me ajustar.;;
ita-adultos;(sem metadados) ita-adultos;?;Mudanças de rotina e flexibilidade;7;Eu tenho dificuldades em improvisar ou ser flexível quando algo não sai como planejado.;;
ita-adultos;(sem metadados) ita-adultos;?;Mudanças de rotina e flexibilidade;8;Eu me sinto frustrado quando preciso mudar a minha forma de fazer as coisas.;;
ita-adultos;(sem metadados) ita-adultos;?;Mudanças de rotina e flexibilidade;9;Eu me estresso mais do que outras pessoas quando enfrento imprevistos ou alterações no plano.;;
ita-adultos;(sem metadados) ita-adultos;?;Mudanças de rotina e flexibilidade;10;Eu sou mais produtivo quando sigo uma rotina estruturada e preestabelecida.;;
j26-001;Protocolo Dr. Jadson — Triagem Motora 0-6 Meses (J26-001);0–6 meses;Motor grosso 0–6 meses;1;De bruços, levanta o queixo e vira a cabeça para o lado;;
j26-001;Protocolo Dr. Jadson — Triagem Motora 0-6 Meses (J26-001);0–6 meses;Motor grosso 0–6 meses;2;De bruços, sustenta a cabeça a ~45° apoiado nos antebraços;;
j26-001;Protocolo Dr. Jadson — Triagem Motora 0-6 Meses (J26-001);0–6 meses;Motor grosso 0–6 meses;3;Quando puxado para sentar, a cabeça acompanha o tronco (não cai para trás);;
j26-001;Protocolo Dr. Jadson — Triagem Motora 0-6 Meses (J26-001);0–6 meses;Motor grosso 0–6 meses;4;Sustenta a cabeça firme e estável quando no colo, na vertical;;
j26-001;Protocolo Dr. Jadson — Triagem Motora 0-6 Meses (J26-001);0–6 meses;Motor grosso 0–6 meses;5;De bruços, eleva o tronco com os braços esticados;;
j26-001;Protocolo Dr. Jadson — Triagem Motora 0-6 Meses (J26-001);0–6 meses;Motor grosso 0–6 meses;6;Junta as duas mãos na linha média (sobre o peito);;
j26-001;Protocolo Dr. Jadson — Triagem Motora 0-6 Meses (J26-001);0–6 meses;Motor grosso 0–6 meses;7;Leva as mãos ou objetos à boca;;
j26-001;Protocolo Dr. Jadson — Triagem Motora 0-6 Meses (J26-001);0–6 meses;Motor grosso 0–6 meses;8;Rola da barriga para as costas;;
j26-001;Protocolo Dr. Jadson — Triagem Motora 0-6 Meses (J26-001);0–6 meses;Motor grosso 0–6 meses;9;Rola das costas para a barriga;;
j26-001;Protocolo Dr. Jadson — Triagem Motora 0-6 Meses (J26-001);0–6 meses;Motor grosso 0–6 meses;10;Senta com apoio mantendo as costas eretas por alguns instantes;;
j26-001;Protocolo Dr. Jadson — Triagem Motora 0-6 Meses (J26-001);0–6 meses;Motor grosso 0–6 meses;11;Segurado em pé, suporta parte do peso nas pernas;;
j26-001;Protocolo Dr. Jadson — Triagem Motora 0-6 Meses (J26-001);0–6 meses;Motor grosso 0–6 meses;12;Estende os braços para alcançar um objeto à frente;;
j26-002;Protocolo Dr. Jadson — Triagem Motora 6-12 Meses (J26-002);6–12 meses;Motor grosso 6–12 meses;1;Senta sem apoio por vários minutos, com as mãos livres;;
j26-002;Protocolo Dr. Jadson — Triagem Motora 6-12 Meses (J26-002);6–12 meses;Motor grosso 6–12 meses;2;Passa de deitado para sentado sozinho;;
j26-002;Protocolo Dr. Jadson — Triagem Motora 6-12 Meses (J26-002);6–12 meses;Motor grosso 6–12 meses;3;Arrasta-se ou rasteja pelo chão;;
j26-002;Protocolo Dr. Jadson — Triagem Motora 6-12 Meses (J26-002);6–12 meses;Motor grosso 6–12 meses;4;Engatinha apoiado em mãos e joelhos;;
j26-002;Protocolo Dr. Jadson — Triagem Motora 6-12 Meses (J26-002);6–12 meses;Motor grosso 6–12 meses;5;Puxa-se para ficar de pé apoiando em móveis;;
j26-002;Protocolo Dr. Jadson — Triagem Motora 6-12 Meses (J26-002);6–12 meses;Motor grosso 6–12 meses;6;Fica de pé segurando com as duas mãos;;
j26-002;Protocolo Dr. Jadson — Triagem Motora 6-12 Meses (J26-002);6–12 meses;Motor grosso 6–12 meses;7;Anda de lado apoiado nos móveis (marcha lateral);;
j26-002;Protocolo Dr. Jadson — Triagem Motora 6-12 Meses (J26-002);6–12 meses;Motor grosso 6–12 meses;8;Fica de pé sozinho por alguns segundos;;
j26-002;Protocolo Dr. Jadson — Triagem Motora 6-12 Meses (J26-002);6–12 meses;Motor grosso 6–12 meses;9;Abaixa-se e levanta-se segurando em um apoio;;
j26-002;Protocolo Dr. Jadson — Triagem Motora 6-12 Meses (J26-002);6–12 meses;Motor grosso 6–12 meses;10;Dá passos segurando em uma das mãos do adulto;;
j26-002;Protocolo Dr. Jadson — Triagem Motora 6-12 Meses (J26-002);6–12 meses;Motor grosso 6–12 meses;11;Dá os primeiros passos sozinho;;
j26-002;Protocolo Dr. Jadson — Triagem Motora 6-12 Meses (J26-002);6–12 meses;Motor grosso 6–12 meses;12;Mantém o equilíbrio sentado quando empurrado de leve;;
j26-002;Protocolo Dr. Jadson — Triagem Motora 6-12 Meses (J26-002);6–12 meses;Motor grosso 6–12 meses;13;Gira o tronco sentado para pegar um objeto ao lado;;
j26-002;Protocolo Dr. Jadson — Triagem Motora 6-12 Meses (J26-002);6–12 meses;Motor grosso 6–12 meses;14;Sustenta o peso firme nas pernas quando segurado em pé;;
j26-003;Protocolo Dr. Jadson — Marcos de Linguagem 0-24 Meses (J26-003);0–24 meses;Linguagem receptiva e expressiva 0–24 meses;1;Reage a sons altos (assusta, pisca ou se aquieta);;
j26-003;Protocolo Dr. Jadson — Marcos de Linguagem 0-24 Meses (J26-003);0–24 meses;Linguagem receptiva e expressiva 0–24 meses;2;Acalma-se ou presta atenção ao ouvir a voz da mãe/pai;;
j26-003;Protocolo Dr. Jadson — Marcos de Linguagem 0-24 Meses (J26-003);0–24 meses;Linguagem receptiva e expressiva 0–24 meses;3;Vira a cabeça em direção a um som ou voz;;
j26-003;Protocolo Dr. Jadson — Marcos de Linguagem 0-24 Meses (J26-003);0–24 meses;Linguagem receptiva e expressiva 0–24 meses;4;Balbucia sons repetidos (“agu”, “ba-ba”, “da-da”);;
j26-003;Protocolo Dr. Jadson — Marcos de Linguagem 0-24 Meses (J26-003);0–24 meses;Linguagem receptiva e expressiva 0–24 meses;5;Ri alto e faz sons para chamar atenção;;
j26-003;Protocolo Dr. Jadson — Marcos de Linguagem 0-24 Meses (J26-003);0–24 meses;Linguagem receptiva e expressiva 0–24 meses;6;Responde ao próprio nome virando-se;;
j26-003;Protocolo Dr. Jadson — Marcos de Linguagem 0-24 Meses (J26-003);0–24 meses;Linguagem receptiva e expressiva 0–24 meses;7;Entende “não” e para por um instante;;
j26-003;Protocolo Dr. Jadson — Marcos de Linguagem 0-24 Meses (J26-003);0–24 meses;Linguagem receptiva e expressiva 0–24 meses;8;Imita sons ou sílabas que você faz;;
j26-003;Protocolo Dr. Jadson — Marcos de Linguagem 0-24 Meses (J26-003);0–24 meses;Linguagem receptiva e expressiva 0–24 meses;9;Fala a primeira palavra com sentido (“mamã”, “papá”, “dá”);;
j26-003;Protocolo Dr. Jadson — Marcos de Linguagem 0-24 Meses (J26-003);0–24 meses;Linguagem receptiva e expressiva 0–24 meses;10;Usa gestos como dar tchau, mandar beijo ou apontar;;
j26-003;Protocolo Dr. Jadson — Marcos de Linguagem 0-24 Meses (J26-003);0–24 meses;Linguagem receptiva e expressiva 0–24 meses;11;Aponta para pedir ou mostrar algo;;
j26-003;Protocolo Dr. Jadson — Marcos de Linguagem 0-24 Meses (J26-003);0–24 meses;Linguagem receptiva e expressiva 0–24 meses;12;Entende ordens simples sem gesto (“cadê a bola?”, “vem”);;
j26-003;Protocolo Dr. Jadson — Marcos de Linguagem 0-24 Meses (J26-003);0–24 meses;Linguagem receptiva e expressiva 0–24 meses;13;Fala 5 ou mais palavras com sentido;;
j26-003;Protocolo Dr. Jadson — Marcos de Linguagem 0-24 Meses (J26-003);0–24 meses;Linguagem receptiva e expressiva 0–24 meses;14;Aponta partes do corpo ou figuras quando você nomeia;;
j26-003;Protocolo Dr. Jadson — Marcos de Linguagem 0-24 Meses (J26-003);0–24 meses;Linguagem receptiva e expressiva 0–24 meses;15;Fala 10 a 20 palavras ou mais;;
j26-003;Protocolo Dr. Jadson — Marcos de Linguagem 0-24 Meses (J26-003);0–24 meses;Linguagem receptiva e expressiva 0–24 meses;16;Junta duas palavrinhas (“quer água”, “cadê papá”);;
j26-004;Protocolo Dr. Jadson — Cognição Precoce 0-18 Meses (J26-004);0–18 meses;Cognição e resolução de problemas;1;Procura um objeto que sumiu (permanência do objeto);;
j26-004;Protocolo Dr. Jadson — Cognição Precoce 0-18 Meses (J26-004);0–18 meses;Cognição e resolução de problemas;2;Explora os brinquedos de formas variadas;;
j26-004;Protocolo Dr. Jadson — Cognição Precoce 0-18 Meses (J26-004);0–18 meses;Cognição e resolução de problemas;3;Imita ações simples (bater palmas);;
j26-004;Protocolo Dr. Jadson — Cognição Precoce 0-18 Meses (J26-004);0–18 meses;Cognição e resolução de problemas;4;Usa um objeto para alcançar outro (resolve problema);;
j26-004;Protocolo Dr. Jadson — Cognição Precoce 0-18 Meses (J26-004);0–18 meses;Cognição e resolução de problemas;5;Encontra um objeto escondido sob um pano;;
j26-004;Protocolo Dr. Jadson — Cognição Precoce 0-18 Meses (J26-004);0–18 meses;Cognição e resolução de problemas;6;Manipula o brinquedo para entender como funciona;;
j26-004;Protocolo Dr. Jadson — Cognição Precoce 0-18 Meses (J26-004);0–18 meses;Cognição e resolução de problemas;7;Busca ou aponta o que quer (intencionalidade);;
j26-004;Protocolo Dr. Jadson — Cognição Precoce 0-18 Meses (J26-004);0–18 meses;Cognição e resolução de problemas;8;Empilha ou encaixa objetos simples;;
j26-004;Protocolo Dr. Jadson — Cognição Precoce 0-18 Meses (J26-004);0–18 meses;Cognição e resolução de problemas;9;Reconhece objetos e pessoas familiares;;
j26-004;Protocolo Dr. Jadson — Cognição Precoce 0-18 Meses (J26-004);0–18 meses;Cognição e resolução de problemas;10;Antecipa rotinas (sabe o que vem depois);;
j26-004;Protocolo Dr. Jadson — Cognição Precoce 0-18 Meses (J26-004);0–18 meses;Cognição e resolução de problemas;11;Imita gestos novos;;
j26-004;Protocolo Dr. Jadson — Cognição Precoce 0-18 Meses (J26-004);0–18 meses;Cognição e resolução de problemas;12;Brinca de causa e efeito (aperta botão e faz tocar);;
j26-005;Protocolo Dr. Jadson — Regulação Sensorial Neonatal (J26-005);0–3 meses;Regulação do recém-nascido;1;Acalma-se quando embalado ou aconchegado;;
j26-005;Protocolo Dr. Jadson — Regulação Sensorial Neonatal (J26-005);0–3 meses;Regulação do recém-nascido;2;Tolera o toque do cuidado (banho, troca);;
j26-005;Protocolo Dr. Jadson — Regulação Sensorial Neonatal (J26-005);0–3 meses;Regulação do recém-nascido;3;Mantém-se calmo com estímulos comuns;;
j26-005;Protocolo Dr. Jadson — Regulação Sensorial Neonatal (J26-005);0–3 meses;Regulação do recém-nascido;4;Tem períodos de alerta tranquilo;;
j26-005;Protocolo Dr. Jadson — Regulação Sensorial Neonatal (J26-005);0–3 meses;Regulação do recém-nascido;5;Transita suavemente entre sono e vigília;;
j26-005;Protocolo Dr. Jadson — Regulação Sensorial Neonatal (J26-005);0–3 meses;Regulação do recém-nascido;6;Reage de forma proporcional a sons;;
j26-005;Protocolo Dr. Jadson — Regulação Sensorial Neonatal (J26-005);0–3 meses;Regulação do recém-nascido;7;Reage de forma proporcional à luz;;
j26-005;Protocolo Dr. Jadson — Regulação Sensorial Neonatal (J26-005);0–3 meses;Regulação do recém-nascido;8;Mantém o tônus organizado (nem muito mole, nem rígido);;
j26-005;Protocolo Dr. Jadson — Regulação Sensorial Neonatal (J26-005);0–3 meses;Regulação do recém-nascido;9;Suga e se alimenta de forma organizada;;
j26-005;Protocolo Dr. Jadson — Regulação Sensorial Neonatal (J26-005);0–3 meses;Regulação do recém-nascido;10;Recupera-se após um estímulo intenso;;
j26-005;Protocolo Dr. Jadson — Regulação Sensorial Neonatal (J26-005);0–3 meses;Regulação do recém-nascido;11;Não se sobressalta excessivamente;;
j26-005;Protocolo Dr. Jadson — Regulação Sensorial Neonatal (J26-005);0–3 meses;Regulação do recém-nascido;12;No geral, regula bem os estímulos;;
j26-006;Protocolo Dr. Jadson — Reflexos Primitivos (J26-006);0–6 meses;Reflexos de defesa e orientacao;1;Reflexo de Moro presente e simetrico (0-4 meses);;
j26-006;Protocolo Dr. Jadson — Reflexos Primitivos (J26-006);0–6 meses;Reflexos de defesa e orientacao;2;Reflexo de Moro ausente apos 6 meses;;
j26-006;Protocolo Dr. Jadson — Reflexos Primitivos (J26-006);0–6 meses;Reflexos de defesa e orientacao;3;Reflexo de busca (rooting) presente ao nascer;;
j26-006;Protocolo Dr. Jadson — Reflexos Primitivos (J26-006);0–6 meses;Reflexos de defesa e orientacao;4;Reflexo de succao presente e coordenado;;
j26-006;Protocolo Dr. Jadson — Reflexos Primitivos (J26-006);0–6 meses;Reflexos de defesa e orientacao;5;Reflexo palmar presente e simetrico (0-4 meses);;
j26-006;Protocolo Dr. Jadson — Reflexos Primitivos (J26-006);0–6 meses;Reflexos de defesa e orientacao;6;Reflexo palmar ausente apos 6 meses;;
j26-006;Protocolo Dr. Jadson — Reflexos Primitivos (J26-006);0–6 meses;Reflexos de defesa e orientacao;7;Reflexo plantar (Babinski) presente ao nascer;;
j26-006;Protocolo Dr. Jadson — Reflexos Primitivos (J26-006);0–6 meses;Reflexos de defesa e orientacao;8;Reflexo cutaneo plantar em extensao ausente apos 18 meses;;
j26-006;Protocolo Dr. Jadson — Reflexos Primitivos (J26-006);0–6 meses;Reflexos posturais e de suporte;1;RTAC (tonico asimetrico cervical) presente e simetrico (0-4m);;
j26-006;Protocolo Dr. Jadson — Reflexos Primitivos (J26-006);0–6 meses;Reflexos posturais e de suporte;2;RTAC ausente ou nao dominante apos 6 meses;;
j26-006;Protocolo Dr. Jadson — Reflexos Primitivos (J26-006);0–6 meses;Reflexos posturais e de suporte;3;Reflexo de marcha automatica presente ao nascer;;
j26-006;Protocolo Dr. Jadson — Reflexos Primitivos (J26-006);0–6 meses;Reflexos posturais e de suporte;4;Reflexo de marcha ausente apos 2-3 meses;;
j26-006;Protocolo Dr. Jadson — Reflexos Primitivos (J26-006);0–6 meses;Reflexos posturais e de suporte;5;Reflexo de galant presente e simetrico;;
j26-006;Protocolo Dr. Jadson — Reflexos Primitivos (J26-006);0–6 meses;Reflexos posturais e de suporte;6;Reflexo de parachute anterior presente apos 6-7 meses;;
j26-006;Protocolo Dr. Jadson — Reflexos Primitivos (J26-006);0–6 meses;Reflexos posturais e de suporte;7;Reacao de equilibrio sentado presente apos 7-8 meses;;
j26-006;Protocolo Dr. Jadson — Reflexos Primitivos (J26-006);0–6 meses;Reflexos posturais e de suporte;8;Reflexo de protecao lateral presente apos 8-9 meses;;
j26-007;Protocolo Dr. Jadson — Desenvolvimento Socioemocional 0-3 Anos (J26-007);0–36 meses;Desenvolvimento socioemocional 0–3 anos;1;Olha nos seus olhos durante o cuidado e a mamada;;
j26-007;Protocolo Dr. Jadson — Desenvolvimento Socioemocional 0-3 Anos (J26-007);0–36 meses;Desenvolvimento socioemocional 0–3 anos;2;Sorri quando você sorri ou conversa com ele (sorriso social);;
j26-007;Protocolo Dr. Jadson — Desenvolvimento Socioemocional 0-3 Anos (J26-007);0–36 meses;Desenvolvimento socioemocional 0–3 anos;3;Acalma-se no colo quando está aflito;;
j26-007;Protocolo Dr. Jadson — Desenvolvimento Socioemocional 0-3 Anos (J26-007);0–36 meses;Desenvolvimento socioemocional 0–3 anos;4;Demonstra prazer ao ver rostos conhecidos;;
j26-007;Protocolo Dr. Jadson — Desenvolvimento Socioemocional 0-3 Anos (J26-007);0–36 meses;Desenvolvimento socioemocional 0–3 anos;5;Ri alto e demonstra alegria nas brincadeiras;;
j26-007;Protocolo Dr. Jadson — Desenvolvimento Socioemocional 0-3 Anos (J26-007);0–36 meses;Desenvolvimento socioemocional 0–3 anos;6;Estranha pessoas desconhecidas;;
j26-007;Protocolo Dr. Jadson — Desenvolvimento Socioemocional 0-3 Anos (J26-007);0–36 meses;Desenvolvimento socioemocional 0–3 anos;7;Procura o cuidador quando está inseguro ou assustado;;
j26-007;Protocolo Dr. Jadson — Desenvolvimento Socioemocional 0-3 Anos (J26-007);0–36 meses;Desenvolvimento socioemocional 0–3 anos;8;Mostra apego a uma pessoa principal;;
j26-007;Protocolo Dr. Jadson — Desenvolvimento Socioemocional 0-3 Anos (J26-007);0–36 meses;Desenvolvimento socioemocional 0–3 anos;9;Imita expressões faciais (caretas, língua de fora);;
j26-007;Protocolo Dr. Jadson — Desenvolvimento Socioemocional 0-3 Anos (J26-007);0–36 meses;Desenvolvimento socioemocional 0–3 anos;10;Brinca de “achou!” (esconde-esconde) com prazer;;
j26-007;Protocolo Dr. Jadson — Desenvolvimento Socioemocional 0-3 Anos (J26-007);0–36 meses;Desenvolvimento socioemocional 0–3 anos;11;Estende os braços pedindo colo;;
j26-007;Protocolo Dr. Jadson — Desenvolvimento Socioemocional 0-3 Anos (J26-007);0–36 meses;Desenvolvimento socioemocional 0–3 anos;12;Mostra objetos a você só para compartilhar interesse;;
j26-007;Protocolo Dr. Jadson — Desenvolvimento Socioemocional 0-3 Anos (J26-007);0–36 meses;Desenvolvimento socioemocional 0–3 anos;13;Demonstra afeto (abraça, dá beijo, encosta o rosto);;
j26-007;Protocolo Dr. Jadson — Desenvolvimento Socioemocional 0-3 Anos (J26-007);0–36 meses;Desenvolvimento socioemocional 0–3 anos;14;Reage às emoções dos outros (preocupa-se se alguém chora);;
j26-007;Protocolo Dr. Jadson — Desenvolvimento Socioemocional 0-3 Anos (J26-007);0–36 meses;Desenvolvimento socioemocional 0–3 anos;15;Brinca perto de outras crianças com interesse;;
j26-007;Protocolo Dr. Jadson — Desenvolvimento Socioemocional 0-3 Anos (J26-007);0–36 meses;Desenvolvimento socioemocional 0–3 anos;16;Busca aprovação ou mostra orgulho ao conseguir algo;;
j26-007;Protocolo Dr. Jadson — Desenvolvimento Socioemocional 0-3 Anos (J26-007);0–36 meses;Desenvolvimento socioemocional 0–3 anos;17;Começa a brincar de faz de conta (dar comida à boneca);;
j26-007;Protocolo Dr. Jadson — Desenvolvimento Socioemocional 0-3 Anos (J26-007);0–36 meses;Desenvolvimento socioemocional 0–3 anos;18;Separa-se do cuidador sem crise intensa e prolongada;;
j26-008;Protocolo Dr. Jadson — Motor Fino 12-36 Meses (J26-008);12–36 meses;Motor fino 12–36 meses;1;Faz pinça fina (polegar e indicador) para pegar objetos pequenos;;
j26-008;Protocolo Dr. Jadson — Motor Fino 12-36 Meses (J26-008);12–36 meses;Motor fino 12–36 meses;2;Bate dois objetos ou cubos um no outro;;
j26-008;Protocolo Dr. Jadson — Motor Fino 12-36 Meses (J26-008);12–36 meses;Motor fino 12–36 meses;3;Solta objetos voluntariamente (entrega na sua mão quando pedido);;
j26-008;Protocolo Dr. Jadson — Motor Fino 12-36 Meses (J26-008);12–36 meses;Motor fino 12–36 meses;4;Empilha 2 cubos;;
j26-008;Protocolo Dr. Jadson — Motor Fino 12-36 Meses (J26-008);12–36 meses;Motor fino 12–36 meses;5;Empilha 3 a 4 cubos;;
j26-008;Protocolo Dr. Jadson — Motor Fino 12-36 Meses (J26-008);12–36 meses;Motor fino 12–36 meses;6;Coloca objetos pequenos dentro de um recipiente;;
j26-008;Protocolo Dr. Jadson — Motor Fino 12-36 Meses (J26-008);12–36 meses;Motor fino 12–36 meses;7;Vira páginas de um livro (mesmo várias de uma vez);;
j26-008;Protocolo Dr. Jadson — Motor Fino 12-36 Meses (J26-008);12–36 meses;Motor fino 12–36 meses;8;Segura o lápis/giz e rabisca espontaneamente;;
j26-008;Protocolo Dr. Jadson — Motor Fino 12-36 Meses (J26-008);12–36 meses;Motor fino 12–36 meses;9;Empilha 6 ou mais cubos;;
j26-008;Protocolo Dr. Jadson — Motor Fino 12-36 Meses (J26-008);12–36 meses;Motor fino 12–36 meses;10;Imita um traço com direção no papel;;
j26-008;Protocolo Dr. Jadson — Motor Fino 12-36 Meses (J26-008);12–36 meses;Motor fino 12–36 meses;11;Imita uma linha vertical;;
j26-008;Protocolo Dr. Jadson — Motor Fino 12-36 Meses (J26-008);12–36 meses;Motor fino 12–36 meses;12;Encaixa formas simples num tabuleiro de encaixe;;
j26-008;Protocolo Dr. Jadson — Motor Fino 12-36 Meses (J26-008);12–36 meses;Motor fino 12–36 meses;13;Rosqueia ou desrosqueia uma tampa;;
j26-008;Protocolo Dr. Jadson — Motor Fino 12-36 Meses (J26-008);12–36 meses;Motor fino 12–36 meses;14;Come sozinho com a colher derramando pouco;;
j26-008;Protocolo Dr. Jadson — Motor Fino 12-36 Meses (J26-008);12–36 meses;Motor fino 12–36 meses;15;Faz torre de 8 cubos ou imita um círculo;;
j26-009;Protocolo Dr. Jadson — Atenção Conjunta Precoce (J26-009);9–18 meses;Atenção conjunta e apontamento 9–18 meses;1;Segue com o olhar quando você aponta para algo distante;;
j26-009;Protocolo Dr. Jadson — Atenção Conjunta Precoce (J26-009);9–18 meses;Atenção conjunta e apontamento 9–18 meses;2;Olha na direção para onde você vira a cabeça ou os olhos;;
j26-009;Protocolo Dr. Jadson — Atenção Conjunta Precoce (J26-009);9–18 meses;Atenção conjunta e apontamento 9–18 meses;3;Aponta com o dedo para PEDIR algo que quer;;
j26-009;Protocolo Dr. Jadson — Atenção Conjunta Precoce (J26-009);9–18 meses;Atenção conjunta e apontamento 9–18 meses;4;Aponta com o dedo para MOSTRAR/compartilhar algo interessante;;
j26-009;Protocolo Dr. Jadson — Atenção Conjunta Precoce (J26-009);9–18 meses;Atenção conjunta e apontamento 9–18 meses;5;Alterna o olhar entre você e o objeto de interesse;;
j26-009;Protocolo Dr. Jadson — Atenção Conjunta Precoce (J26-009);9–18 meses;Atenção conjunta e apontamento 9–18 meses;6;Traz ou mostra objetos a você só para compartilhar;;
j26-009;Protocolo Dr. Jadson — Atenção Conjunta Precoce (J26-009);9–18 meses;Atenção conjunta e apontamento 9–18 meses;7;Olha para o seu rosto para checar sua reação (referência social);;
j26-009;Protocolo Dr. Jadson — Atenção Conjunta Precoce (J26-009);9–18 meses;Atenção conjunta e apontamento 9–18 meses;8;Responde ao nome virando-se e olhando;;
j26-009;Protocolo Dr. Jadson — Atenção Conjunta Precoce (J26-009);9–18 meses;Atenção conjunta e apontamento 9–18 meses;9;Imita gestos sociais (dar tchau, bater palma);;
j26-009;Protocolo Dr. Jadson — Atenção Conjunta Precoce (J26-009);9–18 meses;Atenção conjunta e apontamento 9–18 meses;10;Compartilha sorriso e alegria olhando para você na brincadeira;;
j26-009;Protocolo Dr. Jadson — Atenção Conjunta Precoce (J26-009);9–18 meses;Atenção conjunta e apontamento 9–18 meses;11;Segue uma ordem simples acompanhada de gesto;;
j26-009;Protocolo Dr. Jadson — Atenção Conjunta Precoce (J26-009);9–18 meses;Atenção conjunta e apontamento 9–18 meses;12;Busca o seu olhar para iniciar uma interação ou brincadeira;;
j26-010;Protocolo Dr. Jadson — Triagem Global 24-36 Meses (J26-010);24–36 meses;Motor grosso;1;Corre sem cair;;
j26-010;Protocolo Dr. Jadson — Triagem Global 24-36 Meses (J26-010);24–36 meses;Motor grosso;2;Sobe escada com apoio;;
j26-010;Protocolo Dr. Jadson — Triagem Global 24-36 Meses (J26-010);24–36 meses;Motor grosso;3;Chuta uma bola;;
j26-010;Protocolo Dr. Jadson — Triagem Global 24-36 Meses (J26-010);24–36 meses;Motor fino;1;Empilha 4 ou mais cubos;;
j26-010;Protocolo Dr. Jadson — Triagem Global 24-36 Meses (J26-010);24–36 meses;Motor fino;2;Rabisca espontaneamente;;
j26-010;Protocolo Dr. Jadson — Triagem Global 24-36 Meses (J26-010);24–36 meses;Motor fino;3;Vira páginas de um livro;;
j26-010;Protocolo Dr. Jadson — Triagem Global 24-36 Meses (J26-010);24–36 meses;Linguagem expressiva;1;Fala frases de 2-3 palavras;;
j26-010;Protocolo Dr. Jadson — Triagem Global 24-36 Meses (J26-010);24–36 meses;Linguagem expressiva;2;Nomeia objetos comuns;;
j26-010;Protocolo Dr. Jadson — Triagem Global 24-36 Meses (J26-010);24–36 meses;Linguagem expressiva;3;Usa o próprio nome ou “eu”;;
j26-010;Protocolo Dr. Jadson — Triagem Global 24-36 Meses (J26-010);24–36 meses;Linguagem receptiva;1;Segue ordens de 2 passos;;
j26-010;Protocolo Dr. Jadson — Triagem Global 24-36 Meses (J26-010);24–36 meses;Linguagem receptiva;2;Aponta figuras quando nomeadas;;
j26-010;Protocolo Dr. Jadson — Triagem Global 24-36 Meses (J26-010);24–36 meses;Linguagem receptiva;3;Entende conceitos (grande/pequeno);;
j26-010;Protocolo Dr. Jadson — Triagem Global 24-36 Meses (J26-010);24–36 meses;Social;1;Brinca perto de outras crianças;;
j26-010;Protocolo Dr. Jadson — Triagem Global 24-36 Meses (J26-010);24–36 meses;Social;2;Imita tarefas do dia a dia;;
j26-010;Protocolo Dr. Jadson — Triagem Global 24-36 Meses (J26-010);24–36 meses;Social;3;Faz de conta (boneca, telefone);;
j26-011;Protocolo Dr. Jadson — Triagem Global 36-60 Meses (J26-011);36–60 meses;Motor grosso;1;Pula em um pé só;;
j26-011;Protocolo Dr. Jadson — Triagem Global 36-60 Meses (J26-011);36–60 meses;Motor grosso;2;Sobe escada alternando os pés;;
j26-011;Protocolo Dr. Jadson — Triagem Global 36-60 Meses (J26-011);36–60 meses;Motor grosso;3;Equilibra-se brevemente em um pé;;
j26-011;Protocolo Dr. Jadson — Triagem Global 36-60 Meses (J26-011);36–60 meses;Motor fino;1;Copia um círculo ou uma cruz;;
j26-011;Protocolo Dr. Jadson — Triagem Global 36-60 Meses (J26-011);36–60 meses;Motor fino;2;Usa a tesoura;;
j26-011;Protocolo Dr. Jadson — Triagem Global 36-60 Meses (J26-011);36–60 meses;Motor fino;3;Veste-se com pouca ajuda;;
j26-011;Protocolo Dr. Jadson — Triagem Global 36-60 Meses (J26-011);36–60 meses;Linguagem;1;Conta uma história curta;;
j26-011;Protocolo Dr. Jadson — Triagem Global 36-60 Meses (J26-011);36–60 meses;Linguagem;2;Fala frases completas;;
j26-011;Protocolo Dr. Jadson — Triagem Global 36-60 Meses (J26-011);36–60 meses;Linguagem;3;Faz perguntas;;
j26-011;Protocolo Dr. Jadson — Triagem Global 36-60 Meses (J26-011);36–60 meses;Cognição;1;Entende conceitos (cores, números);;
j26-011;Protocolo Dr. Jadson — Triagem Global 36-60 Meses (J26-011);36–60 meses;Cognição;2;Segue ordens de 3 passos;;
j26-011;Protocolo Dr. Jadson — Triagem Global 36-60 Meses (J26-011);36–60 meses;Cognição;3;Entende “por quê”;;
j26-011;Protocolo Dr. Jadson — Triagem Global 36-60 Meses (J26-011);36–60 meses;Autonomia e social;1;Usa o banheiro sozinha;;
j26-011;Protocolo Dr. Jadson — Triagem Global 36-60 Meses (J26-011);36–60 meses;Autonomia e social;2;Brinca cooperativamente;;
j26-011;Protocolo Dr. Jadson — Triagem Global 36-60 Meses (J26-011);36–60 meses;Autonomia e social;3;Espera a vez;;
j26-012;Protocolo Dr. Jadson — Portage Adaptado NE (J26-012);0–72 meses;Socialização;1;Interage e busca o outro;;
j26-012;Protocolo Dr. Jadson — Portage Adaptado NE (J26-012);0–72 meses;Socialização;2;Brinca com outras crianças;;
j26-012;Protocolo Dr. Jadson — Portage Adaptado NE (J26-012);0–72 meses;Socialização;3;Demonstra afeto;;
j26-012;Protocolo Dr. Jadson — Portage Adaptado NE (J26-012);0–72 meses;Linguagem;1;Comunica o que quer;;
j26-012;Protocolo Dr. Jadson — Portage Adaptado NE (J26-012);0–72 meses;Linguagem;2;Fala conforme a idade;;
j26-012;Protocolo Dr. Jadson — Portage Adaptado NE (J26-012);0–72 meses;Linguagem;3;Entende ordens;;
j26-012;Protocolo Dr. Jadson — Portage Adaptado NE (J26-012);0–72 meses;Autocuidado;1;Come e bebe com a autonomia da idade;;
j26-012;Protocolo Dr. Jadson — Portage Adaptado NE (J26-012);0–72 meses;Autocuidado;2;Veste-se conforme a idade;;
j26-012;Protocolo Dr. Jadson — Portage Adaptado NE (J26-012);0–72 meses;Autocuidado;3;Faz a higiene conforme a idade;;
j26-012;Protocolo Dr. Jadson — Portage Adaptado NE (J26-012);0–72 meses;Cognição;1;Resolve problemas simples;;
j26-012;Protocolo Dr. Jadson — Portage Adaptado NE (J26-012);0–72 meses;Cognição;2;Reconhece formas/cores/números conforme a idade;;
j26-012;Protocolo Dr. Jadson — Portage Adaptado NE (J26-012);0–72 meses;Cognição;3;Brinca de faz de conta;;
j26-012;Protocolo Dr. Jadson — Portage Adaptado NE (J26-012);0–72 meses;Motor;1;Tem motor grosso adequado;;
j26-012;Protocolo Dr. Jadson — Portage Adaptado NE (J26-012);0–72 meses;Motor;2;Tem motor fino adequado;;
j26-012;Protocolo Dr. Jadson — Portage Adaptado NE (J26-012);0–72 meses;Motor;3;Coordena os movimentos;;
j26-013;Protocolo Dr. Jadson — Triagem Auditiva Funcional (J26-013);0–24 meses;Função auditiva comportamental 0–24 meses;1;Assusta-se ou pisca com sons altos e inesperados;;
j26-013;Protocolo Dr. Jadson — Triagem Auditiva Funcional (J26-013);0–24 meses;Função auditiva comportamental 0–24 meses;2;Acalma-se ao ouvir a voz da mãe/pai;;
j26-013;Protocolo Dr. Jadson — Triagem Auditiva Funcional (J26-013);0–24 meses;Função auditiva comportamental 0–24 meses;3;Vira os olhos ou a cabeça procurando a origem do som;;
j26-013;Protocolo Dr. Jadson — Triagem Auditiva Funcional (J26-013);0–24 meses;Função auditiva comportamental 0–24 meses;4;Mexe-se ou acorda com barulhos altos durante o sono leve;;
j26-013;Protocolo Dr. Jadson — Triagem Auditiva Funcional (J26-013);0–24 meses;Função auditiva comportamental 0–24 meses;5;Reage à música (aquieta-se, anima-se ou balança);;
j26-013;Protocolo Dr. Jadson — Triagem Auditiva Funcional (J26-013);0–24 meses;Função auditiva comportamental 0–24 meses;6;Vira-se em direção ao próprio nome quando chamado;;
j26-013;Protocolo Dr. Jadson — Triagem Auditiva Funcional (J26-013);0–24 meses;Função auditiva comportamental 0–24 meses;7;Entende e responde a “não” ou “tchau” pelo som;;
j26-013;Protocolo Dr. Jadson — Triagem Auditiva Funcional (J26-013);0–24 meses;Função auditiva comportamental 0–24 meses;8;Imita sons e sílabas que escuta;;
j26-013;Protocolo Dr. Jadson — Triagem Auditiva Funcional (J26-013);0–24 meses;Função auditiva comportamental 0–24 meses;9;Olha ou aponta o objeto certo quando você nomeia sem gesto;;
j26-013;Protocolo Dr. Jadson — Triagem Auditiva Funcional (J26-013);0–24 meses;Função auditiva comportamental 0–24 meses;10;Atende a pedidos simples só pela fala (sem você mostrar);;
j26-014;Protocolo Dr. Jadson — Triagem Visual Funcional (J26-014);0–12 meses;Função visual comportamental 0–12 meses;1;Fixa o olhar no rosto de quem o segura;;
j26-014;Protocolo Dr. Jadson — Triagem Visual Funcional (J26-014);0–12 meses;Função visual comportamental 0–12 meses;2;Segue um rosto ou objeto que se move lentamente na horizontal;;
j26-014;Protocolo Dr. Jadson — Triagem Visual Funcional (J26-014);0–12 meses;Função visual comportamental 0–12 meses;3;Segue um objeto na vertical e em círculo;;
j26-014;Protocolo Dr. Jadson — Triagem Visual Funcional (J26-014);0–12 meses;Função visual comportamental 0–12 meses;4;Olha para as próprias mãos e as explora visualmente;;
j26-014;Protocolo Dr. Jadson — Triagem Visual Funcional (J26-014);0–12 meses;Função visual comportamental 0–12 meses;5;Sorri ao ver o rosto da mãe/pai a alguma distância;;
j26-014;Protocolo Dr. Jadson — Triagem Visual Funcional (J26-014);0–12 meses;Função visual comportamental 0–12 meses;6;Procura com os olhos a origem de um som;;
j26-014;Protocolo Dr. Jadson — Triagem Visual Funcional (J26-014);0–12 meses;Função visual comportamental 0–12 meses;7;Alcança com precisão um objeto que vê (coordenação olho-mão);;
j26-014;Protocolo Dr. Jadson — Triagem Visual Funcional (J26-014);0–12 meses;Função visual comportamental 0–12 meses;8;Olha para objetos pequenos (migalha, pequeno brinquedo);;
j26-014;Protocolo Dr. Jadson — Triagem Visual Funcional (J26-014);0–12 meses;Função visual comportamental 0–12 meses;9;Reconhece visualmente o peito/mamadeira e se anima;;
j26-014;Protocolo Dr. Jadson — Triagem Visual Funcional (J26-014);0–12 meses;Função visual comportamental 0–12 meses;10;Acompanha com o olhar objetos que caem ou se afastam;;
j26-014;Protocolo Dr. Jadson — Triagem Visual Funcional (J26-014);0–12 meses;Função visual comportamental 0–12 meses;11;Mantém contato visual durante a interação;;
j26-014;Protocolo Dr. Jadson — Triagem Visual Funcional (J26-014);0–12 meses;Função visual comportamental 0–12 meses;12;Reage a expressões faciais (responde a sorriso ou careta);;
j26-015;Protocolo Dr. Jadson — Autonomia e Autocuidado 2-5 Anos (J26-015);24–60 meses;Autonomia e autocuidado 2–5 anos;1;Come sozinho com a colher sem derramar muito;;
j26-015;Protocolo Dr. Jadson — Autonomia e Autocuidado 2-5 Anos (J26-015);24–60 meses;Autonomia e autocuidado 2–5 anos;2;Bebe no copo sozinho sem entornar;;
j26-015;Protocolo Dr. Jadson — Autonomia e Autocuidado 2-5 Anos (J26-015);24–60 meses;Autonomia e autocuidado 2–5 anos;3;Usa o garfo para se alimentar;;
j26-015;Protocolo Dr. Jadson — Autonomia e Autocuidado 2-5 Anos (J26-015);24–60 meses;Autonomia e autocuidado 2–5 anos;4;Tira peças simples de roupa (meia, sapato, casaco aberto);;
j26-015;Protocolo Dr. Jadson — Autonomia e Autocuidado 2-5 Anos (J26-015);24–60 meses;Autonomia e autocuidado 2–5 anos;5;Veste peças simples (calça, blusa) com pouca ajuda;;
j26-015;Protocolo Dr. Jadson — Autonomia e Autocuidado 2-5 Anos (J26-015);24–60 meses;Autonomia e autocuidado 2–5 anos;6;Lava e seca as mãos sozinho;;
j26-015;Protocolo Dr. Jadson — Autonomia e Autocuidado 2-5 Anos (J26-015);24–60 meses;Autonomia e autocuidado 2–5 anos;7;Escova os dentes com supervisão;;
j26-015;Protocolo Dr. Jadson — Autonomia e Autocuidado 2-5 Anos (J26-015);24–60 meses;Autonomia e autocuidado 2–5 anos;8;Avisa quando está com vontade de fazer xixi ou cocô;;
j26-015;Protocolo Dr. Jadson — Autonomia e Autocuidado 2-5 Anos (J26-015);24–60 meses;Autonomia e autocuidado 2–5 anos;9;Usa o penico ou o vaso com ajuda;;
j26-015;Protocolo Dr. Jadson — Autonomia e Autocuidado 2-5 Anos (J26-015);24–60 meses;Autonomia e autocuidado 2–5 anos;10;Fica seco durante o dia (controle do xixi);;
j26-015;Protocolo Dr. Jadson — Autonomia e Autocuidado 2-5 Anos (J26-015);24–60 meses;Autonomia e autocuidado 2–5 anos;11;Tenta calçar os sapatos (mesmo no pé trocado);;
j26-015;Protocolo Dr. Jadson — Autonomia e Autocuidado 2-5 Anos (J26-015);24–60 meses;Autonomia e autocuidado 2–5 anos;12;Abre e fecha fechos simples (velcro, zíper grande);;
j26-015;Protocolo Dr. Jadson — Autonomia e Autocuidado 2-5 Anos (J26-015);24–60 meses;Autonomia e autocuidado 2–5 anos;13;Guarda os brinquedos quando pedido;;
j26-015;Protocolo Dr. Jadson — Autonomia e Autocuidado 2-5 Anos (J26-015);24–60 meses;Autonomia e autocuidado 2–5 anos;14;Ajuda em tarefas simples de casa;;
j26-015;Protocolo Dr. Jadson — Autonomia e Autocuidado 2-5 Anos (J26-015);24–60 meses;Autonomia e autocuidado 2–5 anos;15;Esfrega o corpo no banho com supervisão;;
j26-015;Protocolo Dr. Jadson — Autonomia e Autocuidado 2-5 Anos (J26-015);24–60 meses;Autonomia e autocuidado 2–5 anos;16;Assoa o nariz com ajuda;;
j26-015;Protocolo Dr. Jadson — Autonomia e Autocuidado 2-5 Anos (J26-015);24–60 meses;Autonomia e autocuidado 2–5 anos;17;Come uma refeição completa sozinho;;
j26-015;Protocolo Dr. Jadson — Autonomia e Autocuidado 2-5 Anos (J26-015);24–60 meses;Autonomia e autocuidado 2–5 anos;18;Veste-se quase sozinho;;
j26-016;Protocolo Dr. Jadson — Perfil Sensorial TEA (J26-016);24–144 meses;Hipersensibilidade (sobre-responsividade);1;Tampa os ouvidos quando ouve sons cotidianos como liquidificador ou secador;;
j26-016;Protocolo Dr. Jadson — Perfil Sensorial TEA (J26-016);24–144 meses;Hipersensibilidade (sobre-responsividade);2;Chora ou grita quando o adulto tenta cortar o cabelo;;
j26-016;Protocolo Dr. Jadson — Perfil Sensorial TEA (J26-016);24–144 meses;Hipersensibilidade (sobre-responsividade);3;Recusa tocar materiais como areia, terra, tinta ou massinha;;
j26-016;Protocolo Dr. Jadson — Perfil Sensorial TEA (J26-016);24–144 meses;Hipersensibilidade (sobre-responsividade);4;Reage com choro ou fuga quando a roupa esta com etiqueta;;
j26-016;Protocolo Dr. Jadson — Perfil Sensorial TEA (J26-016);24–144 meses;Hipersensibilidade (sobre-responsividade);5;Recusa comer alimentos pela textura, nao pelo sabor;;
j26-016;Protocolo Dr. Jadson — Perfil Sensorial TEA (J26-016);24–144 meses;Hipersensibilidade (sobre-responsividade);6;Fica agitado ou irritado em ambientes com muito barulho;;
j26-016;Protocolo Dr. Jadson — Perfil Sensorial TEA (J26-016);24–144 meses;Hipersensibilidade (sobre-responsividade);7;Reage com susto exagerado a sons que nao assustam outras criancas;;
j26-016;Protocolo Dr. Jadson — Perfil Sensorial TEA (J26-016);24–144 meses;Hipersensibilidade (sobre-responsividade);8;Evita luz solar direta ou ambientes muito iluminados;;
j26-016;Protocolo Dr. Jadson — Perfil Sensorial TEA (J26-016);24–144 meses;Hipersensibilidade (sobre-responsividade);9;Nao suporta estar em multidoes ou ambientes cheios de gente;;
j26-016;Protocolo Dr. Jadson — Perfil Sensorial TEA (J26-016);24–144 meses;Hipersensibilidade (sobre-responsividade);10;Fica incomodado com cheiros que os outros nao percebem;;
j26-016;Protocolo Dr. Jadson — Perfil Sensorial TEA (J26-016);24–144 meses;Hipersensibilidade (sobre-responsividade);11;Chora ao ter o rosto lavado ou limpo;;
j26-016;Protocolo Dr. Jadson — Perfil Sensorial TEA (J26-016);24–144 meses;Hipersensibilidade (sobre-responsividade);12;Nao gosta de ser abracado por pessoas fora da familia imediata;;
j26-016;Protocolo Dr. Jadson — Perfil Sensorial TEA (J26-016);24–144 meses;Hipersensibilidade (sobre-responsividade);13;Reage mal a mudancas de temperatura no ambiente;;
j26-016;Protocolo Dr. Jadson — Perfil Sensorial TEA (J26-016);24–144 meses;Hipersensibilidade (sobre-responsividade);14;Fica perturbado por musicas ou sons de fundo ligados continuamente;;
j26-016;Protocolo Dr. Jadson — Perfil Sensorial TEA (J26-016);24–144 meses;Hipersensibilidade (sobre-responsividade);15;Se recusa a andar descalco na grama ou areia;;
j26-016;Protocolo Dr. Jadson — Perfil Sensorial TEA (J26-016);24–144 meses;Hipossensibilidade e busca sensorial;1;Busca estimulacao intensa como girar, pular, balançar por longos periodos;;
j26-016;Protocolo Dr. Jadson — Perfil Sensorial TEA (J26-016);24–144 meses;Hipossensibilidade e busca sensorial;2;Parece nao sentir dor em situacoes que machucariam outras criancas;;
j26-016;Protocolo Dr. Jadson — Perfil Sensorial TEA (J26-016);24–144 meses;Hipossensibilidade e busca sensorial;3;Coloca objetos na boca muito alem da idade esperada;;
j26-016;Protocolo Dr. Jadson — Perfil Sensorial TEA (J26-016);24–144 meses;Hipossensibilidade e busca sensorial;4;Precisa de muito estimulo fisico (abracos fortes, pressao) pra se acalmar;;
j26-016;Protocolo Dr. Jadson — Perfil Sensorial TEA (J26-016);24–144 meses;Hipossensibilidade e busca sensorial;5;Tem dificuldade de perceber quando esta com fome ou sede;;
j26-016;Protocolo Dr. Jadson — Perfil Sensorial TEA (J26-016);24–144 meses;Hipossensibilidade e busca sensorial;6;Faz movimentos repetitivos com maos ou corpo (flapping, balançar);;
j26-016;Protocolo Dr. Jadson — Perfil Sensorial TEA (J26-016);24–144 meses;Hipossensibilidade e busca sensorial;7;Cheira objetos ou pessoas antes de manipula-los;;
j26-016;Protocolo Dr. Jadson — Perfil Sensorial TEA (J26-016);24–144 meses;Hipossensibilidade e busca sensorial;8;Busca superficies de texturas especificas pra esfregar nas maos ou rosto;;
j26-016;Protocolo Dr. Jadson — Perfil Sensorial TEA (J26-016);24–144 meses;Hipossensibilidade e busca sensorial;9;Nao percebe quando esta sujo ou com comida no rosto;;
j26-016;Protocolo Dr. Jadson — Perfil Sensorial TEA (J26-016);24–144 meses;Hipossensibilidade e busca sensorial;10;Tem alta tolerancia a sons altos proprios (grita sem parecer incomodado);;
j26-016;Protocolo Dr. Jadson — Perfil Sensorial TEA (J26-016);24–144 meses;Hipossensibilidade e busca sensorial;11;Busca pressao fisica como escorregar sob moveis ou rolar no chao;;
j26-016;Protocolo Dr. Jadson — Perfil Sensorial TEA (J26-016);24–144 meses;Hipossensibilidade e busca sensorial;12;Come alimentos com textura ou temperatura extrema sem reagir;;
j26-016;Protocolo Dr. Jadson — Perfil Sensorial TEA (J26-016);24–144 meses;Hipossensibilidade e busca sensorial;13;Parece insensivel ao frio fora do normal;;
j26-016;Protocolo Dr. Jadson — Perfil Sensorial TEA (J26-016);24–144 meses;Hipossensibilidade e busca sensorial;14;Bate cabeca ou se morde sem demonstrar dor;;
j26-016;Protocolo Dr. Jadson — Perfil Sensorial TEA (J26-016);24–144 meses;Hipossensibilidade e busca sensorial;15;Busca ambientes de estimulo visual intenso (luzes piscando, telas coloridas);;
j26-017;Protocolo Dr. Jadson — Interesses Restritos TEA (J26-017);24–216 meses;Comportamentos motores repetitivos;1;Balanca o corpo de frente pra tras ou de lado;;
j26-017;Protocolo Dr. Jadson — Interesses Restritos TEA (J26-017);24–216 meses;Comportamentos motores repetitivos;2;Faz movimentos repetitivos com as maos (bater, agitar, sacudir);;
j26-017;Protocolo Dr. Jadson — Interesses Restritos TEA (J26-017);24–216 meses;Comportamentos motores repetitivos;3;Gira objetos de forma repetitiva por longos periodos;;
j26-017;Protocolo Dr. Jadson — Interesses Restritos TEA (J26-017);24–216 meses;Comportamentos motores repetitivos;4;Alinha objetos em fileiras ou sequencias precisas;;
j26-017;Protocolo Dr. Jadson — Interesses Restritos TEA (J26-017);24–216 meses;Comportamentos motores repetitivos;5;Fecha e abre portas, gavetas ou interruptores repetidamente;;
j26-017;Protocolo Dr. Jadson — Interesses Restritos TEA (J26-017);24–216 meses;Comportamentos motores repetitivos;6;Liga e desliga eletronicos de forma ritmica e repetitiva;;
j26-017;Protocolo Dr. Jadson — Interesses Restritos TEA (J26-017);24–216 meses;Comportamentos motores repetitivos;7;Anda na ponta dos pes de forma persistente;;
j26-017;Protocolo Dr. Jadson — Interesses Restritos TEA (J26-017);24–216 meses;Comportamentos motores repetitivos;8;Emite sons repetitivos (humming, gritos, sons especificos) sem motivo aparente;;
j26-017;Protocolo Dr. Jadson — Interesses Restritos TEA (J26-017);24–216 meses;Comportamentos motores repetitivos;9;Bate cabeca contra superficies de forma repetitiva;;
j26-017;Protocolo Dr. Jadson — Interesses Restritos TEA (J26-017);24–216 meses;Comportamentos motores repetitivos;10;Morde o proprio corpo ou roupas de forma repetitiva;;
j26-017;Protocolo Dr. Jadson — Interesses Restritos TEA (J26-017);24–216 meses;Comportamentos motores repetitivos;11;Repete frases ou palavras ouvidas antes fora de contexto (ecolalia);;
j26-017;Protocolo Dr. Jadson — Interesses Restritos TEA (J26-017);24–216 meses;Comportamentos motores repetitivos;12;Realiza rituais motores especificos antes de atividades comuns;;
j26-017;Protocolo Dr. Jadson — Interesses Restritos TEA (J26-017);24–216 meses;Inflexibilidade e interesses fixos;1;Tem interesse extremamente intenso e exclusivo em um ou dois temas especificos;;
j26-017;Protocolo Dr. Jadson — Interesses Restritos TEA (J26-017);24–216 meses;Inflexibilidade e interesses fixos;2;Fala sobre o tema de interesse mesmo quando os outros mudam o assunto;;
j26-017;Protocolo Dr. Jadson — Interesses Restritos TEA (J26-017);24–216 meses;Inflexibilidade e interesses fixos;3;Fica em panico quando a rotina e modificada mesmo que levemente;;
j26-017;Protocolo Dr. Jadson — Interesses Restritos TEA (J26-017);24–216 meses;Inflexibilidade e interesses fixos;4;Insiste em percursos identicos para os mesmos lugares;;
j26-017;Protocolo Dr. Jadson — Interesses Restritos TEA (J26-017);24–216 meses;Inflexibilidade e interesses fixos;5;Come apenas alimentos de categorias muito restritas;;
j26-017;Protocolo Dr. Jadson — Interesses Restritos TEA (J26-017);24–216 meses;Inflexibilidade e interesses fixos;6;Exige que objetos fiquem sempre no mesmo lugar exato;;
j26-017;Protocolo Dr. Jadson — Interesses Restritos TEA (J26-017);24–216 meses;Inflexibilidade e interesses fixos;7;Nao aceita mudancas de regras em jogos ou brincadeiras;;
j26-017;Protocolo Dr. Jadson — Interesses Restritos TEA (J26-017);24–216 meses;Inflexibilidade e interesses fixos;8;Faz perguntas repetitivas sobre o mesmo assunto esperando sempre a mesma resposta;;
j26-017;Protocolo Dr. Jadson — Interesses Restritos TEA (J26-017);24–216 meses;Inflexibilidade e interesses fixos;9;Prefere brincar da mesma forma repetidamente sem variar;;
j26-017;Protocolo Dr. Jadson — Interesses Restritos TEA (J26-017);24–216 meses;Inflexibilidade e interesses fixos;10;Fica muito perturbado com eventos inesperados do cotidiano;;
j26-017;Protocolo Dr. Jadson — Interesses Restritos TEA (J26-017);24–216 meses;Inflexibilidade e interesses fixos;11;Coleciona objetos de forma intensa e nao aceita se desfazer deles;;
j26-017;Protocolo Dr. Jadson — Interesses Restritos TEA (J26-017);24–216 meses;Inflexibilidade e interesses fixos;12;Observa o mesmo video ou trecho de video dezenas de vezes;;
j26-017;Protocolo Dr. Jadson — Interesses Restritos TEA (J26-017);24–216 meses;Inflexibilidade e interesses fixos;13;Verifica e re-verifica o mesmo objeto ou situacao repetidamente;;
j26-018;Protocolo Dr. Jadson — Camouflage TEA Meninas (J26-018);72–216 meses;Mascara social e imitacao;1;Observa outras meninas pra copiar como elas agem ou falam antes de entrar no grupo;;
j26-018;Protocolo Dr. Jadson — Camouflage TEA Meninas (J26-018);72–216 meses;Mascara social e imitacao;2;Prepara o que vai falar antes de situacoes sociais pra nao errar;;
j26-018;Protocolo Dr. Jadson — Camouflage TEA Meninas (J26-018);72–216 meses;Mascara social e imitacao;3;Imita personagens de series ou livros pra saber como se comportar com pessoas;;
j26-018;Protocolo Dr. Jadson — Camouflage TEA Meninas (J26-018);72–216 meses;Mascara social e imitacao;4;Sorri ou fica com expressao neutra mesmo quando esta incomodada por dentro;;
j26-018;Protocolo Dr. Jadson — Camouflage TEA Meninas (J26-018);72–216 meses;Mascara social e imitacao;5;Aprende regras sociais de forma consciente como se fossem licoes;;
j26-018;Protocolo Dr. Jadson — Camouflage TEA Meninas (J26-018);72–216 meses;Mascara social e imitacao;6;Sente que esta atuando um papel quando esta com outras pessoas;;
j26-018;Protocolo Dr. Jadson — Camouflage TEA Meninas (J26-018);72–216 meses;Mascara social e imitacao;7;Estuda expressoes faciais em espelho ou videos pra usar com outras pessoas;;
j26-018;Protocolo Dr. Jadson — Camouflage TEA Meninas (J26-018);72–216 meses;Mascara social e imitacao;8;Finge interesse em assuntos que nao quer pra agradar os colegas;;
j26-018;Protocolo Dr. Jadson — Camouflage TEA Meninas (J26-018);72–216 meses;Mascara social e imitacao;9;Muda o jeito de falar ou agir dependendo de quem esta por perto;;
j26-018;Protocolo Dr. Jadson — Camouflage TEA Meninas (J26-018);72–216 meses;Mascara social e imitacao;10;Omite suas opinioes reais pra nao ser diferente ou julgada;;
j26-018;Protocolo Dr. Jadson — Camouflage TEA Meninas (J26-018);72–216 meses;Mascara social e imitacao;11;Parece mais social em publico do que na realidade se sente;;
j26-018;Protocolo Dr. Jadson — Camouflage TEA Meninas (J26-018);72–216 meses;Exaustao social e identidade;1;Fica completamente esgotada depois de eventos sociais mesmo que curtos;;
j26-018;Protocolo Dr. Jadson — Camouflage TEA Meninas (J26-018);72–216 meses;Exaustao social e identidade;2;Precisa de tempo sozinha para se recuperar apos interacoes sociais;;
j26-018;Protocolo Dr. Jadson — Camouflage TEA Meninas (J26-018);72–216 meses;Exaustao social e identidade;3;Em casa age muito diferente do que fora (mais explosiva, mais quieta);;
j26-018;Protocolo Dr. Jadson — Camouflage TEA Meninas (J26-018);72–216 meses;Exaustao social e identidade;4;Nao sabe bem quem e quando nao esta desempenhando um papel;;
j26-018;Protocolo Dr. Jadson — Camouflage TEA Meninas (J26-018);72–216 meses;Exaustao social e identidade;5;Sente que os outros nunca a entendem de verdade;;
j26-018;Protocolo Dr. Jadson — Camouflage TEA Meninas (J26-018);72–216 meses;Exaustao social e identidade;6;Tem dificuldade de entender piadas ou ironias dos colegas;;
j26-018;Protocolo Dr. Jadson — Camouflage TEA Meninas (J26-018);72–216 meses;Exaustao social e identidade;7;Prefere se relacionar com adultos ou criancas bem mais novas do que com pares;;
j26-018;Protocolo Dr. Jadson — Camouflage TEA Meninas (J26-018);72–216 meses;Exaustao social e identidade;8;Sente que as amizades exigem muito esforco e nao saem naturais;;
j26-018;Protocolo Dr. Jadson — Camouflage TEA Meninas (J26-018);72–216 meses;Exaustao social e identidade;9;Tem um interesse muito intenso que os outros acham estranho ou exagerado;;
j26-018;Protocolo Dr. Jadson — Camouflage TEA Meninas (J26-018);72–216 meses;Exaustao social e identidade;10;Passa muito tempo pensando sobre conversas passadas e o que deveria ter falado;;
j26-018;Protocolo Dr. Jadson — Camouflage TEA Meninas (J26-018);72–216 meses;Exaustao social e identidade;11;Sente que e diferente das outras meninas sem conseguir explicar por que;;
j26-019;Protocolo Dr. Jadson — Motivação Social TEA (J26-019);36–216 meses;Retraimento social ativo;1;Prefere ficar sozinho mesmo quando tem criancas disponiveis para brincar;;
j26-019;Protocolo Dr. Jadson — Motivação Social TEA (J26-019);36–216 meses;Retraimento social ativo;2;Nao busca o adulto para compartilhar descobertas ou experiencias;;
j26-019;Protocolo Dr. Jadson — Motivação Social TEA (J26-019);36–216 meses;Retraimento social ativo;3;Ignora convites de outras criancas para brincar;;
j26-019;Protocolo Dr. Jadson — Motivação Social TEA (J26-019);36–216 meses;Retraimento social ativo;4;Nao demonstra curiosidade sobre a vida ou sentimentos de outras pessoas;;
j26-019;Protocolo Dr. Jadson — Motivação Social TEA (J26-019);36–216 meses;Retraimento social ativo;5;Escolhe atividades solitarias mesmo em grupo;;
j26-019;Protocolo Dr. Jadson — Motivação Social TEA (J26-019);36–216 meses;Retraimento social ativo;6;Parece indiferente quando colegas se aproximam ou chamam;;
j26-019;Protocolo Dr. Jadson — Motivação Social TEA (J26-019);36–216 meses;Retraimento social ativo;7;Nao percebe ou nao liga quando e excluido de grupos;;
j26-019;Protocolo Dr. Jadson — Motivação Social TEA (J26-019);36–216 meses;Retraimento social ativo;8;Prefere objetos ou temas ao contato humano;;
j26-019;Protocolo Dr. Jadson — Motivação Social TEA (J26-019);36–216 meses;Retraimento social ativo;9;Nao demonstra saudade de pessoas conhecidas apos separacao;;
j26-019;Protocolo Dr. Jadson — Motivação Social TEA (J26-019);36–216 meses;Dificuldade na interacao social;1;Inicia interacoes de forma incomum ou inapropriada para a idade;;
j26-019;Protocolo Dr. Jadson — Motivação Social TEA (J26-019);36–216 meses;Dificuldade na interacao social;2;Tem dificuldade de manter uma conversa bidecional;;
j26-019;Protocolo Dr. Jadson — Motivação Social TEA (J26-019);36–216 meses;Dificuldade na interacao social;3;Nao ajusta o comportamento social conforme o contexto;;
j26-019;Protocolo Dr. Jadson — Motivação Social TEA (J26-019);36–216 meses;Dificuldade na interacao social;4;Responde de forma indiferente ou inadequada a emocoes dos outros;;
j26-019;Protocolo Dr. Jadson — Motivação Social TEA (J26-019);36–216 meses;Dificuldade na interacao social;5;Tem dificuldade de fazer ou manter amigos da mesma idade;;
j26-019;Protocolo Dr. Jadson — Motivação Social TEA (J26-019);36–216 meses;Dificuldade na interacao social;6;Nao entende regras nao ditas das interacoes sociais;;
j26-019;Protocolo Dr. Jadson — Motivação Social TEA (J26-019);36–216 meses;Dificuldade na interacao social;7;Quebra regras sociais sem perceber que errou;;
j26-019;Protocolo Dr. Jadson — Motivação Social TEA (J26-019);36–216 meses;Dificuldade na interacao social;8;Fica confuso ou ansioso em situacoes sociais nao estruturadas;;
j26-019;Protocolo Dr. Jadson — Motivação Social TEA (J26-019);36–216 meses;Dificuldade na interacao social;9;Prefere interacoes com regras claras e previsiveis;;
j26-020;Protocolo Dr. Jadson — Linguagem Pragmática TEA (J26-020);36–144 meses;Funções e uso social da linguagem;1;Usa a linguagem para PEDIR o que quer;;
j26-020;Protocolo Dr. Jadson — Linguagem Pragmática TEA (J26-020);36–144 meses;Funções e uso social da linguagem;2;Usa a linguagem para COMENTAR e compartilhar (não só para pedir);;
j26-020;Protocolo Dr. Jadson — Linguagem Pragmática TEA (J26-020);36–144 meses;Funções e uso social da linguagem;3;Faz perguntas para obter informação;;
j26-020;Protocolo Dr. Jadson — Linguagem Pragmática TEA (J26-020);36–144 meses;Funções e uso social da linguagem;4;Responde a perguntas de forma pertinente (no assunto);;
j26-020;Protocolo Dr. Jadson — Linguagem Pragmática TEA (J26-020);36–144 meses;Funções e uso social da linguagem;5;Inicia uma conversa espontaneamente;;
j26-020;Protocolo Dr. Jadson — Linguagem Pragmática TEA (J26-020);36–144 meses;Funções e uso social da linguagem;6;Mantém o tema da conversa por várias trocas;;
j26-020;Protocolo Dr. Jadson — Linguagem Pragmática TEA (J26-020);36–144 meses;Funções e uso social da linguagem;7;Respeita a vez de falar (não monopoliza nem interrompe sempre);;
j26-020;Protocolo Dr. Jadson — Linguagem Pragmática TEA (J26-020);36–144 meses;Funções e uso social da linguagem;8;Repara a comunicação quando não é entendida (tenta de novo de outro jeito);;
j26-020;Protocolo Dr. Jadson — Linguagem Pragmática TEA (J26-020);36–144 meses;Funções e uso social da linguagem;9;Ajusta a fala ao interlocutor (fala diferente com um bebê e com um adulto);;
j26-020;Protocolo Dr. Jadson — Linguagem Pragmática TEA (J26-020);36–144 meses;Funções e uso social da linguagem;10;Usa e entende gestos, expressão facial e tom junto com a fala;;
j26-020;Protocolo Dr. Jadson — Linguagem Pragmática TEA (J26-020);36–144 meses;Funções e uso social da linguagem;11;Entende linguagem não-literal simples (ironia, expressões, piadas);;
j26-020;Protocolo Dr. Jadson — Linguagem Pragmática TEA (J26-020);36–144 meses;Funções e uso social da linguagem;12;Usa saudações e fórmulas sociais (oi, tchau, obrigado) no momento certo;;
j26-020;Protocolo Dr. Jadson — Linguagem Pragmática TEA (J26-020);36–144 meses;Funções e uso social da linguagem;13;Conta um acontecimento de forma que o ouvinte acompanhe (narrativa);;
j26-020;Protocolo Dr. Jadson — Linguagem Pragmática TEA (J26-020);36–144 meses;Funções e uso social da linguagem;14;Percebe e responde às pistas do ouvinte (interesse, tédio, dúvida);;
j26-021;Protocolo Dr. Jadson — Atenção Conjunta TEA (J26-021);12–72 meses;Atenção compartilhada;1;Segue o olhar ou o apontar do adulto para um objeto distante;;
j26-021;Protocolo Dr. Jadson — Atenção Conjunta TEA (J26-021);12–72 meses;Atenção compartilhada;2;Aponta com o dedo para PEDIR algo que quer;;
j26-021;Protocolo Dr. Jadson — Atenção Conjunta TEA (J26-021);12–72 meses;Atenção compartilhada;3;Aponta com o dedo para MOSTRAR/compartilhar (apontar declarativo);;
j26-021;Protocolo Dr. Jadson — Atenção Conjunta TEA (J26-021);12–72 meses;Atenção compartilhada;4;Mostra ou traz objetos ao adulto só para compartilhar interesse;;
j26-021;Protocolo Dr. Jadson — Atenção Conjunta TEA (J26-021);12–72 meses;Atenção compartilhada;5;Alterna o olhar entre o objeto e o rosto do adulto;;
j26-021;Protocolo Dr. Jadson — Atenção Conjunta TEA (J26-021);12–72 meses;Atenção compartilhada;6;Olha para o rosto do adulto para checar a reação (referência social);;
j26-021;Protocolo Dr. Jadson — Atenção Conjunta TEA (J26-021);12–72 meses;Atenção compartilhada;7;Responde ao próprio nome olhando;;
j26-021;Protocolo Dr. Jadson — Atenção Conjunta TEA (J26-021);12–72 meses;Atenção compartilhada;8;Compartilha sorriso e alegria olhando para o adulto;;
j26-021;Protocolo Dr. Jadson — Atenção Conjunta TEA (J26-021);12–72 meses;Atenção compartilhada;9;Imita gestos sociais (tchau, palmas, mandar beijo);;
j26-021;Protocolo Dr. Jadson — Atenção Conjunta TEA (J26-021);12–72 meses;Atenção compartilhada;10;Inicia momentos de atenção compartilhada (mostrar um livro, brincar junto);;
j26-021;Protocolo Dr. Jadson — Atenção Conjunta TEA (J26-021);12–72 meses;Atenção compartilhada;11;Segue uma ordem simples acompanhada de gesto;;
j26-021;Protocolo Dr. Jadson — Atenção Conjunta TEA (J26-021);12–72 meses;Atenção compartilhada;12;Busca o olhar do adulto para iniciar uma interação;;
j26-022;Protocolo Dr. Jadson — Teoria da Mente TEA (J26-022);48–144 meses;Compreensão de estados mentais;1;Reconhece emoções básicas em rostos (alegre, triste, bravo, com medo);;
j26-022;Protocolo Dr. Jadson — Teoria da Mente TEA (J26-022);48–144 meses;Compreensão de estados mentais;2;Nomeia como ela mesma está se sentindo;;
j26-022;Protocolo Dr. Jadson — Teoria da Mente TEA (J26-022);48–144 meses;Compreensão de estados mentais;3;Entende que outra pessoa pode querer algo diferente do que ela quer;;
j26-022;Protocolo Dr. Jadson — Teoria da Mente TEA (J26-022);48–144 meses;Compreensão de estados mentais;4;Entende que alguém pode não saber de algo que ela sabe;;
j26-022;Protocolo Dr. Jadson — Teoria da Mente TEA (J26-022);48–144 meses;Compreensão de estados mentais;5;Passa em tarefa de falsa crença de 1ª ordem (“onde ele vai procurar?”);;
j26-022;Protocolo Dr. Jadson — Teoria da Mente TEA (J26-022);48–144 meses;Compreensão de estados mentais;6;Entende que as pessoas agem conforme acreditam, mesmo quando estão erradas;;
j26-022;Protocolo Dr. Jadson — Teoria da Mente TEA (J26-022);48–144 meses;Compreensão de estados mentais;7;Percebe quando alguém está brincando, mentindo ou sendo irônico;;
j26-022;Protocolo Dr. Jadson — Teoria da Mente TEA (J26-022);48–144 meses;Compreensão de estados mentais;8;Entende uma piada ou expressão figurada simples;;
j26-022;Protocolo Dr. Jadson — Teoria da Mente TEA (J26-022);48–144 meses;Compreensão de estados mentais;9;Ajusta o que fala conforme o que o ouvinte já sabe;;
j26-022;Protocolo Dr. Jadson — Teoria da Mente TEA (J26-022);48–144 meses;Compreensão de estados mentais;10;Demonstra empatia — preocupa-se quando alguém se machuca ou chora;;
j26-022;Protocolo Dr. Jadson — Teoria da Mente TEA (J26-022);48–144 meses;Compreensão de estados mentais;11;Prevê como o outro vai reagir a uma situação;;
j26-022;Protocolo Dr. Jadson — Teoria da Mente TEA (J26-022);48–144 meses;Compreensão de estados mentais;12;Entende falsa crença de 2ª ordem (“o que ele acha que ela pensa?”);;
j26-023;Protocolo Dr. Jadson — Função Executiva TEA (J26-023);48–216 meses;Planejamento e organizacao;1;Tem dificuldade de iniciar tarefas sem ajuda mesmo quando quer fazer;;
j26-023;Protocolo Dr. Jadson — Função Executiva TEA (J26-023);48–216 meses;Planejamento e organizacao;2;Nao consegue dividir uma tarefa grande em partes menores;;
j26-023;Protocolo Dr. Jadson — Função Executiva TEA (J26-023);48–216 meses;Planejamento e organizacao;3;Nao mantem o material escolar organizado;;
j26-023;Protocolo Dr. Jadson — Função Executiva TEA (J26-023);48–216 meses;Planejamento e organizacao;4;Perde objetos de uso cotidiano com frequencia;;
j26-023;Protocolo Dr. Jadson — Função Executiva TEA (J26-023);48–216 meses;Planejamento e organizacao;5;Nao termina tarefas iniciadas sem supervisao constante;;
j26-023;Protocolo Dr. Jadson — Função Executiva TEA (J26-023);48–216 meses;Planejamento e organizacao;6;Tem dificuldade de planejar o tempo para uma atividade longa;;
j26-023;Protocolo Dr. Jadson — Função Executiva TEA (J26-023);48–216 meses;Planejamento e organizacao;7;Nao consegue seguir sequencia de passos sem suporte visual;;
j26-023;Protocolo Dr. Jadson — Função Executiva TEA (J26-023);48–216 meses;Planejamento e organizacao;8;Precisa de ajuda para preparar a mochila ou os materiais pra atividade;;
j26-023;Protocolo Dr. Jadson — Função Executiva TEA (J26-023);48–216 meses;Flexibilidade e controle inibitorio;1;Tem crise quando um plano e alterado mesmo que levemente;;
j26-023;Protocolo Dr. Jadson — Função Executiva TEA (J26-023);48–216 meses;Flexibilidade e controle inibitorio;2;Nao consegue parar uma atividade quando solicitado sem muita resistencia;;
j26-023;Protocolo Dr. Jadson — Função Executiva TEA (J26-023);48–216 meses;Flexibilidade e controle inibitorio;3;Repete o mesmo erro sem conseguir ajustar a estrategia;;
j26-023;Protocolo Dr. Jadson — Função Executiva TEA (J26-023);48–216 meses;Flexibilidade e controle inibitorio;4;Tem dificuldade de esperar sua vez em atividades;;
j26-023;Protocolo Dr. Jadson — Função Executiva TEA (J26-023);48–216 meses;Flexibilidade e controle inibitorio;5;Age sem pensar nas consequencias em situacoes familiares;;
j26-023;Protocolo Dr. Jadson — Função Executiva TEA (J26-023);48–216 meses;Flexibilidade e controle inibitorio;6;Tem dificuldade de mudar de atividade mesmo quando a atual acabou;;
j26-023;Protocolo Dr. Jadson — Função Executiva TEA (J26-023);48–216 meses;Flexibilidade e controle inibitorio;7;Fica preso na mesma solucao para um problema mesmo quando nao funciona;;
j26-023;Protocolo Dr. Jadson — Função Executiva TEA (J26-023);48–216 meses;Memoria de trabalho e iniciativa;1;Esquece instrucoes dadas poucos minutos antes;;
j26-023;Protocolo Dr. Jadson — Função Executiva TEA (J26-023);48–216 meses;Memoria de trabalho e iniciativa;2;Perde o fio da atividade no meio do caminho;;
j26-023;Protocolo Dr. Jadson — Função Executiva TEA (J26-023);48–216 meses;Memoria de trabalho e iniciativa;3;Nao consegue manter duas instrucoes na cabeca ao mesmo tempo;;
j26-023;Protocolo Dr. Jadson — Função Executiva TEA (J26-023);48–216 meses;Memoria de trabalho e iniciativa;4;Precisa repetir instrucoes muitas vezes antes de executar;;
j26-023;Protocolo Dr. Jadson — Função Executiva TEA (J26-023);48–216 meses;Memoria de trabalho e iniciativa;5;Nao inicia atividades espontaneamente mesmo quando tem tempo livre;;
j26-023;Protocolo Dr. Jadson — Função Executiva TEA (J26-023);48–216 meses;Memoria de trabalho e iniciativa;6;Nao consegue retomar tarefa interrompida de onde parou;;
j26-023;Protocolo Dr. Jadson — Função Executiva TEA (J26-023);48–216 meses;Memoria de trabalho e iniciativa;7;Tem dificuldade de lembrar o que foi pedido pra fazer mais tarde;;
j26-024;Protocolo Dr. Jadson — TEA Adulto Jovem (J26-024);144–216 meses;Dificuldade social e comunicacao;1;Tenho dificuldade de entender o que as pessoas realmente querem dizer;;
j26-024;Protocolo Dr. Jadson — TEA Adulto Jovem (J26-024);144–216 meses;Dificuldade social e comunicacao;2;Frequentemente nao entendo piadas ou ironia dos outros;;
j26-024;Protocolo Dr. Jadson — TEA Adulto Jovem (J26-024);144–216 meses;Dificuldade social e comunicacao;3;Prefiro ficar sozinho do que em grupos mesmo que sejam pessoas conhecidas;;
j26-024;Protocolo Dr. Jadson — TEA Adulto Jovem (J26-024);144–216 meses;Dificuldade social e comunicacao;4;Tenho dificuldade de iniciar ou manter conversas de forma natural;;
j26-024;Protocolo Dr. Jadson — TEA Adulto Jovem (J26-024);144–216 meses;Dificuldade social e comunicacao;5;Sinto que preciso muito esforco pra entender o que e esperado de mim socialmente;;
j26-024;Protocolo Dr. Jadson — TEA Adulto Jovem (J26-024);144–216 meses;Dificuldade social e comunicacao;6;Acho interacoes sociais exaustivas mesmo quando foram boas;;
j26-024;Protocolo Dr. Jadson — TEA Adulto Jovem (J26-024);144–216 meses;Dificuldade social e comunicacao;7;Nao sei como terminar uma conversa de forma natural;;
j26-024;Protocolo Dr. Jadson — TEA Adulto Jovem (J26-024);144–216 meses;Dificuldade social e comunicacao;8;Frequentemente falo coisas que os outros acham estranhas ou inapropriadas sem perceber;;
j26-024;Protocolo Dr. Jadson — TEA Adulto Jovem (J26-024);144–216 meses;Dificuldade social e comunicacao;9;Tenho dificuldade de entender expressoes faciais e linguagem corporal;;
j26-024;Protocolo Dr. Jadson — TEA Adulto Jovem (J26-024);144–216 meses;Dificuldade social e comunicacao;10;Prefiro amizades com regras claras ou baseadas em interesses comuns;;
j26-024;Protocolo Dr. Jadson — TEA Adulto Jovem (J26-024);144–216 meses;Pensamento rigido e rotinas;1;Fico muito perturbado quando a rotina muda de forma inesperada;;
j26-024;Protocolo Dr. Jadson — TEA Adulto Jovem (J26-024);144–216 meses;Pensamento rigido e rotinas;2;Tenho interesses muito intensos que occupam muito do meu tempo;;
j26-024;Protocolo Dr. Jadson — TEA Adulto Jovem (J26-024);144–216 meses;Pensamento rigido e rotinas;3;Prefiro que as coisas fiquem sempre no mesmo lugar;;
j26-024;Protocolo Dr. Jadson — TEA Adulto Jovem (J26-024);144–216 meses;Pensamento rigido e rotinas;4;Fico preso em detalhes e tenho dificuldade de ver o todo;;
j26-024;Protocolo Dr. Jadson — TEA Adulto Jovem (J26-024);144–216 meses;Pensamento rigido e rotinas;5;Tenho dificuldade de aceitar que ha mais de uma forma certa de fazer algo;;
j26-024;Protocolo Dr. Jadson — TEA Adulto Jovem (J26-024);144–216 meses;Pensamento rigido e rotinas;6;Repito certas acoes ou verificacoes sem conseguir parar facilmente;;
j26-024;Protocolo Dr. Jadson — TEA Adulto Jovem (J26-024);144–216 meses;Pensamento rigido e rotinas;7;Fico muito incomodado quando nao consigo seguir minha rotina preferida;;
j26-024;Protocolo Dr. Jadson — TEA Adulto Jovem (J26-024);144–216 meses;Pensamento rigido e rotinas;8;Tenho dificuldade de mudar de plano quando o original nao funciona;;
j26-024;Protocolo Dr. Jadson — TEA Adulto Jovem (J26-024);144–216 meses;Pensamento rigido e rotinas;9;Tenho rituais especificos que preciso seguir em certas situacoes;;
j26-024;Protocolo Dr. Jadson — TEA Adulto Jovem (J26-024);144–216 meses;Sensorial e sobrecarga;1;Certos sons cotidianos me incomodam muito mais do que incomodam outras pessoas;;
j26-024;Protocolo Dr. Jadson — TEA Adulto Jovem (J26-024);144–216 meses;Sensorial e sobrecarga;2;Fico sobrecarregado em ambientes com muito barulho ou movimento;;
j26-024;Protocolo Dr. Jadson — TEA Adulto Jovem (J26-024);144–216 meses;Sensorial e sobrecarga;3;Certos tipos de roupa ou etiquetas me causam desconforto fisico intenso;;
j26-024;Protocolo Dr. Jadson — TEA Adulto Jovem (J26-024);144–216 meses;Sensorial e sobrecarga;4;Fico muito incomodado com cheiros que outras pessoas nao notam;;
j26-024;Protocolo Dr. Jadson — TEA Adulto Jovem (J26-024);144–216 meses;Sensorial e sobrecarga;5;Preciso de tempo sozinho para me recuperar apos eventos sociais;;
j26-024;Protocolo Dr. Jadson — TEA Adulto Jovem (J26-024);144–216 meses;Sensorial e sobrecarga;6;Certas texturas de alimentos sao insuportaveis pra mim;;
j26-024;Protocolo Dr. Jadson — TEA Adulto Jovem (J26-024);144–216 meses;Sensorial e sobrecarga;7;Luzes fortes ou piscantes me perturbam muito;;
j26-024;Protocolo Dr. Jadson — TEA Adulto Jovem (J26-024);144–216 meses;Sensorial e sobrecarga;8;Fico esgotado depois de situacoes sociais mesmo que nao tenham sido longas;;
j26-024;Protocolo Dr. Jadson — TEA Adulto Jovem (J26-024);144–216 meses;Sensorial e sobrecarga;9;Tenho periodos de shutting down (ficar travado, sem conseguir falar ou reagir);;
j26-025;Protocolo Dr. Jadson — Agressividade TEA (J26-025);24–216 meses;Comportamentos agressivos em crise;1;Bate em adultos durante crises de birra ou frustracao;;
j26-025;Protocolo Dr. Jadson — Agressividade TEA (J26-025);24–216 meses;Comportamentos agressivos em crise;2;Bate em outras criancas sem provocacao aparente;;
j26-025;Protocolo Dr. Jadson — Agressividade TEA (J26-025);24–216 meses;Comportamentos agressivos em crise;3;Morde outras pessoas em situacoes de agitacao;;
j26-025;Protocolo Dr. Jadson — Agressividade TEA (J26-025);24–216 meses;Comportamentos agressivos em crise;4;Joga ou arremessa objetos em direcao a pessoas;;
j26-025;Protocolo Dr. Jadson — Agressividade TEA (J26-025);24–216 meses;Comportamentos agressivos em crise;5;Arranha ou belisca o cuidador durante crise;;
j26-025;Protocolo Dr. Jadson — Agressividade TEA (J26-025);24–216 meses;Comportamentos agressivos em crise;6;Chuta moveis ou paredes quando frustrado;;
j26-025;Protocolo Dr. Jadson — Agressividade TEA (J26-025);24–216 meses;Comportamentos agressivos em crise;7;Cospe em pessoas durante momentos de agitacao;;
j26-025;Protocolo Dr. Jadson — Agressividade TEA (J26-025);24–216 meses;Comportamentos agressivos em crise;8;Destroi objetos ou brinquedos em crises de raiva;;
j26-025;Protocolo Dr. Jadson — Agressividade TEA (J26-025);24–216 meses;Comportamentos autolesivos;1;Bate a propria cabeca contra paredes ou chao;;
j26-025;Protocolo Dr. Jadson — Agressividade TEA (J26-025);24–216 meses;Comportamentos autolesivos;2;Morde a propria mao ou braco quando frustrado;;
j26-025;Protocolo Dr. Jadson — Agressividade TEA (J26-025);24–216 meses;Comportamentos autolesivos;3;Arranha a propria pele ate sangrar;;
j26-025;Protocolo Dr. Jadson — Agressividade TEA (J26-025);24–216 meses;Comportamentos autolesivos;4;Puxa o proprio cabelo com forca em momentos de crise;;
j26-025;Protocolo Dr. Jadson — Agressividade TEA (J26-025);24–216 meses;Comportamentos autolesivos;5;Belisca a propria pele repetidamente;;
j26-025;Protocolo Dr. Jadson — Agressividade TEA (J26-025);24–216 meses;Comportamentos autolesivos;6;Bate a propria cabeca contra o corpo do cuidador;;
j26-025;Protocolo Dr. Jadson — Agressividade TEA (J26-025);24–216 meses;Comportamentos autolesivos;7;Bate o proprio rosto com as maos durante crises;;
j26-025;Protocolo Dr. Jadson — Agressividade TEA (J26-025);24–216 meses;Comportamentos autolesivos;8;Se joga no chao com forca em crises de frustracao;;
j26-026;Protocolo Dr. Jadson — Habilidades de Brincar TEA (J26-026);18–72 meses;Desenvolvimento do brincar;1;Explora os brinquedos de forma variada (não só leva à boca ou joga);;
j26-026;Protocolo Dr. Jadson — Habilidades de Brincar TEA (J26-026);18–72 meses;Desenvolvimento do brincar;2;Usa os objetos pela função (empurra o carrinho, alimenta a boneca);;
j26-026;Protocolo Dr. Jadson — Habilidades de Brincar TEA (J26-026);18–72 meses;Desenvolvimento do brincar;3;Brinca de faz de conta simples (fingir comer, falar ao telefone);;
j26-026;Protocolo Dr. Jadson — Habilidades de Brincar TEA (J26-026);18–72 meses;Desenvolvimento do brincar;4;Cria histórias ou cenários no faz de conta;;
j26-026;Protocolo Dr. Jadson — Habilidades de Brincar TEA (J26-026);18–72 meses;Desenvolvimento do brincar;5;Usa um objeto representando outro (banana vira telefone);;
j26-026;Protocolo Dr. Jadson — Habilidades de Brincar TEA (J26-026);18–72 meses;Desenvolvimento do brincar;6;Brinca de forma sequenciada (encadeia ações com sentido);;
j26-026;Protocolo Dr. Jadson — Habilidades de Brincar TEA (J26-026);18–72 meses;Desenvolvimento do brincar;7;Aceita que o adulto entre na brincadeira e a modifique;;
j26-026;Protocolo Dr. Jadson — Habilidades de Brincar TEA (J26-026);18–72 meses;Desenvolvimento do brincar;8;Brinca ao lado de outras crianças (jogo paralelo);;
j26-026;Protocolo Dr. Jadson — Habilidades de Brincar TEA (J26-026);18–72 meses;Desenvolvimento do brincar;9;Brinca junto com outras crianças (jogo cooperativo);;
j26-026;Protocolo Dr. Jadson — Habilidades de Brincar TEA (J26-026);18–72 meses;Desenvolvimento do brincar;10;Respeita a vez nos jogos de turnos;;
j26-026;Protocolo Dr. Jadson — Habilidades de Brincar TEA (J26-026);18–72 meses;Desenvolvimento do brincar;11;Imita brincadeiras que viu outras crianças fazendo;;
j26-026;Protocolo Dr. Jadson — Habilidades de Brincar TEA (J26-026);18–72 meses;Desenvolvimento do brincar;12;Demonstra prazer e flexibilidade ao brincar (não fica preso a um único padrão);;
j26-027;Protocolo Dr. Jadson — Comunicação Alternativa TEA (J26-027);24–216 meses;Intenção e funções comunicativas atuais;1;Demonstra intenção de se comunicar (mesmo sem fala);;
j26-027;Protocolo Dr. Jadson — Comunicação Alternativa TEA (J26-027);24–216 meses;Intenção e funções comunicativas atuais;2;Usa o olhar dirigido para se comunicar;;
j26-027;Protocolo Dr. Jadson — Comunicação Alternativa TEA (J26-027);24–216 meses;Intenção e funções comunicativas atuais;3;Usa gestos para pedir ou recusar;;
j26-027;Protocolo Dr. Jadson — Comunicação Alternativa TEA (J26-027);24–216 meses;Intenção e funções comunicativas atuais;4;Aponta para pedir ou para mostrar;;
j26-027;Protocolo Dr. Jadson — Comunicação Alternativa TEA (J26-027);24–216 meses;Intenção e funções comunicativas atuais;5;Leva o adulto pela mão até o que quer;;
j26-027;Protocolo Dr. Jadson — Comunicação Alternativa TEA (J26-027);24–216 meses;Intenção e funções comunicativas atuais;6;Entende ordens simples faladas;;
j26-027;Protocolo Dr. Jadson — Comunicação Alternativa TEA (J26-027);24–216 meses;Intenção e funções comunicativas atuais;7;Entende figuras ou fotos de objetos e ações;;
j26-027;Protocolo Dr. Jadson — Comunicação Alternativa TEA (J26-027);24–216 meses;Intenção e funções comunicativas atuais;8;Faz escolhas quando lhe mostram duas opções;;
j26-027;Protocolo Dr. Jadson — Comunicação Alternativa TEA (J26-027);24–216 meses;Intenção e funções comunicativas atuais;9;Usa sons, palavras ou aproximações para se comunicar;;
j26-027;Protocolo Dr. Jadson — Comunicação Alternativa TEA (J26-027);24–216 meses;Intenção e funções comunicativas atuais;10;Comunica diferentes funções (pedir, recusar, comentar, cumprimentar);;
j26-027;Protocolo Dr. Jadson — Comunicação Alternativa TEA (J26-027);24–216 meses;Intenção e funções comunicativas atuais;11;Responde quando alguém tenta se comunicar com ela;;
j26-027;Protocolo Dr. Jadson — Comunicação Alternativa TEA (J26-027);24–216 meses;Intenção e funções comunicativas atuais;12;Usa ou aceitaria recursos visuais (figuras, prancha, tablet) para se expressar;;
j26-028;Protocolo Dr. Jadson — Nível de Suporte TEA (J26-028);24–216 meses;Comunicacao social;1;So se comunica quando iniciado pelo outro sem iniciar espontaneamente;;
j26-028;Protocolo Dr. Jadson — Nível de Suporte TEA (J26-028);24–216 meses;Comunicacao social;2;Tem dificuldade de manter conversas mesmo com interesse em interagir;;
j26-028;Protocolo Dr. Jadson — Nível de Suporte TEA (J26-028);24–216 meses;Comunicacao social;3;Usa linguagem incomum que dificulta a comunicacao com desconhecidos;;
j26-028;Protocolo Dr. Jadson — Nível de Suporte TEA (J26-028);24–216 meses;Comunicacao social;4;A comunicacao e funcional apenas em contextos muito familiares;;
j26-028;Protocolo Dr. Jadson — Nível de Suporte TEA (J26-028);24–216 meses;Comunicacao social;5;Nao tem fala funcional consistente em contextos variados;;
j26-028;Protocolo Dr. Jadson — Nível de Suporte TEA (J26-028);24–216 meses;Comunicacao social;6;Usa comunicacao alternativa (gestos, PECS, CAA) como forma principal;;
j26-028;Protocolo Dr. Jadson — Nível de Suporte TEA (J26-028);24–216 meses;Comunicacao social;7;A comunicacao e minima mesmo com estimulacao intensa;;
j26-028;Protocolo Dr. Jadson — Nível de Suporte TEA (J26-028);24–216 meses;Comunicacao social;8;Tem grande dificuldade de entender e usar linguagem nao verbal;;
j26-028;Protocolo Dr. Jadson — Nível de Suporte TEA (J26-028);24–216 meses;Comunicacao social;9;A comunicacao nao e suficiente para necessidades basicas sem suporte;;
j26-028;Protocolo Dr. Jadson — Nível de Suporte TEA (J26-028);24–216 meses;Comunicacao social;10;Nao demonstra intencao comunicativa de forma consistente;;
j26-028;Protocolo Dr. Jadson — Nível de Suporte TEA (J26-028);24–216 meses;Comunicacao social;11;Nao responde ao proprio nome de forma confiavel;;
j26-028;Protocolo Dr. Jadson — Nível de Suporte TEA (J26-028);24–216 meses;Comunicacao social;12;O nivel de comunicacao compromete significativamente a seguranca e o cuidado;;
j26-028;Protocolo Dr. Jadson — Nível de Suporte TEA (J26-028);24–216 meses;Comportamentos restritivos e repetitivos;1;Os comportamentos repetitivos aparecem mas sao manejados com redirecionamento simples;;
j26-028;Protocolo Dr. Jadson — Nível de Suporte TEA (J26-028);24–216 meses;Comportamentos restritivos e repetitivos;2;Os comportamentos repetitivos interferem ocasionalmente em atividades;;
j26-028;Protocolo Dr. Jadson — Nível de Suporte TEA (J26-028);24–216 meses;Comportamentos restritivos e repetitivos;3;Os comportamentos repetitivos interferem consistentemente em atividades;;
j26-028;Protocolo Dr. Jadson — Nível de Suporte TEA (J26-028);24–216 meses;Comportamentos restritivos e repetitivos;4;A rigidez de rotina causa angustia observavel quando interrompida;;
j26-028;Protocolo Dr. Jadson — Nível de Suporte TEA (J26-028);24–216 meses;Comportamentos restritivos e repetitivos;5;A rigidez de rotina torna muito dificil a participacao em novos ambientes;;
j26-028;Protocolo Dr. Jadson — Nível de Suporte TEA (J26-028);24–216 meses;Comportamentos restritivos e repetitivos;6;E extremamente dificil mudar de rotina mesmo com preparacao antecipada;;
j26-028;Protocolo Dr. Jadson — Nível de Suporte TEA (J26-028);24–216 meses;Comportamentos restritivos e repetitivos;7;Os comportamentos repetitivos sao intensos e muito dificeis de interromper;;
j26-028;Protocolo Dr. Jadson — Nível de Suporte TEA (J26-028);24–216 meses;Comportamentos restritivos e repetitivos;8;A inflexibilidade interfere em todas as areas da vida cotidiana;;
j26-028;Protocolo Dr. Jadson — Nível de Suporte TEA (J26-028);24–216 meses;Comportamentos restritivos e repetitivos;9;Apresenta comportamentos autolesivos relacionados a frustracao ou sensorialidade;;
j26-028;Protocolo Dr. Jadson — Nível de Suporte TEA (J26-028);24–216 meses;Comportamentos restritivos e repetitivos;10;Os comportamentos autolesivos ocorrem com frequencia e causam dano fisico;;
j26-028;Protocolo Dr. Jadson — Nível de Suporte TEA (J26-028);24–216 meses;Comportamentos restritivos e repetitivos;11;Precisou de alteracoes fisicas significativas no ambiente para seguranca;;
j26-028;Protocolo Dr. Jadson — Nível de Suporte TEA (J26-028);24–216 meses;Comportamentos restritivos e repetitivos;12;O nivel de inflexibilidade compromete a seguranca ou o cuidado basico;;
j26-029;Protocolo Dr. Jadson — TEA e Sono (J26-029);24–144 meses;Dificuldade de iniciar o sono;1;Demora mais de uma hora para adormecer depois de deitar;;
j26-029;Protocolo Dr. Jadson — TEA e Sono (J26-029);24–144 meses;Dificuldade de iniciar o sono;2;Tem resistencia intensa ao horario de dormir;;
j26-029;Protocolo Dr. Jadson — TEA e Sono (J26-029);24–144 meses;Dificuldade de iniciar o sono;3;Necessita de rituais muito especificos para conseguir dormir;;
j26-029;Protocolo Dr. Jadson — TEA e Sono (J26-029);24–144 meses;Dificuldade de iniciar o sono;4;Fica muito agitado ou ansioso na hora de dormir;;
j26-029;Protocolo Dr. Jadson — TEA e Sono (J26-029);24–144 meses;Dificuldade de iniciar o sono;5;So consegue dormir com presenca fisica do cuidador ao lado;;
j26-029;Protocolo Dr. Jadson — TEA e Sono (J26-029);24–144 meses;Dificuldade de iniciar o sono;6;Precisa de objeto sensorial especifico para iniciar o sono (peso, textura, musica);;
j26-029;Protocolo Dr. Jadson — TEA e Sono (J26-029);24–144 meses;Dificuldade de iniciar o sono;7;Fica em hiperestimulacao noturna dificilmente sendo acalmado;;
j26-029;Protocolo Dr. Jadson — TEA e Sono (J26-029);24–144 meses;Manutencao do sono e comportamento noturno;1;Acorda mais de uma vez por noite de forma rotineira;;
j26-029;Protocolo Dr. Jadson — TEA e Sono (J26-029);24–144 meses;Manutencao do sono e comportamento noturno;2;Acorda e nao consegue voltar a dormir sem o cuidador;;
j26-029;Protocolo Dr. Jadson — TEA e Sono (J26-029);24–144 meses;Manutencao do sono e comportamento noturno;3;Apresenta episodios de terror noturno ou grito em sono;;
j26-029;Protocolo Dr. Jadson — TEA e Sono (J26-029);24–144 meses;Manutencao do sono e comportamento noturno;4;Tem inversao parcial ou completa do ciclo dia-noite;;
j26-029;Protocolo Dr. Jadson — TEA e Sono (J26-029);24–144 meses;Manutencao do sono e comportamento noturno;5;Acorda muito cedo (antes das 5h) de forma consistente;;
j26-029;Protocolo Dr. Jadson — TEA e Sono (J26-029);24–144 meses;Manutencao do sono e comportamento noturno;6;Fica acordado por longos periodos no meio da noite;;
j26-029;Protocolo Dr. Jadson — TEA e Sono (J26-029);24–144 meses;Manutencao do sono e comportamento noturno;7;Faz comportamentos repetitivos ou estereotipias antes de dormir;;
j26-029;Protocolo Dr. Jadson — TEA e Sono (J26-029);24–144 meses;Impacto no funcionamento diurno;1;Acorda claramente cansado e irritado na maioria dos dias;;
j26-029;Protocolo Dr. Jadson — TEA e Sono (J26-029);24–144 meses;Impacto no funcionamento diurno;2;O comportamento fica muito pior nos dias de sono ruim;;
j26-029;Protocolo Dr. Jadson — TEA e Sono (J26-029);24–144 meses;Impacto no funcionamento diurno;3;Dorme durante o dia de forma nao planejada;;
j26-029;Protocolo Dr. Jadson — TEA e Sono (J26-029);24–144 meses;Impacto no funcionamento diurno;4;Os problemas de sono afetam a rotina de toda a familia;;
j26-029;Protocolo Dr. Jadson — TEA e Sono (J26-029);24–144 meses;Impacto no funcionamento diurno;5;A falta de sono compromete o desempenho nas terapias;;
j26-029;Protocolo Dr. Jadson — TEA e Sono (J26-029);24–144 meses;Impacto no funcionamento diurno;6;O cuidador principal tambem esta com sono prejudicado por causa disso;;
j26-030;Protocolo Dr. Jadson — Evolução Clínica TEA (J26-030);24–216 meses;Comunicação;1;Comunica o que quer de forma clara;;
j26-030;Protocolo Dr. Jadson — Evolução Clínica TEA (J26-030);24–216 meses;Comunicação;2;Usa mais palavras ou frases do que antes;;
j26-030;Protocolo Dr. Jadson — Evolução Clínica TEA (J26-030);24–216 meses;Comunicação;3;Responde quando falam com ela;;
j26-030;Protocolo Dr. Jadson — Evolução Clínica TEA (J26-030);24–216 meses;Comunicação;4;Inicia comunicação espontaneamente;;
j26-030;Protocolo Dr. Jadson — Evolução Clínica TEA (J26-030);24–216 meses;Comunicação;5;Entende o que lhe é pedido;;
j26-030;Protocolo Dr. Jadson — Evolução Clínica TEA (J26-030);24–216 meses;Social;1;Busca e aceita interação com outras pessoas;;
j26-030;Protocolo Dr. Jadson — Evolução Clínica TEA (J26-030);24–216 meses;Social;2;Brinca ou convive melhor com outras crianças;;
j26-030;Protocolo Dr. Jadson — Evolução Clínica TEA (J26-030);24–216 meses;Social;3;Faz contato visual e compartilha atenção;;
j26-030;Protocolo Dr. Jadson — Evolução Clínica TEA (J26-030);24–216 meses;Social;4;Demonstra afeto e reciprocidade;;
j26-030;Protocolo Dr. Jadson — Evolução Clínica TEA (J26-030);24–216 meses;Social;5;Tolera melhor estar em grupo;;
j26-030;Protocolo Dr. Jadson — Evolução Clínica TEA (J26-030);24–216 meses;Comportamento;1;Tem menos crises de comportamento;;
j26-030;Protocolo Dr. Jadson — Evolução Clínica TEA (J26-030);24–216 meses;Comportamento;2;Lida melhor com mudanças e frustrações;;
j26-030;Protocolo Dr. Jadson — Evolução Clínica TEA (J26-030);24–216 meses;Comportamento;3;Reduziu comportamentos repetitivos prejudiciais;;
j26-030;Protocolo Dr. Jadson — Evolução Clínica TEA (J26-030);24–216 meses;Comportamento;4;Regula melhor as emoções;;
j26-030;Protocolo Dr. Jadson — Evolução Clínica TEA (J26-030);24–216 meses;Comportamento;5;Dorme e se alimenta melhor;;
j26-030;Protocolo Dr. Jadson — Evolução Clínica TEA (J26-030);24–216 meses;Autonomia;1;Faz mais tarefas de autocuidado sozinha;;
j26-030;Protocolo Dr. Jadson — Evolução Clínica TEA (J26-030);24–216 meses;Autonomia;2;Participa melhor da rotina da casa;;
j26-030;Protocolo Dr. Jadson — Evolução Clínica TEA (J26-030);24–216 meses;Autonomia;3;Acompanha melhor a rotina escolar;;
j26-030;Protocolo Dr. Jadson — Evolução Clínica TEA (J26-030);24–216 meses;Autonomia;4;Generaliza para casa/escola o que aprende nas terapias;;
j26-030;Protocolo Dr. Jadson — Evolução Clínica TEA (J26-030);24–216 meses;Autonomia;5;Ganhou mais independência desde a última avaliação;;
j26-031;Protocolo Dr. Jadson — Disregulação Emocional TDAH (J26-031);72–216 meses;Reatividade emocional;1;Perde o controle com raiva intensa por situacoes menores;;
j26-031;Protocolo Dr. Jadson — Disregulação Emocional TDAH (J26-031);72–216 meses;Reatividade emocional;2;A reacao emocional e muito mais intensa que o esperado para a situacao;;
j26-031;Protocolo Dr. Jadson — Disregulação Emocional TDAH (J26-031);72–216 meses;Reatividade emocional;3;Passa de calmo para explosivo em segundos sem sinal previo;;
j26-031;Protocolo Dr. Jadson — Disregulação Emocional TDAH (J26-031);72–216 meses;Reatividade emocional;4;Fica irritado quando uma atividade e interrompida mesmo apos aviso;;
j26-031;Protocolo Dr. Jadson — Disregulação Emocional TDAH (J26-031);72–216 meses;Reatividade emocional;5;Reage com raiva ou choro quando nao ganha num jogo ou atividade;;
j26-031;Protocolo Dr. Jadson — Disregulação Emocional TDAH (J26-031);72–216 meses;Reatividade emocional;6;Fica com raiva quando recebe correcao mesmo dada de forma gentil;;
j26-031;Protocolo Dr. Jadson — Disregulação Emocional TDAH (J26-031);72–216 meses;Reatividade emocional;7;Grita ou bate objetos em reacao a frustracao pequena;;
j26-031;Protocolo Dr. Jadson — Disregulação Emocional TDAH (J26-031);72–216 meses;Reatividade emocional;8;Chora de forma prolongada por coisas que parecem pequenas;;
j26-031;Protocolo Dr. Jadson — Disregulação Emocional TDAH (J26-031);72–216 meses;Reatividade emocional;9;Fica com humor alterado por horas apos um evento ruim pequeno;;
j26-031;Protocolo Dr. Jadson — Disregulação Emocional TDAH (J26-031);72–216 meses;Recuperacao e tolerancia a frustracao;1;Leva muito tempo pra se acalmar depois de uma crise;;
j26-031;Protocolo Dr. Jadson — Disregulação Emocional TDAH (J26-031);72–216 meses;Recuperacao e tolerancia a frustracao;2;Nao consegue retomar atividade depois de crise emocional mesmo com apoio;;
j26-031;Protocolo Dr. Jadson — Disregulação Emocional TDAH (J26-031);72–216 meses;Recuperacao e tolerancia a frustracao;3;Precisa de intervencao do adulto para se acalmar na maioria das vezes;;
j26-031;Protocolo Dr. Jadson — Disregulação Emocional TDAH (J26-031);72–216 meses;Recuperacao e tolerancia a frustracao;4;Guarda magoa por dias de algo que aconteceu;;
j26-031;Protocolo Dr. Jadson — Disregulação Emocional TDAH (J26-031);72–216 meses;Recuperacao e tolerancia a frustracao;5;Evita situacoes onde pode errar ou perder por medo da propria reacao;;
j26-031;Protocolo Dr. Jadson — Disregulação Emocional TDAH (J26-031);72–216 meses;Recuperacao e tolerancia a frustracao;6;Rejeita conforto do adulto durante a crise;;
j26-031;Protocolo Dr. Jadson — Disregulação Emocional TDAH (J26-031);72–216 meses;Recuperacao e tolerancia a frustracao;7;Depois da crise fica exausto ou com sono intenso;;
j26-031;Protocolo Dr. Jadson — Disregulação Emocional TDAH (J26-031);72–216 meses;Recuperacao e tolerancia a frustracao;8;Nao consegue reconhecer a propria reacao exagerada mesmo apos crise;;
j26-031;Protocolo Dr. Jadson — Disregulação Emocional TDAH (J26-031);72–216 meses;Recuperacao e tolerancia a frustracao;9;Quando esta frustrado estraga o que esta fazendo de proposito;;
j26-032;Protocolo Dr. Jadson — Tempo Cognitivo Lento (J26-032);72–216 meses;Sonolencia e lentidao de processamento;1;Parece sonolento ou com baixa energia durante a maior parte do dia;;
j26-032;Protocolo Dr. Jadson — Tempo Cognitivo Lento (J26-032);72–216 meses;Sonolencia e lentidao de processamento;2;Responde as perguntas com atraso como se nao tivesse ouvido;;
j26-032;Protocolo Dr. Jadson — Tempo Cognitivo Lento (J26-032);72–216 meses;Sonolencia e lentidao de processamento;3;Demora muito mais do que outros para comecar uma tarefa mesmo simples;;
j26-032;Protocolo Dr. Jadson — Tempo Cognitivo Lento (J26-032);72–216 meses;Sonolencia e lentidao de processamento;4;Trabalha em ritmo muito lento mesmo em tarefas que gosta;;
j26-032;Protocolo Dr. Jadson — Tempo Cognitivo Lento (J26-032);72–216 meses;Sonolencia e lentidao de processamento;5;Parece lento para processar o que foi falado em situacoes de grupo;;
j26-032;Protocolo Dr. Jadson — Tempo Cognitivo Lento (J26-032);72–216 meses;Sonolencia e lentidao de processamento;6;Demora a reagir quando chamado pelo nome;;
j26-032;Protocolo Dr. Jadson — Tempo Cognitivo Lento (J26-032);72–216 meses;Sonolencia e lentidao de processamento;7;Parece 'devagar demais' em quase tudo que faz no dia a dia;;
j26-032;Protocolo Dr. Jadson — Tempo Cognitivo Lento (J26-032);72–216 meses;Desconexao e confusao;1;Parece estar num mundo proprio com frequencia mesmo quando nao ha distracao externa;;
j26-032;Protocolo Dr. Jadson — Tempo Cognitivo Lento (J26-032);72–216 meses;Desconexao e confusao;2;Parece confuso em situacoes simples ou familiares;;
j26-032;Protocolo Dr. Jadson — Tempo Cognitivo Lento (J26-032);72–216 meses;Desconexao e confusao;3;Esquece o que estava fazendo mesmo segundos antes;;
j26-032;Protocolo Dr. Jadson — Tempo Cognitivo Lento (J26-032);72–216 meses;Desconexao e confusao;4;Perde o fio do raciocinio no meio de uma tarefa sem motivo aparente;;
j26-032;Protocolo Dr. Jadson — Tempo Cognitivo Lento (J26-032);72–216 meses;Desconexao e confusao;5;Parece nao conseguir chegar a lugar nenhum no pensamento (travado);;
j26-032;Protocolo Dr. Jadson — Tempo Cognitivo Lento (J26-032);72–216 meses;Desconexao e confusao;6;Mistura informacoes de forma que nao faz sentido sem perceber;;
j26-032;Protocolo Dr. Jadson — Tempo Cognitivo Lento (J26-032);72–216 meses;Desconexao e confusao;7;Parece nao conseguir pensar rapido mesmo quando esta descansado;;
j26-033;Protocolo Dr. Jadson — Perfil Desatenção vs Hiperatividade (J26-033);60–216 meses;Desatencao;1;Nao presta atencao em detalhes ou comete erros por descuido na escola ou em casa;;
j26-033;Protocolo Dr. Jadson — Perfil Desatenção vs Hiperatividade (J26-033);60–216 meses;Desatencao;2;Tem dificuldade de manter a atencao em tarefas ou atividades;;
j26-033;Protocolo Dr. Jadson — Perfil Desatenção vs Hiperatividade (J26-033);60–216 meses;Desatencao;3;Parece nao ouvir quando a pessoa fala diretamente com ele;;
j26-033;Protocolo Dr. Jadson — Perfil Desatenção vs Hiperatividade (J26-033);60–216 meses;Desatencao;4;Nao segue instrucoes e nao termina tarefas escolares ou domesticas;;
j26-033;Protocolo Dr. Jadson — Perfil Desatenção vs Hiperatividade (J26-033);60–216 meses;Desatencao;5;Tem dificuldade de organizar tarefas e atividades;;
j26-033;Protocolo Dr. Jadson — Perfil Desatenção vs Hiperatividade (J26-033);60–216 meses;Desatencao;6;Evita ou resiste a tarefas que exigem esforco mental continuo;;
j26-033;Protocolo Dr. Jadson — Perfil Desatenção vs Hiperatividade (J26-033);60–216 meses;Desatencao;7;Perde objetos necessarios para tarefas como lapis, livros, material escolar;;
j26-033;Protocolo Dr. Jadson — Perfil Desatenção vs Hiperatividade (J26-033);60–216 meses;Desatencao;8;Distrai-se facilmente com estimulos externos sem importancia;;
j26-033;Protocolo Dr. Jadson — Perfil Desatenção vs Hiperatividade (J26-033);60–216 meses;Desatencao;9;Esquece atividades cotidianas mesmo as rotineiras;;
j26-033;Protocolo Dr. Jadson — Perfil Desatenção vs Hiperatividade (J26-033);60–216 meses;Desatencao;10;Parece estar na lua durante aulas ou conversas mesmo sem barulho externo;;
j26-033;Protocolo Dr. Jadson — Perfil Desatenção vs Hiperatividade (J26-033);60–216 meses;Desatencao;11;Nao termina uma atividade antes de comecar outra diferente;;
j26-033;Protocolo Dr. Jadson — Perfil Desatenção vs Hiperatividade (J26-033);60–216 meses;Hiperatividade e impulsividade;1;Mexe as maos ou os pes ou se remexe na cadeira constantemente;;
j26-033;Protocolo Dr. Jadson — Perfil Desatenção vs Hiperatividade (J26-033);60–216 meses;Hiperatividade e impulsividade;2;Levanta da cadeira quando deveria estar sentado;;
j26-033;Protocolo Dr. Jadson — Perfil Desatenção vs Hiperatividade (J26-033);60–216 meses;Hiperatividade e impulsividade;3;Corre ou escala em situacoes em que isso e inadequado;;
j26-033;Protocolo Dr. Jadson — Perfil Desatenção vs Hiperatividade (J26-033);60–216 meses;Hiperatividade e impulsividade;4;Tem dificuldade de brincar ou fazer atividades de lazer em silencio;;
j26-033;Protocolo Dr. Jadson — Perfil Desatenção vs Hiperatividade (J26-033);60–216 meses;Hiperatividade e impulsividade;5;Fala demais sem conseguir parar mesmo quando pedido;;
j26-033;Protocolo Dr. Jadson — Perfil Desatenção vs Hiperatividade (J26-033);60–216 meses;Hiperatividade e impulsividade;6;Responde antes da pergunta ser concluida;;
j26-033;Protocolo Dr. Jadson — Perfil Desatenção vs Hiperatividade (J26-033);60–216 meses;Hiperatividade e impulsividade;7;Tem dificuldade de esperar a vez em jogos, filas ou conversas;;
j26-033;Protocolo Dr. Jadson — Perfil Desatenção vs Hiperatividade (J26-033);60–216 meses;Hiperatividade e impulsividade;8;Interrompe ou se intromete em conversas ou atividades dos outros;;
j26-033;Protocolo Dr. Jadson — Perfil Desatenção vs Hiperatividade (J26-033);60–216 meses;Hiperatividade e impulsividade;9;Parece sempre em movimento como se tivesse um motor ligado;;
j26-033;Protocolo Dr. Jadson — Perfil Desatenção vs Hiperatividade (J26-033);60–216 meses;Hiperatividade e impulsividade;10;Age sem pensar nas consequencias de forma recorrente;;
j26-033;Protocolo Dr. Jadson — Perfil Desatenção vs Hiperatividade (J26-033);60–216 meses;Hiperatividade e impulsividade;11;Toma objetos ou inicia atividades dos outros sem pedir permissao;;
j26-034;Protocolo Dr. Jadson — Função Executiva Cotidiano (J26-034);60–216 meses;Planejamento e organizacao escolar;1;Perde o material escolar na mochila ou na carteira com frequencia;;
j26-034;Protocolo Dr. Jadson — Função Executiva Cotidiano (J26-034);60–216 meses;Planejamento e organizacao escolar;2;Nao copia a tarefa de casa completamente do quadro;;
j26-034;Protocolo Dr. Jadson — Função Executiva Cotidiano (J26-034);60–216 meses;Planejamento e organizacao escolar;3;Esquece de entregar trabalhos ja feitos;;
j26-034;Protocolo Dr. Jadson — Função Executiva Cotidiano (J26-034);60–216 meses;Planejamento e organizacao escolar;4;Nao organiza os cadernos ou ficharios por disciplina;;
j26-034;Protocolo Dr. Jadson — Função Executiva Cotidiano (J26-034);60–216 meses;Planejamento e organizacao escolar;5;Nao consegue planejar as etapas de um trabalho escolar sem ajuda;;
j26-034;Protocolo Dr. Jadson — Função Executiva Cotidiano (J26-034);60–216 meses;Planejamento e organizacao escolar;6;Nao lembra quais tarefas tem sem verificar a agenda;;
j26-034;Protocolo Dr. Jadson — Função Executiva Cotidiano (J26-034);60–216 meses;Planejamento e organizacao escolar;7;Chega na aula sem o material necessario para aquela disciplina;;
j26-034;Protocolo Dr. Jadson — Função Executiva Cotidiano (J26-034);60–216 meses;Planejamento e organizacao escolar;8;Demora muito mais tempo que os colegas para comecar uma atividade em sala;;
j26-034;Protocolo Dr. Jadson — Função Executiva Cotidiano (J26-034);60–216 meses;Organizacao domestica e rotina;1;Precisa de lembretes repetidos para seguir a rotina da manha;;
j26-034;Protocolo Dr. Jadson — Função Executiva Cotidiano (J26-034);60–216 meses;Organizacao domestica e rotina;2;Nao organiza os objetos pessoais no lugar certo sozinho;;
j26-034;Protocolo Dr. Jadson — Função Executiva Cotidiano (J26-034);60–216 meses;Organizacao domestica e rotina;3;Perde coisas dentro de casa regularmente (sapatos, chaves, telefone);;
j26-034;Protocolo Dr. Jadson — Função Executiva Cotidiano (J26-034);60–216 meses;Organizacao domestica e rotina;4;Nao consegue preparar a mochila ou material sem ajuda do adulto;;
j26-034;Protocolo Dr. Jadson — Função Executiva Cotidiano (J26-034);60–216 meses;Organizacao domestica e rotina;5;Nao mantem o quarto minimamente organizado mesmo quando pedido;;
j26-034;Protocolo Dr. Jadson — Função Executiva Cotidiano (J26-034);60–216 meses;Organizacao domestica e rotina;6;Nao lembra de compromissos proximos mesmo os importantes;;
j26-034;Protocolo Dr. Jadson — Função Executiva Cotidiano (J26-034);60–216 meses;Organizacao domestica e rotina;7;Nao consegue seguir uma lista de tarefas simples de forma independente;;
j26-034;Protocolo Dr. Jadson — Função Executiva Cotidiano (J26-034);60–216 meses;Organizacao domestica e rotina;8;Precisa de supervisao constante para terminar a rotina noturna;;
j26-034;Protocolo Dr. Jadson — Função Executiva Cotidiano (J26-034);60–216 meses;Inicio e conclusao de tarefas;1;Inicia as tarefas do dia apenas com muita insistencia do adulto;;
j26-034;Protocolo Dr. Jadson — Função Executiva Cotidiano (J26-034);60–216 meses;Inicio e conclusao de tarefas;2;Para no meio de uma tarefa sem aviso quando outra coisa chama atencao;;
j26-034;Protocolo Dr. Jadson — Função Executiva Cotidiano (J26-034);60–216 meses;Inicio e conclusao de tarefas;3;Deixa muitas tarefas pela metade de forma consistente;;
j26-034;Protocolo Dr. Jadson — Função Executiva Cotidiano (J26-034);60–216 meses;Inicio e conclusao de tarefas;4;Demora muito para retomar uma tarefa depois de ser interrompido;;
j26-034;Protocolo Dr. Jadson — Função Executiva Cotidiano (J26-034);60–216 meses;Inicio e conclusao de tarefas;5;Termina tarefas com muita pressa e sem verificar os erros;;
j26-034;Protocolo Dr. Jadson — Função Executiva Cotidiano (J26-034);60–216 meses;Inicio e conclusao de tarefas;6;Nao termina tarefas no tempo esperado mesmo sem distracoes;;
j26-034;Protocolo Dr. Jadson — Função Executiva Cotidiano (J26-034);60–216 meses;Inicio e conclusao de tarefas;7;Precisa de muito suporte para completar uma tarefa de mais de dois passos;;
j26-034;Protocolo Dr. Jadson — Função Executiva Cotidiano (J26-034);60–216 meses;Inicio e conclusao de tarefas;8;Adia tarefas ate o ultimo momento mesmo quando ha consequencias conhecidas;;
j26-035;Protocolo Dr. Jadson — Percepção do Tempo TDAH (J26-035);72–216 meses;Estimativa e gestao do tempo;1;Nao consegue estimar quanto tempo vai levar para fazer uma tarefa;;
j26-035;Protocolo Dr. Jadson — Percepção do Tempo TDAH (J26-035);72–216 meses;Estimativa e gestao do tempo;2;Subestima o tempo necessario e sempre fica aquem do prazo;;
j26-035;Protocolo Dr. Jadson — Percepção do Tempo TDAH (J26-035);72–216 meses;Estimativa e gestao do tempo;3;Perde a nocao do tempo durante atividades preferidas;;
j26-035;Protocolo Dr. Jadson — Percepção do Tempo TDAH (J26-035);72–216 meses;Estimativa e gestao do tempo;4;Nao percebe que horas passaram enquanto estava numa atividade;;
j26-035;Protocolo Dr. Jadson — Percepção do Tempo TDAH (J26-035);72–216 meses;Estimativa e gestao do tempo;5;Nao consegue dividir o tempo entre diferentes tarefas do dia;;
j26-035;Protocolo Dr. Jadson — Percepção do Tempo TDAH (J26-035);72–216 meses;Estimativa e gestao do tempo;6;Sente que o tempo passa muito rapido ou muito devagar sem conseguir calibrar;;
j26-035;Protocolo Dr. Jadson — Percepção do Tempo TDAH (J26-035);72–216 meses;Estimativa e gestao do tempo;7;Nao consegue planejar o dia levando em conta o tempo disponivel;;
j26-035;Protocolo Dr. Jadson — Percepção do Tempo TDAH (J26-035);72–216 meses;Estimativa e gestao do tempo;8;Precisa de alarmes ou lembretes externos para saber o que fazer a seguir;;
j26-035;Protocolo Dr. Jadson — Percepção do Tempo TDAH (J26-035);72–216 meses;Pontualidade e planejamento temporal;1;Frequentemente se atrasa para compromissos mesmo os importantes;;
j26-035;Protocolo Dr. Jadson — Percepção do Tempo TDAH (J26-035);72–216 meses;Pontualidade e planejamento temporal;2;Nao comeca a se preparar com antecedencia suficiente para sair de casa;;
j26-035;Protocolo Dr. Jadson — Percepção do Tempo TDAH (J26-035);72–216 meses;Pontualidade e planejamento temporal;3;Chega atrasado na escola ou em outras atividades com regularidade;;
j26-035;Protocolo Dr. Jadson — Percepção do Tempo TDAH (J26-035);72–216 meses;Pontualidade e planejamento temporal;4;Nao leva em conta o tempo de deslocamento ao planejar saidas;;
j26-035;Protocolo Dr. Jadson — Percepção do Tempo TDAH (J26-035);72–216 meses;Pontualidade e planejamento temporal;5;Perde prazos de escola ou outros contextos por subestimar o tempo;;
j26-035;Protocolo Dr. Jadson — Percepção do Tempo TDAH (J26-035);72–216 meses;Pontualidade e planejamento temporal;6;Tem dificuldade de esperar o momento certo para fazer algo;;
j26-035;Protocolo Dr. Jadson — Percepção do Tempo TDAH (J26-035);72–216 meses;Pontualidade e planejamento temporal;7;Nao percebe quando esta tomando muito tempo de outra pessoa numa conversa;;
j26-035;Protocolo Dr. Jadson — Percepção do Tempo TDAH (J26-035);72–216 meses;Pontualidade e planejamento temporal;8;A falta de percepcao do tempo gera conflitos frequentes em casa ou na escola;;
j26-036;Protocolo Dr. Jadson — Sensibilidade a Recompensa TDAH (J26-036);72–216 meses;Resposta a recompensa imediata;1;So se engaja numa tarefa se houver recompensa imediata prometida;;
j26-036;Protocolo Dr. Jadson — Sensibilidade a Recompensa TDAH (J26-036);72–216 meses;Resposta a recompensa imediata;2;Perde o interesse numa atividade logo que a novidade passa;;
j26-036;Protocolo Dr. Jadson — Sensibilidade a Recompensa TDAH (J26-036);72–216 meses;Resposta a recompensa imediata;3;Precisa de muito mais reforco positivo do que outros para manter o comportamento;;
j26-036;Protocolo Dr. Jadson — Sensibilidade a Recompensa TDAH (J26-036);72–216 meses;Resposta a recompensa imediata;4;Nao consegue esperar uma recompensa futura por um comportamento atual;;
j26-036;Protocolo Dr. Jadson — Sensibilidade a Recompensa TDAH (J26-036);72–216 meses;Resposta a recompensa imediata;5;Prefere recompensas pequenas e imediatas a recompensas maiores no futuro;;
j26-036;Protocolo Dr. Jadson — Sensibilidade a Recompensa TDAH (J26-036);72–216 meses;Resposta a recompensa imediata;6;A intensidade do comportamento muda muito conforme a atratividade da recompensa;;
j26-036;Protocolo Dr. Jadson — Sensibilidade a Recompensa TDAH (J26-036);72–216 meses;Resposta a recompensa imediata;7;E mais produtivo imediatamente antes de eventos muito motivadores;;
j26-036;Protocolo Dr. Jadson — Sensibilidade a Recompensa TDAH (J26-036);72–216 meses;Resposta a recompensa imediata;8;Trabalha por recompensa mas a eficacia da mesma recompensa cai rapido;;
j26-036;Protocolo Dr. Jadson — Sensibilidade a Recompensa TDAH (J26-036);72–216 meses;Resposta a recompensa imediata;9;Nao aceita bem substituicoes de recompensa prometida;;
j26-036;Protocolo Dr. Jadson — Sensibilidade a Recompensa TDAH (J26-036);72–216 meses;Motivacao e consequencias futuras;1;Consequencias negativas nao mudam o comportamento da mesma forma que em outros;;
j26-036;Protocolo Dr. Jadson — Sensibilidade a Recompensa TDAH (J26-036);72–216 meses;Motivacao e consequencias futuras;2;Repete comportamentos inadequados mesmo conhecendo as consequencias;;
j26-036;Protocolo Dr. Jadson — Sensibilidade a Recompensa TDAH (J26-036);72–216 meses;Motivacao e consequencias futuras;3;Nao consegue se motivar por metas de longo prazo;;
j26-036;Protocolo Dr. Jadson — Sensibilidade a Recompensa TDAH (J26-036);72–216 meses;Motivacao e consequencias futuras;4;Faz coisas impulsivas mesmo sabendo que vai ser punido depois;;
j26-036;Protocolo Dr. Jadson — Sensibilidade a Recompensa TDAH (J26-036);72–216 meses;Motivacao e consequencias futuras;5;A promessa de algo bom amanha tem pouco efeito no comportamento hoje;;
j26-036;Protocolo Dr. Jadson — Sensibilidade a Recompensa TDAH (J26-036);72–216 meses;Motivacao e consequencias futuras;6;Nao aprende facilmente pela historia de consequencias anteriores;;
j26-036;Protocolo Dr. Jadson — Sensibilidade a Recompensa TDAH (J26-036);72–216 meses;Motivacao e consequencias futuras;7;Fica mais motivado se o adulto quebrar a recompensa em etapas muito proximas;;
j26-036;Protocolo Dr. Jadson — Sensibilidade a Recompensa TDAH (J26-036);72–216 meses;Motivacao e consequencias futuras;8;Perde a motivacao para atividades importantes se nao houver estimulacao imediata;;
j26-036;Protocolo Dr. Jadson — Sensibilidade a Recompensa TDAH (J26-036);72–216 meses;Motivacao e consequencias futuras;9;O comportamento durante a medicacao e muito diferente do comportamento sem ela;;
j26-037;Protocolo Dr. Jadson — Memória de Trabalho TDAH (J26-037);60–216 meses;Memoria de trabalho verbal;1;Esquece a instrucao verbal antes de chegar ao lugar para executa-la;;
j26-037;Protocolo Dr. Jadson — Memória de Trabalho TDAH (J26-037);60–216 meses;Memoria de trabalho verbal;2;Nao consegue repetir uma sequencia de tres instrucoes orais;;
j26-037;Protocolo Dr. Jadson — Memória de Trabalho TDAH (J26-037);60–216 meses;Memoria de trabalho verbal;3;Perde o fio do raciocinio quando esta formulando uma resposta oral;;
j26-037;Protocolo Dr. Jadson — Memória de Trabalho TDAH (J26-037);60–216 meses;Memoria de trabalho verbal;4;Nao consegue manter a informacao do inicio de uma frase ate o fim dela;;
j26-037;Protocolo Dr. Jadson — Memória de Trabalho TDAH (J26-037);60–216 meses;Memoria de trabalho verbal;5;Esquece o que ia dizer no meio da fala propria;;
j26-037;Protocolo Dr. Jadson — Memória de Trabalho TDAH (J26-037);60–216 meses;Memoria de trabalho verbal;6;Nao consegue seguir instrucoes de mais de dois passos sem anotacao;;
j26-037;Protocolo Dr. Jadson — Memória de Trabalho TDAH (J26-037);60–216 meses;Memoria de trabalho verbal;7;Tem dificuldade de lembrar de onde parou numa leitura apos interrupcao;;
j26-037;Protocolo Dr. Jadson — Memória de Trabalho TDAH (J26-037);60–216 meses;Memoria de trabalho visual e espacial;1;Copia errado do quadro porque esquece partes enquanto olha para o caderno;;
j26-037;Protocolo Dr. Jadson — Memória de Trabalho TDAH (J26-037);60–216 meses;Memoria de trabalho visual e espacial;2;Nao consegue lembrar onde colocou objetos ha poucos minutos;;
j26-037;Protocolo Dr. Jadson — Memória de Trabalho TDAH (J26-037);60–216 meses;Memoria de trabalho visual e espacial;3;Nao consegue reproduzir um desenho ou figura simples de memoria;;
j26-037;Protocolo Dr. Jadson — Memória de Trabalho TDAH (J26-037);60–216 meses;Memoria de trabalho visual e espacial;4;Perde o lugar na pagina ao ler e nao consegue encontrar de volta;;
j26-037;Protocolo Dr. Jadson — Memória de Trabalho TDAH (J26-037);60–216 meses;Memoria de trabalho visual e espacial;5;Nao consegue visualizar mentalmente a sequencia de um procedimento;;
j26-037;Protocolo Dr. Jadson — Memória de Trabalho TDAH (J26-037);60–216 meses;Memoria de trabalho visual e espacial;6;Tem dificuldade de navegar em locais parcialmente familiares sem se perder;;
j26-037;Protocolo Dr. Jadson — Memória de Trabalho TDAH (J26-037);60–216 meses;Memoria de trabalho visual e espacial;7;Nao consegue manter no pensamento o resultado anterior enquanto resolve o proximo passo;;
j26-038;Protocolo Dr. Jadson — Impulsividade Comportamental (J26-038);60–144 meses;Impulsividade motora;1;Age fisicamente sem pensar nas consequencias (pula, sai correndo, toca sem pedir);;
j26-038;Protocolo Dr. Jadson — Impulsividade Comportamental (J26-038);60–144 meses;Impulsividade motora;2;Se levanta da cadeira sem pedir permissao em situacoes que exigem esperar;;
j26-038;Protocolo Dr. Jadson — Impulsividade Comportamental (J26-038);60–144 meses;Impulsividade motora;3;Toca objetos dos outros sem pedir mesmo conhecendo a regra;;
j26-038;Protocolo Dr. Jadson — Impulsividade Comportamental (J26-038);60–144 meses;Impulsividade motora;4;Corre em ambientes onde deve andar sem conseguir controlar;;
j26-038;Protocolo Dr. Jadson — Impulsividade Comportamental (J26-038);60–144 meses;Impulsividade motora;5;Reage fisicamente de imediato diante de situacoes de frustracao;;
j26-038;Protocolo Dr. Jadson — Impulsividade Comportamental (J26-038);60–144 meses;Impulsividade motora;6;Envolve-se em situacoes de risco fisico sem avaliar o perigo;;
j26-038;Protocolo Dr. Jadson — Impulsividade Comportamental (J26-038);60–144 meses;Impulsividade verbal;1;Responde antes da pergunta ser terminada;;
j26-038;Protocolo Dr. Jadson — Impulsividade Comportamental (J26-038);60–144 meses;Impulsividade verbal;2;Interrompe conversas de adultos ou colegas frequentemente;;
j26-038;Protocolo Dr. Jadson — Impulsividade Comportamental (J26-038);60–144 meses;Impulsividade verbal;3;Fala em voz alta em momentos que exigem silencio sem conseguir controlar;;
j26-038;Protocolo Dr. Jadson — Impulsividade Comportamental (J26-038);60–144 meses;Impulsividade verbal;4;Diz coisas que fere os outros sem perceber o impacto antes de falar;;
j26-038;Protocolo Dr. Jadson — Impulsividade Comportamental (J26-038);60–144 meses;Impulsividade verbal;5;Revela segredos ou informacoes privadas sem pensar;;
j26-038;Protocolo Dr. Jadson — Impulsividade Comportamental (J26-038);60–144 meses;Impulsividade verbal;6;Muda de assunto abruptamente sem respeitar o contexto da conversa;;
j26-038;Protocolo Dr. Jadson — Impulsividade Comportamental (J26-038);60–144 meses;Impulsividade cognitiva;1;Decide rapidamente sem analisar as opcoes disponiveis;;
j26-038;Protocolo Dr. Jadson — Impulsividade Comportamental (J26-038);60–144 meses;Impulsividade cognitiva;2;Comeca tarefas sem ler ou ouvir as instrucoes completas;;
j26-038;Protocolo Dr. Jadson — Impulsividade Comportamental (J26-038);60–144 meses;Impulsividade cognitiva;3;Escolhe a primeira resposta que vem a cabeca sem verificar;;
j26-038;Protocolo Dr. Jadson — Impulsividade Comportamental (J26-038);60–144 meses;Impulsividade cognitiva;4;Nao antecipa consequencias de acoes em situacoes conhecidas;;
j26-038;Protocolo Dr. Jadson — Impulsividade Comportamental (J26-038);60–144 meses;Impulsividade cognitiva;5;Muda de plano impulsivamente no meio de uma atividade importante;;
j26-038;Protocolo Dr. Jadson — Impulsividade Comportamental (J26-038);60–144 meses;Impulsividade cognitiva;6;Faz apostas ou aceita desafios arriscados sem pensar nas consequencias;;
j26-039;Protocolo Dr. Jadson — TDAH e Autoestima (J26-039);72–216 meses;Autoimagem negativa;1;Diz que e burro ou incapaz quando comete erros;;
j26-039;Protocolo Dr. Jadson — TDAH e Autoestima (J26-039);72–216 meses;Autoimagem negativa;2;Acredita que nunca vai conseguir fazer nada certo;;
j26-039;Protocolo Dr. Jadson — TDAH e Autoestima (J26-039);72–216 meses;Autoimagem negativa;3;Compara seu desempenho com colegas de forma negativa sobre si;;
j26-039;Protocolo Dr. Jadson — TDAH e Autoestima (J26-039);72–216 meses;Autoimagem negativa;4;Desiste de tarefas rapido porque acha que vai errar de todo jeito;;
j26-039;Protocolo Dr. Jadson — TDAH e Autoestima (J26-039);72–216 meses;Autoimagem negativa;5;Diz que nao vale a pena tentar porque nunca da certo para ele;;
j26-039;Protocolo Dr. Jadson — TDAH e Autoestima (J26-039);72–216 meses;Autoimagem negativa;6;Sente vergonha do proprio comportamento mas nao consegue mudar;;
j26-039;Protocolo Dr. Jadson — TDAH e Autoestima (J26-039);72–216 meses;Autoimagem negativa;7;Sente que nao e tao bom quanto os outros em quase tudo;;
j26-039;Protocolo Dr. Jadson — TDAH e Autoestima (J26-039);72–216 meses;Autoimagem negativa;8;Fica muito abalado com criticas mesmo dadas de forma gentil;;
j26-039;Protocolo Dr. Jadson — TDAH e Autoestima (J26-039);72–216 meses;Impacto social e emocional percebido;1;Acredita que os outros o acham insuportavel ou chato;;
j26-039;Protocolo Dr. Jadson — TDAH e Autoestima (J26-039);72–216 meses;Impacto social e emocional percebido;2;Sente que ninguem gosta de verdade dele por causa do TDAH;;
j26-039;Protocolo Dr. Jadson — TDAH e Autoestima (J26-039);72–216 meses;Impacto social e emocional percebido;3;Evita situacoes novas por medo de parecer diferente;;
j26-039;Protocolo Dr. Jadson — TDAH e Autoestima (J26-039);72–216 meses;Impacto social e emocional percebido;4;Sente que os adultos estao sempre bravos com ele;;
j26-039;Protocolo Dr. Jadson — TDAH e Autoestima (J26-039);72–216 meses;Impacto social e emocional percebido;5;Acredita que e diferente dos outros de um jeito ruim;;
j26-039;Protocolo Dr. Jadson — TDAH e Autoestima (J26-039);72–216 meses;Impacto social e emocional percebido;6;Sente que nao tem controle sobre o proprio comportamento;;
j26-039;Protocolo Dr. Jadson — TDAH e Autoestima (J26-039);72–216 meses;Impacto social e emocional percebido;7;Tem medo de ser abandonado pela familia por causa do comportamento;;
j26-039;Protocolo Dr. Jadson — TDAH e Autoestima (J26-039);72–216 meses;Impacto social e emocional percebido;8;Sente que o futuro nao vai ser bom por causa do jeito que e;;
j26-040;Protocolo Dr. Jadson — TDAH e Sono (J26-040);60–216 meses;Dificuldade de inicio e resistencia ao sono;1;Leva mais de uma hora para adormecer mesmo no horario certo;;
j26-040;Protocolo Dr. Jadson — TDAH e Sono (J26-040);60–216 meses;Dificuldade de inicio e resistencia ao sono;2;Tem resistencia intensa ao horario de ir pra cama;;
j26-040;Protocolo Dr. Jadson — TDAH e Sono (J26-040);60–216 meses;Dificuldade de inicio e resistencia ao sono;3;Levanta da cama varias vezes apos ser colocado para dormir;;
j26-040;Protocolo Dr. Jadson — TDAH e Sono (J26-040);60–216 meses;Dificuldade de inicio e resistencia ao sono;4;Fica pensando muito ou com o cerebro acelerado na hora de dormir;;
j26-040;Protocolo Dr. Jadson — TDAH e Sono (J26-040);60–216 meses;Dificuldade de inicio e resistencia ao sono;5;Pede agua, comida ou banheiro como forma de adiar o sono;;
j26-040;Protocolo Dr. Jadson — TDAH e Sono (J26-040);60–216 meses;Dificuldade de inicio e resistencia ao sono;6;Precisa de muito tempo de tela antes de conseguir dormir;;
j26-040;Protocolo Dr. Jadson — TDAH e Sono (J26-040);60–216 meses;Dificuldade de inicio e resistencia ao sono;7;Fica agitado fisicamente na hora de dormir ao inves de relaxar;;
j26-040;Protocolo Dr. Jadson — TDAH e Sono (J26-040);60–216 meses;Dificuldade de inicio e resistencia ao sono;8;O metilfenidato ou estimulante piorou claramente o inicio do sono;;
j26-040;Protocolo Dr. Jadson — TDAH e Sono (J26-040);60–216 meses;Qualidade do sono e comportamento noturno;1;Acorda mais de uma vez por noite de forma rotineira;;
j26-040;Protocolo Dr. Jadson — TDAH e Sono (J26-040);60–216 meses;Qualidade do sono e comportamento noturno;2;Acorda muito cedo e nao consegue voltar a dormir;;
j26-040;Protocolo Dr. Jadson — TDAH e Sono (J26-040);60–216 meses;Qualidade do sono e comportamento noturno;3;Tem pesadelos ou terrores noturnos com frequencia;;
j26-040;Protocolo Dr. Jadson — TDAH e Sono (J26-040);60–216 meses;Qualidade do sono e comportamento noturno;4;Ronca ou tem respiracao ruidosa durante o sono;;
j26-040;Protocolo Dr. Jadson — TDAH e Sono (J26-040);60–216 meses;Qualidade do sono e comportamento noturno;5;Acorda claramente cansado mesmo apos noite aparentemente completa;;
j26-040;Protocolo Dr. Jadson — TDAH e Sono (J26-040);60–216 meses;Qualidade do sono e comportamento noturno;6;O comportamento piora muito nos dias seguintes a uma noite ruim;;
j26-040;Protocolo Dr. Jadson — TDAH e Sono (J26-040);60–216 meses;Qualidade do sono e comportamento noturno;7;Range os dentes durante o sono (bruxismo);;
j26-040;Protocolo Dr. Jadson — TDAH e Sono (J26-040);60–216 meses;Qualidade do sono e comportamento noturno;8;Balanca a cabeca ou o corpo ritmicamente antes de dormir;;
j26-041;Protocolo Dr. Jadson — TDAH Impacto Familiar (J26-041);60–216 meses;Estresse e rotina familiar;1;As manhas sao muito estressantes por causa do comportamento da crianca;;
j26-041;Protocolo Dr. Jadson — TDAH Impacto Familiar (J26-041);60–216 meses;Estresse e rotina familiar;2;Os temas de casa sao fonte de conflito quase todos os dias;;
j26-041;Protocolo Dr. Jadson — TDAH Impacto Familiar (J26-041);60–216 meses;Estresse e rotina familiar;3;Ter a crianca no carro ou transporte e muito dificil e estressante;;
j26-041;Protocolo Dr. Jadson — TDAH Impacto Familiar (J26-041);60–216 meses;Estresse e rotina familiar;4;As refeicoes em familia sao frequentemente interrompidas pelo comportamento da crianca;;
j26-041;Protocolo Dr. Jadson — TDAH Impacto Familiar (J26-041);60–216 meses;Estresse e rotina familiar;5;E muito dificil sair com a crianca para lugares publicos;;
j26-041;Protocolo Dr. Jadson — TDAH Impacto Familiar (J26-041);60–216 meses;Estresse e rotina familiar;6;Precisa de muito mais supervisao e atencao do que outras criancas da mesma idade;;
j26-041;Protocolo Dr. Jadson — TDAH Impacto Familiar (J26-041);60–216 meses;Estresse e rotina familiar;7;A crianca esgota o cuidador principal de forma consistente;;
j26-041;Protocolo Dr. Jadson — TDAH Impacto Familiar (J26-041);60–216 meses;Estresse e rotina familiar;8;A rotina diaria da familia gira em torno de lidar com o comportamento da crianca;;
j26-041;Protocolo Dr. Jadson — TDAH Impacto Familiar (J26-041);60–216 meses;Relacoes e bem-estar da familia;1;Os pais ou cuidadores brigam entre si sobre como lidar com a crianca;;
j26-041;Protocolo Dr. Jadson — TDAH Impacto Familiar (J26-041);60–216 meses;Relacoes e bem-estar da familia;2;Os outros filhos reclamam da diferenca de atencao que a crianca com TDAH recebe;;
j26-041;Protocolo Dr. Jadson — TDAH Impacto Familiar (J26-041);60–216 meses;Relacoes e bem-estar da familia;3;A familia evita visitas ou eventos sociais por causa do comportamento da crianca;;
j26-041;Protocolo Dr. Jadson — TDAH Impacto Familiar (J26-041);60–216 meses;Relacoes e bem-estar da familia;4;Um dos pais reduziu ou mudou de trabalho por causa das necessidades da crianca;;
j26-041;Protocolo Dr. Jadson — TDAH Impacto Familiar (J26-041);60–216 meses;Relacoes e bem-estar da familia;5;Os pais se sentem culpados pela situacao regularmente;;
j26-041;Protocolo Dr. Jadson — TDAH Impacto Familiar (J26-041);60–216 meses;Relacoes e bem-estar da familia;6;A crianca afetou negativamente o relacionamento conjugal;;
j26-041;Protocolo Dr. Jadson — TDAH Impacto Familiar (J26-041);60–216 meses;Relacoes e bem-estar da familia;7;Os pais sentem que falharam mesmo fazendo o maximo que conseguem;;
j26-041;Protocolo Dr. Jadson — TDAH Impacto Familiar (J26-041);60–216 meses;Relacoes e bem-estar da familia;8;O nivel de estresse familiar esta prejudicando a saude mental dos cuidadores;;
j26-042;Protocolo Dr. Jadson — Triagem TDAH Pré-Escolar (J26-042);36–72 meses;Hiperatividade e impulsividade pre-escolar;1;Nao fica sentado numa atividade por mais de 2-3 minutos;;
j26-042;Protocolo Dr. Jadson — Triagem TDAH Pré-Escolar (J26-042);36–72 meses;Hiperatividade e impulsividade pre-escolar;2;Corre e sobe em tudo mesmo dentro de casa ou sala de aula;;
j26-042;Protocolo Dr. Jadson — Triagem TDAH Pré-Escolar (J26-042);36–72 meses;Hiperatividade e impulsividade pre-escolar;3;Tem dificuldade de esperar a vez em brincadeiras simples;;
j26-042;Protocolo Dr. Jadson — Triagem TDAH Pré-Escolar (J26-042);36–72 meses;Hiperatividade e impulsividade pre-escolar;4;Bate ou empurra colegas sem intencao maliciosa por ser impulsivo;;
j26-042;Protocolo Dr. Jadson — Triagem TDAH Pré-Escolar (J26-042);36–72 meses;Hiperatividade e impulsividade pre-escolar;5;Interrompe a fala de adultos ou professores constantemente;;
j26-042;Protocolo Dr. Jadson — Triagem TDAH Pré-Escolar (J26-042);36–72 meses;Hiperatividade e impulsividade pre-escolar;6;Responde ou age antes que a instrucao seja terminada;;
j26-042;Protocolo Dr. Jadson — Triagem TDAH Pré-Escolar (J26-042);36–72 meses;Hiperatividade e impulsividade pre-escolar;7;Nao consegue ficar na roda ou na assembleia escolar por mais de 1-2 minutos;;
j26-042;Protocolo Dr. Jadson — Triagem TDAH Pré-Escolar (J26-042);36–72 meses;Hiperatividade e impulsividade pre-escolar;8;Leva objetos dos outros sem pedir mesmo conhecendo a regra;;
j26-042;Protocolo Dr. Jadson — Triagem TDAH Pré-Escolar (J26-042);36–72 meses;Hiperatividade e impulsividade pre-escolar;9;Muda de brincadeira antes de terminar a anterior com frequencia;;
j26-042;Protocolo Dr. Jadson — Triagem TDAH Pré-Escolar (J26-042);36–72 meses;Desatencao e autorregulacao pre-escolar;1;Distrai-se com qualquer coisa no ambiente durante atividades dirigidas;;
j26-042;Protocolo Dr. Jadson — Triagem TDAH Pré-Escolar (J26-042);36–72 meses;Desatencao e autorregulacao pre-escolar;2;Nao consegue manter atencao em historia contada pelo adulto;;
j26-042;Protocolo Dr. Jadson — Triagem TDAH Pré-Escolar (J26-042);36–72 meses;Desatencao e autorregulacao pre-escolar;3;Esquece instrucoes simples entre ouvir e executar;;
j26-042;Protocolo Dr. Jadson — Triagem TDAH Pré-Escolar (J26-042);36–72 meses;Desatencao e autorregulacao pre-escolar;4;Deixa atividades inacabadas para comecar outras;;
j26-042;Protocolo Dr. Jadson — Triagem TDAH Pré-Escolar (J26-042);36–72 meses;Desatencao e autorregulacao pre-escolar;5;Nao consegue esperar em fila por mais de um minuto;;
j26-042;Protocolo Dr. Jadson — Triagem TDAH Pré-Escolar (J26-042);36–72 meses;Desatencao e autorregulacao pre-escolar;6;Tem grande dificuldade de ouvir sem interromper;;
j26-042;Protocolo Dr. Jadson — Triagem TDAH Pré-Escolar (J26-042);36–72 meses;Desatencao e autorregulacao pre-escolar;7;Perde material escolar com frequencia mesmo com mochila organizada;;
j26-042;Protocolo Dr. Jadson — Triagem TDAH Pré-Escolar (J26-042);36–72 meses;Desatencao e autorregulacao pre-escolar;8;Nao consegue ficar quieto nem mesmo em atividades que gosta muito;;
j26-042;Protocolo Dr. Jadson — Triagem TDAH Pré-Escolar (J26-042);36–72 meses;Desatencao e autorregulacao pre-escolar;9;Tem dificuldade de fazer transicao entre atividades sem birra ou resistencia;;
j26-043;Protocolo Dr. Jadson — TDAH Adolescente (J26-043);144–216 meses;Desatencao e organizacao academica;1;Nao consigo terminar as tarefas escolares no tempo combinado;;
j26-043;Protocolo Dr. Jadson — TDAH Adolescente (J26-043);144–216 meses;Desatencao e organizacao academica;2;Fico distraido facilmente durante a aula mesmo quando quero prestar atencao;;
j26-043;Protocolo Dr. Jadson — TDAH Adolescente (J26-043);144–216 meses;Desatencao e organizacao academica;3;Perco o material escolar ou esqueco onde deixei as coisas;;
j26-043;Protocolo Dr. Jadson — TDAH Adolescente (J26-043);144–216 meses;Desatencao e organizacao academica;4;Fico procrastinando tarefas ate que nao tem mais tempo;;
j26-043;Protocolo Dr. Jadson — TDAH Adolescente (J26-043);144–216 meses;Desatencao e organizacao academica;5;Comeco varias coisas ao mesmo tempo e nao termino nenhuma;;
j26-043;Protocolo Dr. Jadson — TDAH Adolescente (J26-043);144–216 meses;Desatencao e organizacao academica;6;Esqueco compromissos importantes mesmo anotados;;
j26-043;Protocolo Dr. Jadson — TDAH Adolescente (J26-043);144–216 meses;Desatencao e organizacao academica;7;Tenho muito mais dificuldade com disciplinas que exigem atencao continua;;
j26-043;Protocolo Dr. Jadson — TDAH Adolescente (J26-043);144–216 meses;Desatencao e organizacao academica;8;Minha organizacao pessoal e muito pior do que a dos meus colegas;;
j26-043;Protocolo Dr. Jadson — TDAH Adolescente (J26-043);144–216 meses;Impulsividade e risco;1;Tomo decisoes rapidas sem pensar direito nas consequencias;;
j26-043;Protocolo Dr. Jadson — TDAH Adolescente (J26-043);144–216 meses;Impulsividade e risco;2;Ja me envolvi em situacao de risco por agir sem pensar;;
j26-043;Protocolo Dr. Jadson — TDAH Adolescente (J26-043);144–216 meses;Impulsividade e risco;3;Tenho dificuldade de controlar o uso do celular mesmo quando quero;;
j26-043;Protocolo Dr. Jadson — TDAH Adolescente (J26-043);144–216 meses;Impulsividade e risco;4;Ja gastei dinheiro impulsivamente de um jeito que me arrependi depois;;
j26-043;Protocolo Dr. Jadson — TDAH Adolescente (J26-043);144–216 meses;Impulsividade e risco;5;Tenho comportamento de risco no transito (bicicleta, moto, carro);;
j26-043;Protocolo Dr. Jadson — TDAH Adolescente (J26-043);144–216 meses;Impulsividade e risco;6;Ja me envolvi em brigas ou situacoes de conflito por impulsividade;;
j26-043;Protocolo Dr. Jadson — TDAH Adolescente (J26-043);144–216 meses;Impulsividade e risco;7;Uso substancias ou ja usei pra lidar com o estresse ou me concentrar;;
j26-043;Protocolo Dr. Jadson — TDAH Adolescente (J26-043);144–216 meses;Impacto emocional e social;1;Me sinto diferente dos outros de um jeito que me incomoda;;
j26-043;Protocolo Dr. Jadson — TDAH Adolescente (J26-043);144–216 meses;Impacto emocional e social;2;Tenho muita dificuldade de manter amizades a longo prazo;;
j26-043;Protocolo Dr. Jadson — TDAH Adolescente (J26-043);144–216 meses;Impacto emocional e social;3;Me sinto frustrado com meu proprio rendimento escolar;;
j26-043;Protocolo Dr. Jadson — TDAH Adolescente (J26-043);144–216 meses;Impacto emocional e social;4;Tenho crises de raiva ou irritabilidade que eu mesmo acho exageradas;;
j26-043;Protocolo Dr. Jadson — TDAH Adolescente (J26-043);144–216 meses;Impacto emocional e social;5;Sinto que posso ser muito mais do que mostro mas nao consigo;;
j26-043;Protocolo Dr. Jadson — TDAH Adolescente (J26-043);144–216 meses;Impacto emocional e social;6;Me sinto sobrecarregado com frequencia sem conseguir organizar tudo;;
j26-044;Protocolo Dr. Jadson — Monitorização Estimulante (J26-044);60–216 meses;Efeitos sobre apetite e crescimento;1;Reducao do apetite no horario do almoco ou jantar apos a dose;;
j26-044;Protocolo Dr. Jadson — Monitorização Estimulante (J26-044);60–216 meses;Efeitos sobre apetite e crescimento;2;Perda de peso ou parada de ganho de peso observavel;;
j26-044;Protocolo Dr. Jadson — Monitorização Estimulante (J26-044);60–216 meses;Efeitos sobre apetite e crescimento;3;Nausea ou dor abdominal nas primeiras horas apos a tomada;;
j26-044;Protocolo Dr. Jadson — Monitorização Estimulante (J26-044);60–216 meses;Efeitos sobre apetite e crescimento;4;Recusa alimentar persistente mesmo nos horarios sem efeito do remedio;;
j26-044;Protocolo Dr. Jadson — Monitorização Estimulante (J26-044);60–216 meses;Efeitos sobre apetite e crescimento;5;Crescimento em estatura aparentemente abaixo do esperado para a idade;;
j26-044;Protocolo Dr. Jadson — Monitorização Estimulante (J26-044);60–216 meses;Efeitos cardiovasculares e fisicos;1;Aumento da frequencia cardiaca perceptivel pelo proprio paciente;;
j26-044;Protocolo Dr. Jadson — Monitorização Estimulante (J26-044);60–216 meses;Efeitos cardiovasculares e fisicos;2;Dor de cabeca persistente nas primeiras horas apos a dose;;
j26-044;Protocolo Dr. Jadson — Monitorização Estimulante (J26-044);60–216 meses;Efeitos cardiovasculares e fisicos;3;Pressao arterial elevada em pelo menos duas medicoes recentes;;
j26-044;Protocolo Dr. Jadson — Monitorização Estimulante (J26-044);60–216 meses;Efeitos cardiovasculares e fisicos;4;Palidez ou coloracao alterada da pele observada pelos cuidadores;;
j26-044;Protocolo Dr. Jadson — Monitorização Estimulante (J26-044);60–216 meses;Efeitos cardiovasculares e fisicos;5;Queixa de palpitacoes ou coracao acelerado pela crianca ou adolescente;;
j26-044;Protocolo Dr. Jadson — Monitorização Estimulante (J26-044);60–216 meses;Efeitos comportamentais e do sono;1;Dificuldade aumentada para iniciar o sono comparado ao periodo antes do remedio;;
j26-044;Protocolo Dr. Jadson — Monitorização Estimulante (J26-044);60–216 meses;Efeitos comportamentais e do sono;2;Irritabilidade ou choro excessivo no final da tarde (rebound);;
j26-044;Protocolo Dr. Jadson — Monitorização Estimulante (J26-044);60–216 meses;Efeitos comportamentais e do sono;3;Ficar muito quieto ou apagado como se sedado de forma inapropriada;;
j26-044;Protocolo Dr. Jadson — Monitorização Estimulante (J26-044);60–216 meses;Efeitos comportamentais e do sono;4;Tics novos ou agravamento de tics existentes apos inicio do remedio;;
j26-044;Protocolo Dr. Jadson — Monitorização Estimulante (J26-044);60–216 meses;Efeitos comportamentais e do sono;5;Ansiedade ou agitacao aumentadas durante o efeito do remedio;;
j26-044;Protocolo Dr. Jadson — Monitorização Estimulante (J26-044);60–216 meses;Efeitos comportamentais e do sono;6;Humor disforico (tristeza, apatia) relacionado ao horario do remedio;;
j26-045;Protocolo Dr. Jadson — TDAH e Tela (J26-045);60–216 meses;Uso e dependencia de telas;1;Passa mais de 3 horas por dia em telas de entretenimento nos dias de semana;;
j26-045;Protocolo Dr. Jadson — TDAH e Tela (J26-045);60–216 meses;Uso e dependencia de telas;2;Fica extremamente agitado ou agressivo quando a tela e retirada;;
j26-045;Protocolo Dr. Jadson — TDAH e Tela (J26-045);60–216 meses;Uso e dependencia de telas;3;Mente sobre o tempo que ficou na tela ou o que estava assistindo;;
j26-045;Protocolo Dr. Jadson — TDAH e Tela (J26-045);60–216 meses;Uso e dependencia de telas;4;Perde o controle do tempo na tela e nao consegue parar sozinho;;
j26-045;Protocolo Dr. Jadson — TDAH e Tela (J26-045);60–216 meses;Uso e dependencia de telas;5;Prefere a tela a qualquer outra atividade mesmo as que ja gostou muito;;
j26-045;Protocolo Dr. Jadson — TDAH e Tela (J26-045);60–216 meses;Uso e dependencia de telas;6;Fica irritado quando interrompido na tela mesmo com aviso previo;;
j26-045;Protocolo Dr. Jadson — TDAH e Tela (J26-045);60–216 meses;Uso e dependencia de telas;7;Usa o celular ou tablet escondido apos o horario combinado;;
j26-045;Protocolo Dr. Jadson — TDAH e Tela (J26-045);60–216 meses;Uso e dependencia de telas;8;A tela e a unica coisa que consegue acalmar a crianca de forma rapida;;
j26-045;Protocolo Dr. Jadson — TDAH e Tela (J26-045);60–216 meses;Comportamento na restricao e impacto no sono;1;O comportamento fica claramente pior nos dias sem acesso a tela;;
j26-045;Protocolo Dr. Jadson — TDAH e Tela (J26-045);60–216 meses;Comportamento na restricao e impacto no sono;2;Tem crises de choro ou agressividade quando a tela e restringida;;
j26-045;Protocolo Dr. Jadson — TDAH e Tela (J26-045);60–216 meses;Comportamento na restricao e impacto no sono;3;Dorme mais tarde por causa do uso de tela antes de dormir;;
j26-045;Protocolo Dr. Jadson — TDAH e Tela (J26-045);60–216 meses;Comportamento na restricao e impacto no sono;4;Dorme com o celular ou tablet do lado e usa durante a noite;;
j26-045;Protocolo Dr. Jadson — TDAH e Tela (J26-045);60–216 meses;Comportamento na restricao e impacto no sono;5;O uso de tela aumentou muito o nivel geral de agitacao diurna;;
j26-045;Protocolo Dr. Jadson — TDAH e Tela (J26-045);60–216 meses;Comportamento na restricao e impacto no sono;6;Teve piora do desempenho escolar claramente relacionada ao tempo de tela;;
j26-045;Protocolo Dr. Jadson — TDAH e Tela (J26-045);60–216 meses;Comportamento na restricao e impacto no sono;7;A tela substituiu completamente brincadeiras ativas ou sociais;;
j26-045;Protocolo Dr. Jadson — TDAH e Tela (J26-045);60–216 meses;Comportamento na restricao e impacto no sono;8;E impossivel estabelecer limites de tela sem conflito intenso e regular;;
j26-046;Protocolo Dr. Jadson — Oposição e Desafio (J26-046);48–192 meses;Humor irritavel e raiva;1;Perde o controle facilmente e explode por coisas pequenas;;
j26-046;Protocolo Dr. Jadson — Oposição e Desafio (J26-046);48–192 meses;Humor irritavel e raiva;2;Fica irritado ou suscetivel e e facilmente incomodado pelos outros;;
j26-046;Protocolo Dr. Jadson — Oposição e Desafio (J26-046);48–192 meses;Humor irritavel e raiva;3;Fica zangado e ressentido de forma frequente;;
j26-046;Protocolo Dr. Jadson — Oposição e Desafio (J26-046);48–192 meses;Humor irritavel e raiva;4;Tem crises de raiva intensas e frequentes desproporcionais a situacao;;
j26-046;Protocolo Dr. Jadson — Oposição e Desafio (J26-046);48–192 meses;Humor irritavel e raiva;5;Fica bravo quando adultos fazem pedidos ou estabelecem limites;;
j26-046;Protocolo Dr. Jadson — Oposição e Desafio (J26-046);48–192 meses;Humor irritavel e raiva;6;Nao aceita o nao sem crise de raiva ou choro intenso;;
j26-046;Protocolo Dr. Jadson — Oposição e Desafio (J26-046);48–192 meses;Humor irritavel e raiva;7;Fica rancoroso por dias apos situacoes de conflito menores;;
j26-046;Protocolo Dr. Jadson — Oposição e Desafio (J26-046);48–192 meses;Humor irritavel e raiva;8;Fica com humor negativo persistente que afeta toda a familia;;
j26-046;Protocolo Dr. Jadson — Oposição e Desafio (J26-046);48–192 meses;Comportamento desafiador e vingativo;1;Discute com adultos de forma persistente e intensa;;
j26-046;Protocolo Dr. Jadson — Oposição e Desafio (J26-046);48–192 meses;Comportamento desafiador e vingativo;2;Desafia ou recusa regras dos adultos de forma ativa e constante;;
j26-046;Protocolo Dr. Jadson — Oposição e Desafio (J26-046);48–192 meses;Comportamento desafiador e vingativo;3;Faz o oposto do que e pedido de forma deliberada;;
j26-046;Protocolo Dr. Jadson — Oposição e Desafio (J26-046);48–192 meses;Comportamento desafiador e vingativo;4;Culpa os outros pelos proprios erros ou pelo proprio comportamento;;
j26-046;Protocolo Dr. Jadson — Oposição e Desafio (J26-046);48–192 meses;Comportamento desafiador e vingativo;5;Irrita deliberadamente outras pessoas de forma recorrente;;
j26-046;Protocolo Dr. Jadson — Oposição e Desafio (J26-046);48–192 meses;Comportamento desafiador e vingativo;6;Ja agiu de forma vingativa ou desejou prejudicar alguem de forma consciente;;
j26-046;Protocolo Dr. Jadson — Oposição e Desafio (J26-046);48–192 meses;Comportamento desafiador e vingativo;7;Nao aceita correcao de adultos de forma funcional;;
j26-046;Protocolo Dr. Jadson — Oposição e Desafio (J26-046);48–192 meses;Comportamento desafiador e vingativo;8;O comportamento desafiador ocorre em mais de um contexto (casa e escola);;
j26-047;Protocolo Dr. Jadson — Problemas de Conduta (J26-047);72–216 meses;Agressao a pessoas e animais;1;Provoca briga fisica com outras criancas ou adultos;;
j26-047;Protocolo Dr. Jadson — Problemas de Conduta (J26-047);72–216 meses;Agressao a pessoas e animais;2;Usa objeto ou arma improvisada em briga (pedra, pau, cinto);;
j26-047;Protocolo Dr. Jadson — Problemas de Conduta (J26-047);72–216 meses;Agressao a pessoas e animais;3;Foi cruel fisicamente com animais domesticos ou de rua;;
j26-047;Protocolo Dr. Jadson — Problemas de Conduta (J26-047);72–216 meses;Agressao a pessoas e animais;4;Forcou outra pessoa a fazer algo de forma fisica ou ameacando;;
j26-047;Protocolo Dr. Jadson — Problemas de Conduta (J26-047);72–216 meses;Agressao a pessoas e animais;5;Intimidou ou ameacou outras pessoas de forma deliberada;;
j26-047;Protocolo Dr. Jadson — Problemas de Conduta (J26-047);72–216 meses;Agressao a pessoas e animais;6;Briga fisicamente de forma que causou machucado visivel em alguem;;
j26-047;Protocolo Dr. Jadson — Problemas de Conduta (J26-047);72–216 meses;Destruicao de propriedade e desonestidade;1;Destruiu propositalmente objetos de outras pessoas ou da escola;;
j26-047;Protocolo Dr. Jadson — Problemas de Conduta (J26-047);72–216 meses;Destruicao de propriedade e desonestidade;2;Colocou fogo em algo de forma proposital (mesmo que pequeno);;
j26-047;Protocolo Dr. Jadson — Problemas de Conduta (J26-047);72–216 meses;Destruicao de propriedade e desonestidade;3;Pegou dinheiro ou objetos de casa sem permissao;;
j26-047;Protocolo Dr. Jadson — Problemas de Conduta (J26-047);72–216 meses;Destruicao de propriedade e desonestidade;4;Roubou objetos fora de casa (loja, escola, colega);;
j26-047;Protocolo Dr. Jadson — Problemas de Conduta (J26-047);72–216 meses;Destruicao de propriedade e desonestidade;5;Mentiu repetidamente para conseguir vantagens ou evitar consequencias;;
j26-047;Protocolo Dr. Jadson — Problemas de Conduta (J26-047);72–216 meses;Destruicao de propriedade e desonestidade;6;Aplicou golpe ou manipulou pessoas para obter algo;;
j26-047;Protocolo Dr. Jadson — Problemas de Conduta (J26-047);72–216 meses;Violacao de regras e limites;1;Ficou fora de casa de noite sem permissao dos pais;;
j26-047;Protocolo Dr. Jadson — Problemas de Conduta (J26-047);72–216 meses;Violacao de regras e limites;2;Fugiu de casa por pelo menos uma noite;;
j26-047;Protocolo Dr. Jadson — Problemas de Conduta (J26-047);72–216 meses;Violacao de regras e limites;3;Faltou a escola sem a familia saber em mais de uma ocasiao;;
j26-047;Protocolo Dr. Jadson — Problemas de Conduta (J26-047);72–216 meses;Violacao de regras e limites;4;Entrou em lugar proibido (casa vazia, escola fechada) sem permissao;;
j26-047;Protocolo Dr. Jadson — Problemas de Conduta (J26-047);72–216 meses;Violacao de regras e limites;5;Descumpriu toque de recolher ou regras combinadas de forma recorrente;;
j26-047;Protocolo Dr. Jadson — Problemas de Conduta (J26-047);72–216 meses;Violacao de regras e limites;6;Usou substancia proibida para a idade (alcool, cigarro, outras);;
j26-048;Protocolo Dr. Jadson — Raiva e Manejo da Frustração (J26-048);48–192 meses;Intensidade e frequencia das crises;1;Tem crises de raiva pelo menos 3 vezes por semana;;
j26-048;Protocolo Dr. Jadson — Raiva e Manejo da Frustração (J26-048);48–192 meses;Intensidade e frequencia das crises;2;A crise e intensa e dificil de reverter mesmo com apoio do adulto;;
j26-048;Protocolo Dr. Jadson — Raiva e Manejo da Frustração (J26-048);48–192 meses;Intensidade e frequencia das crises;3;A crise dura mais de 20 minutos na maioria das vezes;;
j26-048;Protocolo Dr. Jadson — Raiva e Manejo da Frustração (J26-048);48–192 meses;Intensidade e frequencia das crises;4;A intensidade da crise e desproporcional ao que a causou;;
j26-048;Protocolo Dr. Jadson — Raiva e Manejo da Frustração (J26-048);48–192 meses;Intensidade e frequencia das crises;5;As crises ocorrem em publico causando constrangimento para a familia;;
j26-048;Protocolo Dr. Jadson — Raiva e Manejo da Frustração (J26-048);48–192 meses;Intensidade e frequencia das crises;6;As crises estao piorando em frequencia ou intensidade ao longo do tempo;;
j26-048;Protocolo Dr. Jadson — Raiva e Manejo da Frustração (J26-048);48–192 meses;Intensidade e frequencia das crises;7;A crianca nao mostra sinais claros antes da crise estourar;;
j26-048;Protocolo Dr. Jadson — Raiva e Manejo da Frustração (J26-048);48–192 meses;Intensidade e frequencia das crises;8;As crises ocorrem tanto em casa quanto fora de casa;;
j26-048;Protocolo Dr. Jadson — Raiva e Manejo da Frustração (J26-048);48–192 meses;Intensidade e frequencia das crises;9;Qualquer negativa do adulto pode desencadear uma crise intensa;;
j26-048;Protocolo Dr. Jadson — Raiva e Manejo da Frustração (J26-048);48–192 meses;Comportamento durante e apos a crise;1;Bate objetos ou joga coisas durante a crise;;
j26-048;Protocolo Dr. Jadson — Raiva e Manejo da Frustração (J26-048);48–192 meses;Comportamento durante e apos a crise;2;Bate em pessoas (adultos ou criancas) durante a crise de raiva;;
j26-048;Protocolo Dr. Jadson — Raiva e Manejo da Frustração (J26-048);48–192 meses;Comportamento durante e apos a crise;3;Diz coisas muito ofensivas ou ameacadoras durante a crise;;
j26-048;Protocolo Dr. Jadson — Raiva e Manejo da Frustração (J26-048);48–192 meses;Comportamento durante e apos a crise;4;Destroi objetos propositalmente durante a crise;;
j26-048;Protocolo Dr. Jadson — Raiva e Manejo da Frustração (J26-048);48–192 meses;Comportamento durante e apos a crise;5;Ameaca se machucar durante a crise para conseguir algo;;
j26-048;Protocolo Dr. Jadson — Raiva e Manejo da Frustração (J26-048);48–192 meses;Comportamento durante e apos a crise;6;Nao consegue ouvir o adulto durante a crise mesmo que fale calmo;;
j26-048;Protocolo Dr. Jadson — Raiva e Manejo da Frustração (J26-048);48–192 meses;Comportamento durante e apos a crise;7;Apos a crise parece sem memoria do que aconteceu;;
j26-048;Protocolo Dr. Jadson — Raiva e Manejo da Frustração (J26-048);48–192 meses;Comportamento durante e apos a crise;8;Apos a crise fica muito envergonhado ou arrependido;;
j26-048;Protocolo Dr. Jadson — Raiva e Manejo da Frustração (J26-048);48–192 meses;Comportamento durante e apos a crise;9;Apos a crise retoma a atividade como se nada tivesse acontecido;;
j26-049;Protocolo Dr. Jadson — Agressão com Pares (J26-049);60–192 meses;Comportamento agressivo com pares;1;Bate, chuta ou empurra colegas no intervalo ou na sala;;
j26-049;Protocolo Dr. Jadson — Agressão com Pares (J26-049);60–192 meses;Comportamento agressivo com pares;2;Exclui outras criancas de jogos ou grupos de forma deliberada;;
j26-049;Protocolo Dr. Jadson — Agressão com Pares (J26-049);60–192 meses;Comportamento agressivo com pares;3;Chama apelidos ofensivos em colegas de forma recorrente;;
j26-049;Protocolo Dr. Jadson — Agressão com Pares (J26-049);60–192 meses;Comportamento agressivo com pares;4;Faz ameacas verbais a colegas pra conseguir o que quer;;
j26-049;Protocolo Dr. Jadson — Agressão com Pares (J26-049);60–192 meses;Comportamento agressivo com pares;5;Usa redes sociais ou mensagens para ofender ou constranger colegas;;
j26-049;Protocolo Dr. Jadson — Agressão com Pares (J26-049);60–192 meses;Comportamento agressivo com pares;6;Lidera grupos de exclusao ou piadas contra um colega especifico;;
j26-049;Protocolo Dr. Jadson — Agressão com Pares (J26-049);60–192 meses;Comportamento agressivo com pares;7;Mente para adultos para proteger o proprio comportamento agressivo;;
j26-049;Protocolo Dr. Jadson — Agressão com Pares (J26-049);60–192 meses;Comportamento agressivo com pares;8;Nao demonstra culpa ou remorso apos magoar um colega;;
j26-049;Protocolo Dr. Jadson — Agressão com Pares (J26-049);60–192 meses;Vitimizacao e sinais de bullying sofrido;1;Chega em casa com roupa rasgada ou machucado sem explicacao;;
j26-049;Protocolo Dr. Jadson — Agressão com Pares (J26-049);60–192 meses;Vitimizacao e sinais de bullying sofrido;2;Evita ir a escola ou faz queixas fisicas pra nao ir;;
j26-049;Protocolo Dr. Jadson — Agressão com Pares (J26-049);60–192 meses;Vitimizacao e sinais de bullying sofrido;3;Tem poucos ou nenhum amigo na escola;;
j26-049;Protocolo Dr. Jadson — Agressão com Pares (J26-049);60–192 meses;Vitimizacao e sinais de bullying sofrido;4;Nao quer falar sobre o que acontece na escola ou no intervalo;;
j26-049;Protocolo Dr. Jadson — Agressão com Pares (J26-049);60–192 meses;Vitimizacao e sinais de bullying sofrido;5;Mostra tristeza ou ansiedade acentuada antes de ir a escola;;
j26-049;Protocolo Dr. Jadson — Agressão com Pares (J26-049);60–192 meses;Vitimizacao e sinais de bullying sofrido;6;Demonstra comportamento regressivo (choro, enurese) sem causa medica aparente;;
j26-049;Protocolo Dr. Jadson — Agressão com Pares (J26-049);60–192 meses;Vitimizacao e sinais de bullying sofrido;7;Perdeu objetos ou dinheiro de forma nao explicada;;
j26-049;Protocolo Dr. Jadson — Agressão com Pares (J26-049);60–192 meses;Vitimizacao e sinais de bullying sofrido;8;Demonstra baixa autoestima especificamente relacionada ao contexto escolar;;
j26-050;Protocolo Dr. Jadson — Traços Calosos-Emocionais (J26-050);72–216 meses;Falta de empatia e frieza emocional;1;Nao demonstra culpa apos magoar alguem mesmo quando confrontado;;
j26-050;Protocolo Dr. Jadson — Traços Calosos-Emocionais (J26-050);72–216 meses;Falta de empatia e frieza emocional;2;Parece indiferente ao sofrimento de outras criancas ou animais;;
j26-050;Protocolo Dr. Jadson — Traços Calosos-Emocionais (J26-050);72–216 meses;Falta de empatia e frieza emocional;3;Nao demonstra emocoes genuinas de forma consistente;;
j26-050;Protocolo Dr. Jadson — Traços Calosos-Emocionais (J26-050);72–216 meses;Falta de empatia e frieza emocional;4;Sorri ou ri quando alguem se machuca ou sofre;;
j26-050;Protocolo Dr. Jadson — Traços Calosos-Emocionais (J26-050);72–216 meses;Falta de empatia e frieza emocional;5;Nao responde de forma afetiva ao choro de alguem proxima;;
j26-050;Protocolo Dr. Jadson — Traços Calosos-Emocionais (J26-050);72–216 meses;Falta de empatia e frieza emocional;6;As emocoes expressadas parecem calculadas ao inves de genuinas;;
j26-050;Protocolo Dr. Jadson — Traços Calosos-Emocionais (J26-050);72–216 meses;Falta de empatia e frieza emocional;7;Nao demonstra medo em situacoes que a maioria das criancas temeria;;
j26-050;Protocolo Dr. Jadson — Traços Calosos-Emocionais (J26-050);72–216 meses;Falta de empatia e frieza emocional;8;A ausencia de culpa persiste mesmo apos explicacoes repetidas do impacto nos outros;;
j26-050;Protocolo Dr. Jadson — Traços Calosos-Emocionais (J26-050);72–216 meses;Falta de empatia e frieza emocional;9;Parece indiferente a aprovacao ou desaprovacao de figuras de autoridade;;
j26-050;Protocolo Dr. Jadson — Traços Calosos-Emocionais (J26-050);72–216 meses;Falta de empatia e frieza emocional;10;O comportamento inadequado continua mesmo quando causa sofrimento visivel nos outros;;
j26-050;Protocolo Dr. Jadson — Traços Calosos-Emocionais (J26-050);72–216 meses;Charme superficial e manipulacao;1;Usa charme ou lagrimas de forma calculada para conseguir o que quer;;
j26-050;Protocolo Dr. Jadson — Traços Calosos-Emocionais (J26-050);72–216 meses;Charme superficial e manipulacao;2;Mente de forma convincente e sem ansiedade aparente;;
j26-050;Protocolo Dr. Jadson — Traços Calosos-Emocionais (J26-050);72–216 meses;Charme superficial e manipulacao;3;Manipula outras criancas para que facam o que quer;;
j26-050;Protocolo Dr. Jadson — Traços Calosos-Emocionais (J26-050);72–216 meses;Charme superficial e manipulacao;4;Apresenta comportamento muito diferente com adultos e com pares (face dupla);;
j26-050;Protocolo Dr. Jadson — Traços Calosos-Emocionais (J26-050);72–216 meses;Charme superficial e manipulacao;5;Usa o conhecimento dos pontos fracos dos outros para manipular;;
j26-050;Protocolo Dr. Jadson — Traços Calosos-Emocionais (J26-050);72–216 meses;Charme superficial e manipulacao;6;Convence adultos facilmente de que e vitima quando na verdade e agressor;;
j26-050;Protocolo Dr. Jadson — Traços Calosos-Emocionais (J26-050);72–216 meses;Charme superficial e manipulacao;7;E capaz de simular arrependimento sem demonstrar mudanca de comportamento;;
j26-050;Protocolo Dr. Jadson — Traços Calosos-Emocionais (J26-050);72–216 meses;Charme superficial e manipulacao;8;Usa afeto de forma estrategica para obter vantagens;;
j26-050;Protocolo Dr. Jadson — Traços Calosos-Emocionais (J26-050);72–216 meses;Charme superficial e manipulacao;9;Faz promessas que sabe que nao vai cumprir para conseguir o que quer;;
j26-050;Protocolo Dr. Jadson — Traços Calosos-Emocionais (J26-050);72–216 meses;Charme superficial e manipulacao;10;O comportamento manipulador nao desaparece com limites ou consequencias;;
j26-051;Protocolo Dr. Jadson — Flexibilidade Comportamental (J26-051);48–144 meses;Flexibilidade adaptativa;1;Aceita mudanças de rotina sem grande sofrimento;;
j26-051;Protocolo Dr. Jadson — Flexibilidade Comportamental (J26-051);48–144 meses;Flexibilidade adaptativa;2;Muda de plano quando é necessário;;
j26-051;Protocolo Dr. Jadson — Flexibilidade Comportamental (J26-051);48–144 meses;Flexibilidade adaptativa;3;Aceita quando as regras mudam;;
j26-051;Protocolo Dr. Jadson — Flexibilidade Comportamental (J26-051);48–144 meses;Flexibilidade adaptativa;4;Lida bem quando o resultado não é o esperado;;
j26-051;Protocolo Dr. Jadson — Flexibilidade Comportamental (J26-051);48–144 meses;Flexibilidade adaptativa;5;Aceita ajuda ou sugestões para fazer diferente;;
j26-051;Protocolo Dr. Jadson — Flexibilidade Comportamental (J26-051);48–144 meses;Flexibilidade adaptativa;6;Transita entre atividades sem travar;;
j26-051;Protocolo Dr. Jadson — Flexibilidade Comportamental (J26-051);48–144 meses;Flexibilidade adaptativa;7;Tolera os imprevistos do dia a dia;;
j26-051;Protocolo Dr. Jadson — Flexibilidade Comportamental (J26-051);48–144 meses;Flexibilidade adaptativa;8;Aceita perder ou empatar em jogos;;
j26-051;Protocolo Dr. Jadson — Flexibilidade Comportamental (J26-051);48–144 meses;Flexibilidade adaptativa;9;Considera mais de uma forma de resolver um problema;;
j26-051;Protocolo Dr. Jadson — Flexibilidade Comportamental (J26-051);48–144 meses;Flexibilidade adaptativa;10;Aceita um “agora não” e tenta de novo depois;;
j26-051;Protocolo Dr. Jadson — Flexibilidade Comportamental (J26-051);48–144 meses;Flexibilidade adaptativa;11;Adapta-se a ambientes e pessoas novas;;
j26-051;Protocolo Dr. Jadson — Flexibilidade Comportamental (J26-051);48–144 meses;Flexibilidade adaptativa;12;Recupera-se rápido quando algo dá errado;;
j26-052;Protocolo Dr. Jadson — Birra Patológica vs. Normativa (J26-052);18–72 meses;Caracteristicas da crise;1;A crise dura mais de 25 minutos na maioria das vezes;;
j26-052;Protocolo Dr. Jadson — Birra Patológica vs. Normativa (J26-052);18–72 meses;Caracteristicas da crise;2;A crianca se machuca ou machuca outros durante a crise;;
j26-052;Protocolo Dr. Jadson — Birra Patológica vs. Normativa (J26-052);18–72 meses;Caracteristicas da crise;3;A intensidade e consistentemente muito alta independente do gatilho;;
j26-052;Protocolo Dr. Jadson — Birra Patológica vs. Normativa (J26-052);18–72 meses;Caracteristicas da crise;4;A crianca tem mais de 5 crises por dia com frequencia;;
j26-052;Protocolo Dr. Jadson — Birra Patológica vs. Normativa (J26-052);18–72 meses;Caracteristicas da crise;5;A crise ocorre sem um gatilho identificavel;;
j26-052;Protocolo Dr. Jadson — Birra Patológica vs. Normativa (J26-052);18–72 meses;Caracteristicas da crise;6;A crianca nao consegue ser consolada por nenhuma estrategia;;
j26-052;Protocolo Dr. Jadson — Birra Patológica vs. Normativa (J26-052);18–72 meses;Caracteristicas da crise;7;A crise deixa a crianca exausta ou com comportamento muito alterado por horas;;
j26-052;Protocolo Dr. Jadson — Birra Patológica vs. Normativa (J26-052);18–72 meses;Contexto e funcionalidade;1;As crises estao piorando e nao melhorando com o avanco da idade;;
j26-052;Protocolo Dr. Jadson — Birra Patológica vs. Normativa (J26-052);18–72 meses;Contexto e funcionalidade;2;As crises ocorrem em todos os contextos (casa, escola, rua);;
j26-052;Protocolo Dr. Jadson — Birra Patológica vs. Normativa (J26-052);18–72 meses;Contexto e funcionalidade;3;As crises afetam significativamente a participacao da familia em atividades normais;;
j26-052;Protocolo Dr. Jadson — Birra Patológica vs. Normativa (J26-052);18–72 meses;Contexto e funcionalidade;4;A crianca ja se machucou fisicamente de forma significativa durante uma crise;;
j26-052;Protocolo Dr. Jadson — Birra Patológica vs. Normativa (J26-052);18–72 meses;Contexto e funcionalidade;5;Os pais mudaram o comportamento deles para evitar a crianca ter crise;;
j26-052;Protocolo Dr. Jadson — Birra Patológica vs. Normativa (J26-052);18–72 meses;Contexto e funcionalidade;6;As crises parecem diferentes das birras de outros bebes ou criancas pequenas;;
j26-052;Protocolo Dr. Jadson — Birra Patológica vs. Normativa (J26-052);18–72 meses;Contexto e funcionalidade;7;A crianca nao tem periodos calmos previsiveis entre as crises;;
j26-053;Protocolo Dr. Jadson — Comportamento na Pandemia Pós-Covid (J26-053);36–144 meses;Dificuldades sociais pos-isolamento;1;Tem muito mais dificuldade de brincar com outras criancas do que antes da pandemia;;
j26-053;Protocolo Dr. Jadson — Comportamento na Pandemia Pós-Covid (J26-053);36–144 meses;Dificuldades sociais pos-isolamento;2;Evita ou recusa situacoes com grupos de criancas que antes aproveitava;;
j26-053;Protocolo Dr. Jadson — Comportamento na Pandemia Pós-Covid (J26-053);36–144 meses;Dificuldades sociais pos-isolamento;3;Ficou mais agressivo ou irritavel com criancas da mesma idade;;
j26-053;Protocolo Dr. Jadson — Comportamento na Pandemia Pós-Covid (J26-053);36–144 meses;Dificuldades sociais pos-isolamento;4;Tem dificuldade de esperar a vez e compartilhar que nao tinha antes;;
j26-053;Protocolo Dr. Jadson — Comportamento na Pandemia Pós-Covid (J26-053);36–144 meses;Dificuldades sociais pos-isolamento;5;Prefere o isolamento a qualquer situacao social com pares;;
j26-053;Protocolo Dr. Jadson — Comportamento na Pandemia Pós-Covid (J26-053);36–144 meses;Dificuldades sociais pos-isolamento;6;Perdeu habilidades sociais que tinha antes do isolamento;;
j26-053;Protocolo Dr. Jadson — Comportamento na Pandemia Pós-Covid (J26-053);36–144 meses;Ansiedade e regresso comportamental;1;Voltou a apresentar comportamentos de fase anterior como enurese ou chupar dedo;;
j26-053;Protocolo Dr. Jadson — Comportamento na Pandemia Pós-Covid (J26-053);36–144 meses;Ansiedade e regresso comportamental;2;Esta mais apegado e ansioso com separacao dos cuidadores do que antes;;
j26-053;Protocolo Dr. Jadson — Comportamento na Pandemia Pós-Covid (J26-053);36–144 meses;Ansiedade e regresso comportamental;3;Tem medo excessivo de doenca ou morte propria ou da familia;;
j26-053;Protocolo Dr. Jadson — Comportamento na Pandemia Pós-Covid (J26-053);36–144 meses;Ansiedade e regresso comportamental;4;Teve aumento significativo de sintomas de ansiedade desde a pandemia;;
j26-053;Protocolo Dr. Jadson — Comportamento na Pandemia Pós-Covid (J26-053);36–144 meses;Ansiedade e regresso comportamental;5;Tem pesadelos ou dificuldade de dormir que comecaram ou pioraram na pandemia;;
j26-053;Protocolo Dr. Jadson — Comportamento na Pandemia Pós-Covid (J26-053);36–144 meses;Ansiedade e regresso comportamental;6;Esta mais irritavel e de humor mais instavel do que antes do isolamento;;
j26-053;Protocolo Dr. Jadson — Comportamento na Pandemia Pós-Covid (J26-053);36–144 meses;Comportamento escolar pos-pandemia;1;Recusa ir a escola ou tem sintomas fisicos nas manhas de escola;;
j26-053;Protocolo Dr. Jadson — Comportamento na Pandemia Pós-Covid (J26-053);36–144 meses;Comportamento escolar pos-pandemia;2;Rendimento escolar piorou significativamente apos o retorno;;
j26-053;Protocolo Dr. Jadson — Comportamento na Pandemia Pós-Covid (J26-053);36–144 meses;Comportamento escolar pos-pandemia;3;Tem dificuldade de tolerar o ambiente escolar (barulho, agitacao, colegas);;
j26-053;Protocolo Dr. Jadson — Comportamento na Pandemia Pós-Covid (J26-053);36–144 meses;Comportamento escolar pos-pandemia;4;Esta mais desatento e inquieto na sala do que antes da pandemia;;
j26-053;Protocolo Dr. Jadson — Comportamento na Pandemia Pós-Covid (J26-053);36–144 meses;Comportamento escolar pos-pandemia;5;Perdeu o vinculo com professores e rotina escolar que tinha antes;;
j26-053;Protocolo Dr. Jadson — Comportamento na Pandemia Pós-Covid (J26-053);36–144 meses;Comportamento escolar pos-pandemia;6;Precisa de mais suporte escolar do que antes do periodo de isolamento;;
j26-054;Protocolo Dr. Jadson — Comportamento Digital (J26-054);72–216 meses;Dependencia e perda de controle digital;1;Fica agitado ou agressivo quando o acesso a tela e negado ou interrompido;;
j26-054;Protocolo Dr. Jadson — Comportamento Digital (J26-054);72–216 meses;Dependencia e perda de controle digital;2;Mente sobre o tempo que ficou na tela ou o que estava fazendo;;
j26-054;Protocolo Dr. Jadson — Comportamento Digital (J26-054);72–216 meses;Dependencia e perda de controle digital;3;Usa dispositivos escondido apos o horario combinado;;
j26-054;Protocolo Dr. Jadson — Comportamento Digital (J26-054);72–216 meses;Dependencia e perda de controle digital;4;Nao consegue parar de usar a tela sozinho mesmo quando diz que vai parar;;
j26-054;Protocolo Dr. Jadson — Comportamento Digital (J26-054);72–216 meses;Dependencia e perda de controle digital;5;Perdeu interesse em atividades que fazia antes e que nao envolvem tela;;
j26-054;Protocolo Dr. Jadson — Comportamento Digital (J26-054);72–216 meses;Dependencia e perda de controle digital;6;Prefere interacoes online a interacoes presenciais com familia e amigos;;
j26-054;Protocolo Dr. Jadson — Comportamento Digital (J26-054);72–216 meses;Dependencia e perda de controle digital;7;O uso de tela aumentou mesmo com tentativas da familia de limitar;;
j26-054;Protocolo Dr. Jadson — Comportamento Digital (J26-054);72–216 meses;Dependencia e perda de controle digital;8;Fica de mau humor por dias quando a tela e retirada por mais tempo;;
j26-054;Protocolo Dr. Jadson — Comportamento Digital (J26-054);72–216 meses;Impacto social e familiar do uso digital;1;Passou a ter conflitos frequentes em casa por causa do uso de dispositivos;;
j26-054;Protocolo Dr. Jadson — Comportamento Digital (J26-054);72–216 meses;Impacto social e familiar do uso digital;2;Deixou de fazer tarefas escolares ou responsabilidades por causa da tela;;
j26-054;Protocolo Dr. Jadson — Comportamento Digital (J26-054);72–216 meses;Impacto social e familiar do uso digital;3;O sono esta sendo prejudicado pelo uso de tela noturno de forma regular;;
j26-054;Protocolo Dr. Jadson — Comportamento Digital (J26-054);72–216 meses;Impacto social e familiar do uso digital;4;Perdeu amigos presenciais ou se isolou socialmente por preferecer estar online;;
j26-054;Protocolo Dr. Jadson — Comportamento Digital (J26-054);72–216 meses;Impacto social e familiar do uso digital;5;Ja teve ou tem conflitos com estranhos online que preocupam os pais;;
j26-054;Protocolo Dr. Jadson — Comportamento Digital (J26-054);72–216 meses;Impacto social e familiar do uso digital;6;Gasta ou gastou dinheiro sem permissao em jogos, aplicativos ou compras online;;
j26-054;Protocolo Dr. Jadson — Comportamento Digital (J26-054);72–216 meses;Impacto social e familiar do uso digital;7;Acessa ou acessou conteudo improprio sem perceber ou escondido dos pais;;
j26-054;Protocolo Dr. Jadson — Comportamento Digital (J26-054);72–216 meses;Impacto social e familiar do uso digital;8;O comportamento geral da crianca piorou desde que o uso de tela aumentou;;
j26-055;Protocolo Dr. Jadson — Automutilação Não Suicida (J26-055);120–216 meses;Comportamentos autolesivos e contexto;1;Ja me arranhou, cortei ou machucei de proposito sem querer morrer;;
j26-055;Protocolo Dr. Jadson — Automutilação Não Suicida (J26-055);120–216 meses;Comportamentos autolesivos e contexto;2;Me machuco quando estou com uma emocao muito intensa e nao sei como lidar;;
j26-055;Protocolo Dr. Jadson — Automutilação Não Suicida (J26-055);120–216 meses;Comportamentos autolesivos e contexto;3;Ja escondo marcas ou machucados no corpo para que ninguem perceba;;
j26-055;Protocolo Dr. Jadson — Automutilação Não Suicida (J26-055);120–216 meses;Comportamentos autolesivos e contexto;4;Me machuco em lugares que geralmente ficam cobertos pela roupa;;
j26-055;Protocolo Dr. Jadson — Automutilação Não Suicida (J26-055);120–216 meses;Comportamentos autolesivos e contexto;5;Ja me machuquei mais de uma vez nos ultimos tres meses;;
j26-055;Protocolo Dr. Jadson — Automutilação Não Suicida (J26-055);120–216 meses;Comportamentos autolesivos e contexto;6;Uso dor fisica para sentir algo quando estou entorpecido emocionalmente;;
j26-055;Protocolo Dr. Jadson — Automutilação Não Suicida (J26-055);120–216 meses;Comportamentos autolesivos e contexto;7;Uso me machucar como a unica forma de alivio que funciona pra mim;;
j26-055;Protocolo Dr. Jadson — Automutilação Não Suicida (J26-055);120–216 meses;Funcao e risco dos comportamentos;1;Me machuco para me punir quando acho que fiz algo errado;;
j26-055;Protocolo Dr. Jadson — Automutilação Não Suicida (J26-055);120–216 meses;Funcao e risco dos comportamentos;2;Me machuco para sentir controle sobre algo quando tudo parece fora de controle;;
j26-055;Protocolo Dr. Jadson — Automutilação Não Suicida (J26-055);120–216 meses;Funcao e risco dos comportamentos;3;Me machuco para aliviar tensao emocional que nao tem outra saida;;
j26-055;Protocolo Dr. Jadson — Automutilação Não Suicida (J26-055);120–216 meses;Funcao e risco dos comportamentos;4;A vontade de me machucar aparece quando estou em conflito com alguem importante;;
j26-055;Protocolo Dr. Jadson — Automutilação Não Suicida (J26-055);120–216 meses;Funcao e risco dos comportamentos;5;Ja precisei de atencao medica por algum ferimento que fiz em mim mesmo;;
j26-055;Protocolo Dr. Jadson — Automutilação Não Suicida (J26-055);120–216 meses;Funcao e risco dos comportamentos;6;A frequencia ou intensidade com que me machuco aumentou ultimamente;;
j26-055;Protocolo Dr. Jadson — Automutilação Não Suicida (J26-055);120–216 meses;Funcao e risco dos comportamentos;7;Tenho pensamentos de me machucar frequentemente mesmo quando nao ajo;;
j26-056;Protocolo Dr. Jadson — Comportamento Alimentar Restritivo (J26-056);108–216 meses;Restricao alimentar e imagem corporal;1;Evito comer ou limito muito a quantidade de comida por medo de engordar;;
j26-056;Protocolo Dr. Jadson — Comportamento Alimentar Restritivo (J26-056);108–216 meses;Restricao alimentar e imagem corporal;2;Pulo refeicoes de forma intencional para controlar o peso;;
j26-056;Protocolo Dr. Jadson — Comportamento Alimentar Restritivo (J26-056);108–216 meses;Restricao alimentar e imagem corporal;3;Fico muito preocupado com o que comi e quanto comi ao longo do dia;;
j26-056;Protocolo Dr. Jadson — Comportamento Alimentar Restritivo (J26-056);108–216 meses;Restricao alimentar e imagem corporal;4;Me sinto gordo mesmo quando as pessoas dizem que estou emagrecendo;;
j26-056;Protocolo Dr. Jadson — Comportamento Alimentar Restritivo (J26-056);108–216 meses;Restricao alimentar e imagem corporal;5;Conto calorias de tudo que como de forma obsessiva;;
j26-056;Protocolo Dr. Jadson — Comportamento Alimentar Restritivo (J26-056);108–216 meses;Restricao alimentar e imagem corporal;6;Tenho medo intenso de ganhar peso mesmo estando abaixo do peso saudavel;;
j26-056;Protocolo Dr. Jadson — Comportamento Alimentar Restritivo (J26-056);108–216 meses;Restricao alimentar e imagem corporal;7;Comparo meu corpo com outros e sempre acho que estou acima do peso;;
j26-056;Protocolo Dr. Jadson — Comportamento Alimentar Restritivo (J26-056);108–216 meses;Restricao alimentar e imagem corporal;8;Uso roupas largas para esconder o corpo ou para nao sentir o proprio corpo;;
j26-056;Protocolo Dr. Jadson — Comportamento Alimentar Restritivo (J26-056);108–216 meses;Comportamentos compensatorios e impacto;1;Vomito de forma proposital apos refeicoes para nao engordar;;
j26-056;Protocolo Dr. Jadson — Comportamento Alimentar Restritivo (J26-056);108–216 meses;Comportamentos compensatorios e impacto;2;Uso laxante ou remedio para emagrecer sem necessidade medica;;
j26-056;Protocolo Dr. Jadson — Comportamento Alimentar Restritivo (J26-056);108–216 meses;Comportamentos compensatorios e impacto;3;Faco exercicio de forma excessiva como forma de compensar o que comi;;
j26-056;Protocolo Dr. Jadson — Comportamento Alimentar Restritivo (J26-056);108–216 meses;Comportamentos compensatorios e impacto;4;Fui ao banheiro imediatamente apos as refeicoes de forma repetida;;
j26-056;Protocolo Dr. Jadson — Comportamento Alimentar Restritivo (J26-056);108–216 meses;Comportamentos compensatorios e impacto;5;Minha menstruacao ficou irregular ou parou por causa da alimentacao;;
j26-056;Protocolo Dr. Jadson — Comportamento Alimentar Restritivo (J26-056);108–216 meses;Comportamentos compensatorios e impacto;6;Ja desmaiei ou tive tontura relacionada a nao comer suficiente;;
j26-056;Protocolo Dr. Jadson — Comportamento Alimentar Restritivo (J26-056);108–216 meses;Comportamentos compensatorios e impacto;7;Perdi amigos ou eventos sociais por causa de comportamentos em relacao a comida;;
j26-056;Protocolo Dr. Jadson — Comportamento Alimentar Restritivo (J26-056);108–216 meses;Comportamentos compensatorios e impacto;8;Familia ou amigos ja expressaram preocupacao com meu comportamento alimentar;;
j26-057;Protocolo Dr. Jadson — Regulação Emocional Criança (J26-057);48–144 meses;Estrategias desadaptativas;1;Agride fisicamente outros quando esta com emocao intensa;;
j26-057;Protocolo Dr. Jadson — Regulação Emocional Criança (J26-057);48–144 meses;Estrategias desadaptativas;2;Destroi objetos quando esta com raiva ou frustrado;;
j26-057;Protocolo Dr. Jadson — Regulação Emocional Criança (J26-057);48–144 meses;Estrategias desadaptativas;3;Grita ou faz escandalo em situacoes de emocao intensa;;
j26-057;Protocolo Dr. Jadson — Regulação Emocional Criança (J26-057);48–144 meses;Estrategias desadaptativas;4;Foge ou se esconde quando esta com emocao dificil;;
j26-057;Protocolo Dr. Jadson — Regulação Emocional Criança (J26-057);48–144 meses;Estrategias desadaptativas;5;Nega a emocao ou faz como se nada tivesse acontecido logo apos crise;;
j26-057;Protocolo Dr. Jadson — Regulação Emocional Criança (J26-057);48–144 meses;Estrategias desadaptativas;6;Se isola completamente quando esta em sofrimento emocional;;
j26-057;Protocolo Dr. Jadson — Regulação Emocional Criança (J26-057);48–144 meses;Estrategias desadaptativas;7;Usa a agressao verbal (xingamentos, ameacas) como saida emocional;;
j26-057;Protocolo Dr. Jadson — Regulação Emocional Criança (J26-057);48–144 meses;Estrategias desadaptativas;8;Come ou recusa comer como estrategia para lidar com emocoes;;
j26-057;Protocolo Dr. Jadson — Regulação Emocional Criança (J26-057);48–144 meses;Estrategias desadaptativas;9;Busca comportamentos de risco quando esta perturbado emocionalmente;;
j26-057;Protocolo Dr. Jadson — Regulação Emocional Criança (J26-057);48–144 meses;Capacidade de regulacao funcional;1;Pede ajuda ao adulto quando percebe que a emocao esta ficando grande;;
j26-057;Protocolo Dr. Jadson — Regulação Emocional Criança (J26-057);48–144 meses;Capacidade de regulacao funcional;2;Consegue nomear o que esta sentindo mesmo que de forma basica;;
j26-057;Protocolo Dr. Jadson — Regulação Emocional Criança (J26-057);48–144 meses;Capacidade de regulacao funcional;3;Usa estrategia de respiracao ou contagem quando ensinado pelo adulto;;
j26-057;Protocolo Dr. Jadson — Regulação Emocional Criança (J26-057);48–144 meses;Capacidade de regulacao funcional;4;Consegue esperar pelo adulto quando sabe que o adulto vai ajudar;;
j26-057;Protocolo Dr. Jadson — Regulação Emocional Criança (J26-057);48–144 meses;Capacidade de regulacao funcional;5;Retoma a atividade de forma funcional depois de uma frustracao;;
j26-057;Protocolo Dr. Jadson — Regulação Emocional Criança (J26-057);48–144 meses;Capacidade de regulacao funcional;6;Demonstra que percebe quando esta ficando agitado antes da crise estourar;;
j26-057;Protocolo Dr. Jadson — Regulação Emocional Criança (J26-057);48–144 meses;Capacidade de regulacao funcional;7;Usa recurso do ambiente (brinquedo, musica, canto quieto) para se acalmar;;
j26-057;Protocolo Dr. Jadson — Regulação Emocional Criança (J26-057);48–144 meses;Capacidade de regulacao funcional;8;Faz transicoes entre emocoes de forma funcional com apoio;;
j26-057;Protocolo Dr. Jadson — Regulação Emocional Criança (J26-057);48–144 meses;Capacidade de regulacao funcional;9;Consegue ouvir o adulto durante crise leve mesmo sem acalmar completamente;;
j26-058;Protocolo Dr. Jadson — Ansiedade de Separação (J26-058);18–144 meses;Medo de separacao e antecipacao;1;Fica extremamente angustiado quando precisa se separar dos cuidadores;;
j26-058;Protocolo Dr. Jadson — Ansiedade de Separação (J26-058);18–144 meses;Medo de separacao e antecipacao;2;Antecipa com muita ansiedade eventos de separacao nos dias anteriores;;
j26-058;Protocolo Dr. Jadson — Ansiedade de Separação (J26-058);18–144 meses;Medo de separacao e antecipacao;3;Tem pesadelos sobre perder ou ser separado dos cuidadores;;
j26-058;Protocolo Dr. Jadson — Ansiedade de Separação (J26-058);18–144 meses;Medo de separacao e antecipacao;4;Recusa ir a escola ou outros lugares sem o cuidador principal;;
j26-058;Protocolo Dr. Jadson — Ansiedade de Separação (J26-058);18–144 meses;Medo de separacao e antecipacao;5;Segue o cuidador por toda a casa sem conseguir ficar sozinho por minutos;;
j26-058;Protocolo Dr. Jadson — Ansiedade de Separação (J26-058);18–144 meses;Medo de separacao e antecipacao;6;Tem medo intenso de que algo ruim aconteca com os pais quando separado;;
j26-058;Protocolo Dr. Jadson — Ansiedade de Separação (J26-058);18–144 meses;Medo de separacao e antecipacao;7;Chora de forma prolongada apos separacao mesmo que breve;;
j26-058;Protocolo Dr. Jadson — Ansiedade de Separação (J26-058);18–144 meses;Medo de separacao e antecipacao;8;Fica em hipervigilancia esperando o retorno do cuidador;;
j26-058;Protocolo Dr. Jadson — Ansiedade de Separação (J26-058);18–144 meses;Comportamentos de evitacao e somatizacao;1;Recusa dormir sozinho por medo e nao por preferencia;;
j26-058;Protocolo Dr. Jadson — Ansiedade de Separação (J26-058);18–144 meses;Comportamentos de evitacao e somatizacao;2;Tem queixas fisicas (dor de barriga, cabeca) especificamente antes de separacao;;
j26-058;Protocolo Dr. Jadson — Ansiedade de Separação (J26-058);18–144 meses;Comportamentos de evitacao e somatizacao;3;Liga ou manda mensagem repetidamente para os pais quando separado;;
j26-058;Protocolo Dr. Jadson — Ansiedade de Separação (J26-058);18–144 meses;Comportamentos de evitacao e somatizacao;4;Recusa participar de atividades tipicas da idade por nao querer se separar;;
j26-058;Protocolo Dr. Jadson — Ansiedade de Separação (J26-058);18–144 meses;Comportamentos de evitacao e somatizacao;5;Nao consegue dormir em casa de avos ou parentes por ansiedade de separacao;;
j26-058;Protocolo Dr. Jadson — Ansiedade de Separação (J26-058);18–144 meses;Comportamentos de evitacao e somatizacao;6;Fica agarrado ao cuidador em ambientes novos mesmo que nao tenha medo do ambiente;;
j26-058;Protocolo Dr. Jadson — Ansiedade de Separação (J26-058);18–144 meses;Comportamentos de evitacao e somatizacao;7;A ansiedade de separacao esta interferindo na funcionalidade escolar e social;;
j26-058;Protocolo Dr. Jadson — Ansiedade de Separação (J26-058);18–144 meses;Comportamentos de evitacao e somatizacao;8;Os pais modificaram rotinas para evitar as crises de separacao;;
j26-059;Protocolo Dr. Jadson — Fobia Social Infantil (J26-059);60–216 meses;Medo de avaliacao e exposicao social;1;Tem medo intenso de ser julgado ou criticado pelos outros em situacoes sociais;;
j26-059;Protocolo Dr. Jadson — Fobia Social Infantil (J26-059);60–216 meses;Medo de avaliacao e exposicao social;2;Fica ansioso ou em panico antes de apresentacoes ou falas em publico;;
j26-059;Protocolo Dr. Jadson — Fobia Social Infantil (J26-059);60–216 meses;Medo de avaliacao e exposicao social;3;Tem medo de agir de forma embaracosa em situacoes sociais;;
j26-059;Protocolo Dr. Jadson — Fobia Social Infantil (J26-059);60–216 meses;Medo de avaliacao e exposicao social;4;Fica muito corado, tremulo ou com voz falhando em situacoes sociais;;
j26-059;Protocolo Dr. Jadson — Fobia Social Infantil (J26-059);60–216 meses;Medo de avaliacao e exposicao social;5;Tem medo de comer ou beber na frente de outras pessoas fora da familia;;
j26-059;Protocolo Dr. Jadson — Fobia Social Infantil (J26-059);60–216 meses;Medo de avaliacao e exposicao social;6;Fica ansioso ao entrar em ambientes cheios de pessoas desconhecidas;;
j26-059;Protocolo Dr. Jadson — Fobia Social Infantil (J26-059);60–216 meses;Medo de avaliacao e exposicao social;7;Tem medo de usar banheiro publico por vergonha ou ansiedade;;
j26-059;Protocolo Dr. Jadson — Fobia Social Infantil (J26-059);60–216 meses;Medo de avaliacao e exposicao social;8;Fica ansioso ao telefone ou videochamada com pessoas que nao conhece bem;;
j26-059;Protocolo Dr. Jadson — Fobia Social Infantil (J26-059);60–216 meses;Medo de avaliacao e exposicao social;9;Tem medo de dizer algo errado em situacoes sociais e que todos percebam;;
j26-059;Protocolo Dr. Jadson — Fobia Social Infantil (J26-059);60–216 meses;Evitacao e impacto funcional;1;Evita festas, eventos ou reunioes por ansiedade social;;
j26-059;Protocolo Dr. Jadson — Fobia Social Infantil (J26-059);60–216 meses;Evitacao e impacto funcional;2;Recusa participar de atividades escolares que envolvam exposicao (teatro, debate);;
j26-059;Protocolo Dr. Jadson — Fobia Social Infantil (J26-059);60–216 meses;Evitacao e impacto funcional;3;Nao levanta a mao em sala mesmo conhecendo a resposta por medo de errar na frente de todos;;
j26-059;Protocolo Dr. Jadson — Fobia Social Infantil (J26-059);60–216 meses;Evitacao e impacto funcional;4;Evita fazer amigos novos por medo da interacao inicial;;
j26-059;Protocolo Dr. Jadson — Fobia Social Infantil (J26-059);60–216 meses;Evitacao e impacto funcional;5;Fica em silencio em grupos mesmo quando tem algo a dizer;;
j26-059;Protocolo Dr. Jadson — Fobia Social Infantil (J26-059);60–216 meses;Evitacao e impacto funcional;6;Prefere ficar sozinho a enfrentar situacoes sociais;;
j26-059;Protocolo Dr. Jadson — Fobia Social Infantil (J26-059);60–216 meses;Evitacao e impacto funcional;7;A ansiedade social esta interferindo no desempenho escolar;;
j26-059;Protocolo Dr. Jadson — Fobia Social Infantil (J26-059);60–216 meses;Evitacao e impacto funcional;8;Ja faltou a eventos importantes por nao conseguir lidar com a ansiedade social;;
j26-059;Protocolo Dr. Jadson — Fobia Social Infantil (J26-059);60–216 meses;Evitacao e impacto funcional;9;A ansiedade social esta piorando com o tempo ao inves de melhorar;;
j26-060;Protocolo Dr. Jadson — Mutismo Seletivo Expandido (J26-060);36–120 meses;Padroes de fala e silencio;1;Fala normalmente em casa com a familia proxima;;
j26-060;Protocolo Dr. Jadson — Mutismo Seletivo Expandido (J26-060);36–120 meses;Padroes de fala e silencio;2;Nao fala ou fala muito pouco na escola;;
j26-060;Protocolo Dr. Jadson — Mutismo Seletivo Expandido (J26-060);36–120 meses;Padroes de fala e silencio;3;Nao fala com adultos fora da familia imediata;;
j26-060;Protocolo Dr. Jadson — Mutismo Seletivo Expandido (J26-060);36–120 meses;Padroes de fala e silencio;4;Nao fala com criancas fora do circulo familiar mais intimo;;
j26-060;Protocolo Dr. Jadson — Mutismo Seletivo Expandido (J26-060);36–120 meses;Padroes de fala e silencio;5;Quando nao fala, usa gestos, sorrisos ou expressoes para comunicar;;
j26-060;Protocolo Dr. Jadson — Mutismo Seletivo Expandido (J26-060);36–120 meses;Padroes de fala e silencio;6;O silencio ocorre mesmo quando claramente quer falar ou responder;;
j26-060;Protocolo Dr. Jadson — Mutismo Seletivo Expandido (J26-060);36–120 meses;Padroes de fala e silencio;7;Sussurra ou fala muito baixo em contextos onde ha dificuldade de falar;;
j26-060;Protocolo Dr. Jadson — Mutismo Seletivo Expandido (J26-060);36–120 meses;Contextos e gatilhos;1;A dificuldade de falar e especificamente em contextos sociais e nao em casa;;
j26-060;Protocolo Dr. Jadson — Mutismo Seletivo Expandido (J26-060);36–120 meses;Contextos e gatilhos;2;A ansiedade aparece visivelmente quando e chamado a falar em contexto gatilho;;
j26-060;Protocolo Dr. Jadson — Mutismo Seletivo Expandido (J26-060);36–120 meses;Contextos e gatilhos;3;Ja conseguiu falar em situacoes especificas fora de casa em algum momento;;
j26-060;Protocolo Dr. Jadson — Mutismo Seletivo Expandido (J26-060);36–120 meses;Contextos e gatilhos;4;A dificuldade de falar piora em grupos maiores ou com mais pessoas desconhecidas;;
j26-060;Protocolo Dr. Jadson — Mutismo Seletivo Expandido (J26-060);36–120 meses;Contextos e gatilhos;5;Fica paralisado (face congelada, tensao corporal) quando alguem tenta fazer ele falar;;
j26-060;Protocolo Dr. Jadson — Mutismo Seletivo Expandido (J26-060);36–120 meses;Contextos e gatilhos;6;O silencio persiste mesmo quando a situacao e familiar e repetida varias vezes;;
j26-060;Protocolo Dr. Jadson — Mutismo Seletivo Expandido (J26-060);36–120 meses;Contextos e gatilhos;7;A dificuldade de falar dura ha mais de um mes no contexto atual;;
j26-060;Protocolo Dr. Jadson — Mutismo Seletivo Expandido (J26-060);36–120 meses;Impacto funcional e escolar;1;O mutismo esta prejudicando o aprendizado na escola;;
j26-060;Protocolo Dr. Jadson — Mutismo Seletivo Expandido (J26-060);36–120 meses;Impacto funcional e escolar;2;O professor nao consegue avaliar o conhecimento por causa do silencio;;
j26-060;Protocolo Dr. Jadson — Mutismo Seletivo Expandido (J26-060);36–120 meses;Impacto funcional e escolar;3;Nao consegue pedir ajuda na escola quando precisa;;
j26-060;Protocolo Dr. Jadson — Mutismo Seletivo Expandido (J26-060);36–120 meses;Impacto funcional e escolar;4;Nao faz amigos na escola por nao conseguir falar com colegas;;
j26-060;Protocolo Dr. Jadson — Mutismo Seletivo Expandido (J26-060);36–120 meses;Impacto funcional e escolar;5;O mutismo esta causando angustia visivel na crianca;;
j26-060;Protocolo Dr. Jadson — Mutismo Seletivo Expandido (J26-060);36–120 meses;Impacto funcional e escolar;6;A familia modificou rotinas ou ambientes para reduzir o estresse da crianca;;
j26-061;Protocolo Dr. Jadson — Ansiedade Escolar e Recusa (J26-061);60–192 meses;Queixas e antecipacao antes da escola;1;Tem dor de barriga, cabeca ou nausea nas manhas de escola que desaparecem no fim de semana;;
j26-061;Protocolo Dr. Jadson — Ansiedade Escolar e Recusa (J26-061);60–192 meses;Queixas e antecipacao antes da escola;2;Fica ansioso desde a noite anterior a dia de escola;;
j26-061;Protocolo Dr. Jadson — Ansiedade Escolar e Recusa (J26-061);60–192 meses;Queixas e antecipacao antes da escola;3;Chora ou tem crise antes de ir para a escola de forma recorrente;;
j26-061;Protocolo Dr. Jadson — Ansiedade Escolar e Recusa (J26-061);60–192 meses;Queixas e antecipacao antes da escola;4;Faz pedidos repetidos para ficar em casa ou para os pais ficarem com ele;;
j26-061;Protocolo Dr. Jadson — Ansiedade Escolar e Recusa (J26-061);60–192 meses;Queixas e antecipacao antes da escola;5;A ansiedade e especificamente relacionada a escola e nao a outras situacoes;;
j26-061;Protocolo Dr. Jadson — Ansiedade Escolar e Recusa (J26-061);60–192 meses;Queixas e antecipacao antes da escola;6;Diz que tem medo de algo especifico na escola (bully, professor, prova);;
j26-061;Protocolo Dr. Jadson — Ansiedade Escolar e Recusa (J26-061);60–192 meses;Comportamento de recusa;1;Recusa fisicamente sair de casa para ir a escola;;
j26-061;Protocolo Dr. Jadson — Ansiedade Escolar e Recusa (J26-061);60–192 meses;Comportamento de recusa;2;Foge da sala de aula ou chora pra ir embora depois de chegar;;
j26-061;Protocolo Dr. Jadson — Ansiedade Escolar e Recusa (J26-061);60–192 meses;Comportamento de recusa;3;Chega a escola mas nao consegue entrar na sala ou no predio;;
j26-061;Protocolo Dr. Jadson — Ansiedade Escolar e Recusa (J26-061);60–192 meses;Comportamento de recusa;4;Precisa que o cuidador fique na escola para conseguir permanecer;;
j26-061;Protocolo Dr. Jadson — Ansiedade Escolar e Recusa (J26-061);60–192 meses;Comportamento de recusa;5;Volta para casa cedo com frequencia por queixas fisicas;;
j26-061;Protocolo Dr. Jadson — Ansiedade Escolar e Recusa (J26-061);60–192 meses;Comportamento de recusa;6;Ja ficou em casa por varios dias seguidos por recusa escolar;;
j26-061;Protocolo Dr. Jadson — Ansiedade Escolar e Recusa (J26-061);60–192 meses;Impacto escolar e familiar;1;O absenteismo escolar esta prejudicando o aprendizado;;
j26-061;Protocolo Dr. Jadson — Ansiedade Escolar e Recusa (J26-061);60–192 meses;Impacto escolar e familiar;2;Os pais estao em conflito sobre como lidar com a recusa escolar;;
j26-061;Protocolo Dr. Jadson — Ansiedade Escolar e Recusa (J26-061);60–192 meses;Impacto escolar e familiar;3;A recusa escolar esta afetando o funcionamento da familia de forma significativa;;
j26-061;Protocolo Dr. Jadson — Ansiedade Escolar e Recusa (J26-061);60–192 meses;Impacto escolar e familiar;4;A crianca perdeu vinculos com colegas por ficar muito tempo fora da escola;;
j26-061;Protocolo Dr. Jadson — Ansiedade Escolar e Recusa (J26-061);60–192 meses;Impacto escolar e familiar;5;A escola ja entrou em contato com a familia sobre o absenteismo;;
j26-061;Protocolo Dr. Jadson — Ansiedade Escolar e Recusa (J26-061);60–192 meses;Impacto escolar e familiar;6;A crianca nao esta recebendo o suporte adequado na escola para a ansiedade;;
j26-062;Protocolo Dr. Jadson — Ansiedade de Desempenho (J26-062);72–216 meses;Medo de errar e frustrar;1;Fico muito ansioso antes de provas ou avaliacoes mesmo tendo estudado;;
j26-062;Protocolo Dr. Jadson — Ansiedade de Desempenho (J26-062);72–216 meses;Medo de errar e frustrar;2;Tenho medo de decepcionar os pais ou professores se tirar nota ruim;;
j26-062;Protocolo Dr. Jadson — Ansiedade de Desempenho (J26-062);72–216 meses;Medo de errar e frustrar;3;Fico em panico durante a prova e nao consigo lembrar o que sabia;;
j26-062;Protocolo Dr. Jadson — Ansiedade de Desempenho (J26-062);72–216 meses;Medo de errar e frustrar;4;Tenho medo intenso de cometer erros em qualquer atividade avaliada;;
j26-062;Protocolo Dr. Jadson — Ansiedade de Desempenho (J26-062);72–216 meses;Medo de errar e frustrar;5;Me sinto muito pior do que os outros quando errei algo em publico;;
j26-062;Protocolo Dr. Jadson — Ansiedade de Desempenho (J26-062);72–216 meses;Medo de errar e frustrar;6;Fico ruminando sobre erros passados por muito tempo;;
j26-062;Protocolo Dr. Jadson — Ansiedade de Desempenho (J26-062);72–216 meses;Medo de errar e frustrar;7;Choro ou fico muito perturbado quando o resultado nao foi o esperado;;
j26-062;Protocolo Dr. Jadson — Ansiedade de Desempenho (J26-062);72–216 meses;Comportamentos de antecipacao e evitacao;1;Evito participar de competicoes ou desafios por medo de perder;;
j26-062;Protocolo Dr. Jadson — Ansiedade de Desempenho (J26-062);72–216 meses;Comportamentos de antecipacao e evitacao;2;Nao tento coisas novas por medo de nao ser bom o suficiente;;
j26-062;Protocolo Dr. Jadson — Ansiedade de Desempenho (J26-062);72–216 meses;Comportamentos de antecipacao e evitacao;3;Peco pra trocar de atividade ou desisto antes de comecar por medo;;
j26-062;Protocolo Dr. Jadson — Ansiedade de Desempenho (J26-062);72–216 meses;Comportamentos de antecipacao e evitacao;4;Estudo ou me preparo de forma excessiva e desproporcional por ansiedade;;
j26-062;Protocolo Dr. Jadson — Ansiedade de Desempenho (J26-062);72–216 meses;Comportamentos de antecipacao e evitacao;5;Fico acordado na noite antes de uma prova ou apresentacao por ansiedade;;
j26-062;Protocolo Dr. Jadson — Ansiedade de Desempenho (J26-062);72–216 meses;Comportamentos de antecipacao e evitacao;6;Ja vomitei ou tive mal estar fisico antes de prova ou apresentacao importante;;
j26-062;Protocolo Dr. Jadson — Ansiedade de Desempenho (J26-062);72–216 meses;Comportamentos de antecipacao e evitacao;7;Prefiro nao tentar a arriscar fazer feio na frente dos outros;;
j26-063;Protocolo Dr. Jadson — Fobias Específicas Checklist (J26-063);36–216 meses;Fobias ambientais e animais;1;Cachorro ou outros animais domesticos;;
j26-063;Protocolo Dr. Jadson — Fobias Específicas Checklist (J26-063);36–216 meses;Fobias ambientais e animais;2;Insetos (baratas, aranhas, vespas);;
j26-063;Protocolo Dr. Jadson — Fobias Específicas Checklist (J26-063);36–216 meses;Fobias ambientais e animais;3;Trovao, raio ou tempestade;;
j26-063;Protocolo Dr. Jadson — Fobias Específicas Checklist (J26-063);36–216 meses;Fobias ambientais e animais;4;Agua profunda ou mar;;
j26-063;Protocolo Dr. Jadson — Fobias Específicas Checklist (J26-063);36–216 meses;Fobias ambientais e animais;5;Altura ou lugares altos;;
j26-063;Protocolo Dr. Jadson — Fobias Específicas Checklist (J26-063);36–216 meses;Fobias ambientais e animais;6;Escuridao ou ambientes sem luz;;
j26-063;Protocolo Dr. Jadson — Fobias Específicas Checklist (J26-063);36–216 meses;Fobias ambientais e animais;7;Sangue ou ferimentos visiveis;;
j26-063;Protocolo Dr. Jadson — Fobias Específicas Checklist (J26-063);36–216 meses;Fobias ambientais e animais;8;Agulha ou injecao;;
j26-063;Protocolo Dr. Jadson — Fobias Específicas Checklist (J26-063);36–216 meses;Fobias ambientais e animais;9;Fogo ou incendio;;
j26-063;Protocolo Dr. Jadson — Fobias Específicas Checklist (J26-063);36–216 meses;Fobias ambientais e animais;10;Animais peconhentos (cobra, escorpiao);;
j26-063;Protocolo Dr. Jadson — Fobias Específicas Checklist (J26-063);36–216 meses;Fobias situacionais e medicas;1;Procedimentos medicos ou odontologicos;;
j26-063;Protocolo Dr. Jadson — Fobias Específicas Checklist (J26-063);36–216 meses;Fobias situacionais e medicas;2;Vomito (emetofobia);;
j26-063;Protocolo Dr. Jadson — Fobias Específicas Checklist (J26-063);36–216 meses;Fobias situacionais e medicas;3;Engasgar ou sufocar com comida;;
j26-063;Protocolo Dr. Jadson — Fobias Específicas Checklist (J26-063);36–216 meses;Fobias situacionais e medicas;4;Palhacos ou fantasias de personagens;;
j26-063;Protocolo Dr. Jadson — Fobias Específicas Checklist (J26-063);36–216 meses;Fobias situacionais e medicas;5;Elevador ou ambientes fechados pequenos (claustrofobia);;
j26-063;Protocolo Dr. Jadson — Fobias Específicas Checklist (J26-063);36–216 meses;Fobias situacionais e medicas;6;Multidoes ou ambientes muito cheios;;
j26-063;Protocolo Dr. Jadson — Fobias Específicas Checklist (J26-063);36–216 meses;Fobias situacionais e medicas;7;Contaminacao ou germes (nojo intenso);;
j26-063;Protocolo Dr. Jadson — Fobias Específicas Checklist (J26-063);36–216 meses;Fobias situacionais e medicas;8;Morte ou doenca propria ou de familiar;;
j26-063;Protocolo Dr. Jadson — Fobias Específicas Checklist (J26-063);36–216 meses;Fobias situacionais e medicas;9;Acidentes ou catastrofes (aviao caindo, carro batendo);;
j26-063;Protocolo Dr. Jadson — Fobias Específicas Checklist (J26-063);36–216 meses;Fobias situacionais e medicas;10;Sons ou barulhos altos especificos (fogos, liquidificador, sirene);;
j26-064;Protocolo Dr. Jadson — Ansiedade à Saúde Criança (J26-064);72–216 meses;Preocupacao excessiva com doenca;1;Fica muito preocupado que qualquer sintoma fisico pode ser algo grave;;
j26-064;Protocolo Dr. Jadson — Ansiedade à Saúde Criança (J26-064);72–216 meses;Preocupacao excessiva com doenca;2;Pensa que vai ter uma doenca grave mesmo sem causa aparente;;
j26-064;Protocolo Dr. Jadson — Ansiedade à Saúde Criança (J26-064);72–216 meses;Preocupacao excessiva com doenca;3;Qualquer dor de cabeca e interpretada como tumor ou coisa grave;;
j26-064;Protocolo Dr. Jadson — Ansiedade à Saúde Criança (J26-064);72–216 meses;Preocupacao excessiva com doenca;4;Fica em hipervigilancia monitorando o proprio corpo em busca de sintomas;;
j26-064;Protocolo Dr. Jadson — Ansiedade à Saúde Criança (J26-064);72–216 meses;Preocupacao excessiva com doenca;5;Pesquisa sintomas em internet e fica mais ansioso com o que encontra;;
j26-064;Protocolo Dr. Jadson — Ansiedade à Saúde Criança (J26-064);72–216 meses;Preocupacao excessiva com doenca;6;Tem medo intenso de morrer ou de que alguem da familia va morrer de doenca;;
j26-064;Protocolo Dr. Jadson — Ansiedade à Saúde Criança (J26-064);72–216 meses;Preocupacao excessiva com doenca;7;A preocupacao com saude esta presente na maioria dos dias da semana;;
j26-064;Protocolo Dr. Jadson — Ansiedade à Saúde Criança (J26-064);72–216 meses;Comportamentos de reasseguramento;1;Pede reasseguramento aos pais ou medicos de forma repetida sobre a saude;;
j26-064;Protocolo Dr. Jadson — Ansiedade à Saúde Criança (J26-064);72–216 meses;Comportamentos de reasseguramento;2;Mesmo com reasseguramento a ansiedade sobre saude retorna rapidamente;;
j26-064;Protocolo Dr. Jadson — Ansiedade à Saúde Criança (J26-064);72–216 meses;Comportamentos de reasseguramento;3;Vai ao medico com muito mais frequencia do que seria necessario por preocupacao;;
j26-064;Protocolo Dr. Jadson — Ansiedade à Saúde Criança (J26-064);72–216 meses;Comportamentos de reasseguramento;4;Fica aliviado so brevemente apos o medico dizer que esta bem;;
j26-064;Protocolo Dr. Jadson — Ansiedade à Saúde Criança (J26-064);72–216 meses;Comportamentos de reasseguramento;5;Evita atividades fisicas por medo de desencadear algo ruim no corpo;;
j26-064;Protocolo Dr. Jadson — Ansiedade à Saúde Criança (J26-064);72–216 meses;Comportamentos de reasseguramento;6;Observa o proprio corpo (palpita, pressao, temperatura) de forma excessiva;;
j26-064;Protocolo Dr. Jadson — Ansiedade à Saúde Criança (J26-064);72–216 meses;Comportamentos de reasseguramento;7;Os familiares estao cansados de tranquilizar a crianca sobre a saude;;
j26-065;Protocolo Dr. Jadson — Medos Noturnos e Pesadelos (J26-065);24–120 meses;Medos noturnos e recusa de dormir;1;Recusa dormir sozinho por medo intenso e nao por preferencia;;
j26-065;Protocolo Dr. Jadson — Medos Noturnos e Pesadelos (J26-065);24–120 meses;Medos noturnos e recusa de dormir;2;Tem medo do escuro mesmo com presenca de luz noturna adequada;;
j26-065;Protocolo Dr. Jadson — Medos Noturnos e Pesadelos (J26-065);24–120 meses;Medos noturnos e recusa de dormir;3;Fica procrastinando ir dormir por ansiedade noturna;;
j26-065;Protocolo Dr. Jadson — Medos Noturnos e Pesadelos (J26-065);24–120 meses;Medos noturnos e recusa de dormir;4;Insiste que ha algo perigoso no quarto (monstro, sombra, barulho) antes de dormir;;
j26-065;Protocolo Dr. Jadson — Medos Noturnos e Pesadelos (J26-065);24–120 meses;Medos noturnos e recusa de dormir;5;Precisa que o cuidador fique ao lado ate adormecer de forma recorrente;;
j26-065;Protocolo Dr. Jadson — Medos Noturnos e Pesadelos (J26-065);24–120 meses;Medos noturnos e recusa de dormir;6;Vai para a cama dos pais durante a noite por medo;;
j26-065;Protocolo Dr. Jadson — Medos Noturnos e Pesadelos (J26-065);24–120 meses;Medos noturnos e recusa de dormir;7;Verifica varias vezes se as portas e janelas estao fechadas antes de dormir;;
j26-065;Protocolo Dr. Jadson — Medos Noturnos e Pesadelos (J26-065);24–120 meses;Medos noturnos e recusa de dormir;8;Fica em hipervigilancia no quarto antes de dormir com dificuldade de relaxar;;
j26-065;Protocolo Dr. Jadson — Medos Noturnos e Pesadelos (J26-065);24–120 meses;Pesadelos e terror noturno;1;Tem pesadelos frequentes que acorda e consegue lembrar o conteudo;;
j26-065;Protocolo Dr. Jadson — Medos Noturnos e Pesadelos (J26-065);24–120 meses;Pesadelos e terror noturno;2;Acorda durante a noite em panico por pesadelo;;
j26-065;Protocolo Dr. Jadson — Medos Noturnos e Pesadelos (J26-065);24–120 meses;Pesadelos e terror noturno;3;Os pesadelos tem tema recorrente (ser perseguido, morrer, perder os pais);;
j26-065;Protocolo Dr. Jadson — Medos Noturnos e Pesadelos (J26-065);24–120 meses;Pesadelos e terror noturno;4;Tem episodios de terror noturno (grito intenso, nao reconhece os pais, sem memoria depois);;
j26-065;Protocolo Dr. Jadson — Medos Noturnos e Pesadelos (J26-065);24–120 meses;Pesadelos e terror noturno;5;Os episodios de terror noturno assustam muito os cuidadores;;
j26-065;Protocolo Dr. Jadson — Medos Noturnos e Pesadelos (J26-065);24–120 meses;Pesadelos e terror noturno;6;Tem dificuldade de voltar a dormir apos pesadelo por medo que se repita;;
j26-065;Protocolo Dr. Jadson — Medos Noturnos e Pesadelos (J26-065);24–120 meses;Pesadelos e terror noturno;7;Os medos noturnos estao afetando a qualidade de sono de toda a familia;;
j26-065;Protocolo Dr. Jadson — Medos Noturnos e Pesadelos (J26-065);24–120 meses;Pesadelos e terror noturno;8;A crianca demonstra medo de dormir durante o dia por saber que vai ter pesadelo;;
j26-066;Protocolo Dr. Jadson — Ansiedade Generalizada Criança (J26-066);60–216 meses;Preocupacao cognitiva;1;Se preocupa com escola mesmo quando vai bem nas provas;;
j26-066;Protocolo Dr. Jadson — Ansiedade Generalizada Criança (J26-066);60–216 meses;Preocupacao cognitiva;2;Fica ruminando sobre coisas ruins que podem acontecer;;
j26-066;Protocolo Dr. Jadson — Ansiedade Generalizada Criança (J26-066);60–216 meses;Preocupacao cognitiva;3;Pergunta repetidamente se vai acontecer algo ruim;;
j26-066;Protocolo Dr. Jadson — Ansiedade Generalizada Criança (J26-066);60–216 meses;Preocupacao cognitiva;4;Tem dificuldade de parar de pensar em problemas;;
j26-066;Protocolo Dr. Jadson — Ansiedade Generalizada Criança (J26-066);60–216 meses;Preocupacao cognitiva;5;Preocupa-se com a seguranca dos familiares sem motivo claro;;
j26-066;Protocolo Dr. Jadson — Ansiedade Generalizada Criança (J26-066);60–216 meses;Efeitos fisicos da ansiedade;1;Queixa-se de dor de barriga antes de eventos importantes;;
j26-066;Protocolo Dr. Jadson — Ansiedade Generalizada Criança (J26-066);60–216 meses;Efeitos fisicos da ansiedade;2;Apresenta dor de cabeca em situacoes de estresse;;
j26-066;Protocolo Dr. Jadson — Ansiedade Generalizada Criança (J26-066);60–216 meses;Efeitos fisicos da ansiedade;3;Tem dificuldade para dormir por causa das preocupacoes;;
j26-066;Protocolo Dr. Jadson — Ansiedade Generalizada Criança (J26-066);60–216 meses;Efeitos fisicos da ansiedade;4;Sente tensao muscular ou fica enrijecido quando ansioso;;
j26-066;Protocolo Dr. Jadson — Ansiedade Generalizada Criança (J26-066);60–216 meses;Efeitos fisicos da ansiedade;5;Apresenta suor excessivo ou tremia em situacoes de ansiedade;;
j26-066;Protocolo Dr. Jadson — Ansiedade Generalizada Criança (J26-066);60–216 meses;Impacto comportamental;1;Evita situacoes novas por medo de nao conseguir lidar;;
j26-066;Protocolo Dr. Jadson — Ansiedade Generalizada Criança (J26-066);60–216 meses;Impacto comportamental;2;Precisa de muita reassurance dos adultos para se tranquilizar;;
j26-066;Protocolo Dr. Jadson — Ansiedade Generalizada Criança (J26-066);60–216 meses;Impacto comportamental;3;Tem dificuldade de se concentrar quando esta preocupado;;
j26-066;Protocolo Dr. Jadson — Ansiedade Generalizada Criança (J26-066);60–216 meses;Impacto comportamental;4;Fica irritado ou agitado quando a rotina muda inesperadamente;;
j26-067;Protocolo Dr. Jadson — Ansiedade Somática Funcional (J26-067);60–216 meses;Queixas gastrointestinais;1;Dor de barriga antes de ir para a escola;;
j26-067;Protocolo Dr. Jadson — Ansiedade Somática Funcional (J26-067);60–216 meses;Queixas gastrointestinais;2;Nausea em situacoes de estresse social;;
j26-067;Protocolo Dr. Jadson — Ansiedade Somática Funcional (J26-067);60–216 meses;Queixas gastrointestinais;3;Diarreia ou alteracao intestinal associada a eventos ansiogenos;;
j26-067;Protocolo Dr. Jadson — Ansiedade Somática Funcional (J26-067);60–216 meses;Queixas gastrointestinais;4;Recusa alimentar por queixa de estomago cheio ou doendo;;
j26-067;Protocolo Dr. Jadson — Ansiedade Somática Funcional (J26-067);60–216 meses;Queixas cefalicas e musculoesqueleticas;1;Dor de cabeca frequente sem causa neurologica;;
j26-067;Protocolo Dr. Jadson — Ansiedade Somática Funcional (J26-067);60–216 meses;Queixas cefalicas e musculoesqueleticas;2;Dores nas pernas ou nos bracos sem lesao identificada;;
j26-067;Protocolo Dr. Jadson — Ansiedade Somática Funcional (J26-067);60–216 meses;Queixas cefalicas e musculoesqueleticas;3;Rigidez no pescoco ou ombros ao acordar;;
j26-067;Protocolo Dr. Jadson — Ansiedade Somática Funcional (J26-067);60–216 meses;Queixas cefalicas e musculoesqueleticas;4;Tontura em momentos de ansiedade;;
j26-067;Protocolo Dr. Jadson — Ansiedade Somática Funcional (J26-067);60–216 meses;Queixas cardiorrespiratorias;1;Falta de ar em repouso ou em situacoes sociais;;
j26-067;Protocolo Dr. Jadson — Ansiedade Somática Funcional (J26-067);60–216 meses;Queixas cardiorrespiratorias;2;Palpitacoes relatadas sem causa cardiaca;;
j26-067;Protocolo Dr. Jadson — Ansiedade Somática Funcional (J26-067);60–216 meses;Queixas cardiorrespiratorias;3;Sensacao de aperto no peito sem doenca respiratoria;;
j26-067;Protocolo Dr. Jadson — Ansiedade Somática Funcional (J26-067);60–216 meses;Queixas cardiorrespiratorias;4;Chiado ou tosse persistente piora com estresse;;
j26-067;Protocolo Dr. Jadson — Ansiedade Somática Funcional (J26-067);60–216 meses;Queixas sensoriais e autonômicas;1;Formigamento ou dormencia nas maos/pes sem causa neurologica;;
j26-067;Protocolo Dr. Jadson — Ansiedade Somática Funcional (J26-067);60–216 meses;Queixas sensoriais e autonômicas;2;Suor excessivo sem relacao com temperatura ou exercicio;;
j26-067;Protocolo Dr. Jadson — Ansiedade Somática Funcional (J26-067);60–216 meses;Queixas sensoriais e autonômicas;3;Boca seca frequente sem causa medicamentosa;;
j26-067;Protocolo Dr. Jadson — Ansiedade Somática Funcional (J26-067);60–216 meses;Queixas sensoriais e autonômicas;4;Ruborização facial recorrente em situacoes sociais;;
j26-068;Protocolo Dr. Jadson — TAG Adolescente (J26-068);132–216 meses;Preocupacao e ruminacao;1;Fico preocupado com muitas coisas ao mesmo tempo;;
j26-068;Protocolo Dr. Jadson — TAG Adolescente (J26-068);132–216 meses;Preocupacao e ruminacao;2;Tenho pensamentos repetitivos sobre problemas que podem acontecer;;
j26-068;Protocolo Dr. Jadson — TAG Adolescente (J26-068);132–216 meses;Preocupacao e ruminacao;3;Me preocupo com o futuro mesmo sem ter motivo concreto;;
j26-068;Protocolo Dr. Jadson — TAG Adolescente (J26-068);132–216 meses;Preocupacao e ruminacao;4;Tenho dificuldade de desligar os pensamentos preocupantes;;
j26-068;Protocolo Dr. Jadson — TAG Adolescente (J26-068);132–216 meses;Preocupacao e ruminacao;5;Me preocupo com o que os outros pensam de mim;;
j26-068;Protocolo Dr. Jadson — TAG Adolescente (J26-068);132–216 meses;Sintomas fisicos;1;Sinto tensao muscular ou dores no corpo sem motivo fisico claro;;
j26-068;Protocolo Dr. Jadson — TAG Adolescente (J26-068);132–216 meses;Sintomas fisicos;2;Tenho dificuldade para dormir por causa das preocupacoes;;
j26-068;Protocolo Dr. Jadson — TAG Adolescente (J26-068);132–216 meses;Sintomas fisicos;3;Fico cansado facilmente sem ter feito esforco fisico;;
j26-068;Protocolo Dr. Jadson — TAG Adolescente (J26-068);132–216 meses;Sintomas fisicos;4;Sinto o coracao acelerar em situacoes de estresse;;
j26-068;Protocolo Dr. Jadson — TAG Adolescente (J26-068);132–216 meses;Sintomas fisicos;5;Tenho dor de cabeca frequente relacionada ao estresse;;
j26-068;Protocolo Dr. Jadson — TAG Adolescente (J26-068);132–216 meses;Impacto no funcionamento;1;As preocupacoes atrapalham meu desempenho na escola;;
j26-068;Protocolo Dr. Jadson — TAG Adolescente (J26-068);132–216 meses;Impacto no funcionamento;2;Evito situacoes novas por medo de nao conseguir lidar;;
j26-068;Protocolo Dr. Jadson — TAG Adolescente (J26-068);132–216 meses;Impacto no funcionamento;3;Tenho dificuldade de me concentrar porque minha mente esta acelerada;;
j26-068;Protocolo Dr. Jadson — TAG Adolescente (J26-068);132–216 meses;Impacto no funcionamento;4;Fico irritado ou impaciente por causa da ansiedade;;
j26-068;Protocolo Dr. Jadson — TAG Adolescente (J26-068);132–216 meses;Impacto no funcionamento;5;Preciso que alguem me tranquilize com frequencia;;
j26-068;Protocolo Dr. Jadson — TAG Adolescente (J26-068);132–216 meses;Impacto no funcionamento;6;As preocupacoes me impedem de aproveitar momentos de lazer;;
j26-069;Protocolo Dr. Jadson — Pânico Adolescente (J26-069);120–216 meses;Sintomas autonomicos agudos;1;Episodios subitos de coracao acelerado ou palpitacoes intensas;;
j26-069;Protocolo Dr. Jadson — Pânico Adolescente (J26-069);120–216 meses;Sintomas autonomicos agudos;2;Sensacao de falta de ar sem esforco fisico;;
j26-069;Protocolo Dr. Jadson — Pânico Adolescente (J26-069);120–216 meses;Sintomas autonomicos agudos;3;Suor frio repentino e sem relacao com temperatura;;
j26-069;Protocolo Dr. Jadson — Pânico Adolescente (J26-069);120–216 meses;Sintomas autonomicos agudos;4;Tremores ou sensacao de fraqueza nas pernas de repente;;
j26-069;Protocolo Dr. Jadson — Pânico Adolescente (J26-069);120–216 meses;Sintomas autonomicos agudos;5;Tontura ou sensacao de desmaio durante episodios de ansiedade;;
j26-069;Protocolo Dr. Jadson — Pânico Adolescente (J26-069);120–216 meses;Sintomas cognitivos do panico;1;Sensacao de que vai morrer ou de que algo muito grave esta acontecendo;;
j26-069;Protocolo Dr. Jadson — Pânico Adolescente (J26-069);120–216 meses;Sintomas cognitivos do panico;2;Medo de perder o controle durante os episodios;;
j26-069;Protocolo Dr. Jadson — Pânico Adolescente (J26-069);120–216 meses;Sintomas cognitivos do panico;3;Sensacao de irrealidade ou de estar fora do proprio corpo;;
j26-069;Protocolo Dr. Jadson — Pânico Adolescente (J26-069);120–216 meses;Sintomas cognitivos do panico;4;Pensamentos catastroficos sobre os proprios sintomas fisicos;;
j26-069;Protocolo Dr. Jadson — Pânico Adolescente (J26-069);120–216 meses;Medo do medo e esquiva;1;Evita lugares lotados ou fechados com medo de ter um episodio;;
j26-069;Protocolo Dr. Jadson — Pânico Adolescente (J26-069);120–216 meses;Medo do medo e esquiva;2;Recusa sair de casa sem acompanhante por medo de passar mal;;
j26-069;Protocolo Dr. Jadson — Pânico Adolescente (J26-069);120–216 meses;Medo do medo e esquiva;3;Fica monitorando o proprio corpo em busca de sintomas;;
j26-069;Protocolo Dr. Jadson — Pânico Adolescente (J26-069);120–216 meses;Medo do medo e esquiva;4;Evita exercicio fisico por medo de sentir o coracao acelerar;;
j26-069;Protocolo Dr. Jadson — Pânico Adolescente (J26-069);120–216 meses;Medo do medo e esquiva;5;Verifica constantemente se esta bem (pulso, respiracao);;
j26-070;Protocolo Dr. Jadson — Anedonia Infantil (J26-070);72–216 meses;Perda de interesse em atividades;1;Recusa participar de brincadeiras que antes gostava;;
j26-070;Protocolo Dr. Jadson — Anedonia Infantil (J26-070);72–216 meses;Perda de interesse em atividades;2;Abandona jogos ou passatempos sem terminar;;
j26-070;Protocolo Dr. Jadson — Anedonia Infantil (J26-070);72–216 meses;Perda de interesse em atividades;3;Demonstra indiferenca quando oferecida atividade favorita;;
j26-070;Protocolo Dr. Jadson — Anedonia Infantil (J26-070);72–216 meses;Perda de interesse em atividades;4;Nao se anima com passeios ou surpresas prazerosas;;
j26-070;Protocolo Dr. Jadson — Anedonia Infantil (J26-070);72–216 meses;Perda de interesse em atividades;5;Fica entediado mesmo em situacoes que antes eram divertidas;;
j26-070;Protocolo Dr. Jadson — Anedonia Infantil (J26-070);72–216 meses;Reducao do prazer social;1;Isola-se dos colegas mesmo quando convidado a participar;;
j26-070;Protocolo Dr. Jadson — Anedonia Infantil (J26-070);72–216 meses;Reducao do prazer social;2;Nao demonstra alegria ao reencontrar amigos ou familiares queridos;;
j26-070;Protocolo Dr. Jadson — Anedonia Infantil (J26-070);72–216 meses;Reducao do prazer social;3;Recusa convites sociais que antes aceitava com entusiasmo;;
j26-070;Protocolo Dr. Jadson — Anedonia Infantil (J26-070);72–216 meses;Reducao do prazer social;4;Fica quieto e retraido durante festas ou comemorações;;
j26-070;Protocolo Dr. Jadson — Anedonia Infantil (J26-070);72–216 meses;Expressao emocional reduzida;1;Raro sorriso espontaneo durante o dia;;
j26-070;Protocolo Dr. Jadson — Anedonia Infantil (J26-070);72–216 meses;Expressao emocional reduzida;2;Nao demonstra entusiasmo ou animacao em voz e postura;;
j26-070;Protocolo Dr. Jadson — Anedonia Infantil (J26-070);72–216 meses;Expressao emocional reduzida;3;Responde com monotonia a situacoes que antes geravam empolgacao;;
j26-070;Protocolo Dr. Jadson — Anedonia Infantil (J26-070);72–216 meses;Expressao emocional reduzida;4;Aparencia de apatia ou vazio emocional observada por familiares;;
j26-070;Protocolo Dr. Jadson — Anedonia Infantil (J26-070);72–216 meses;Expressao emocional reduzida;5;Chora com facilidade mas sem conseguir descrever o motivo;;
j26-071;Protocolo Dr. Jadson — Ideação Suicida Criança (J26-071);72–144 meses;Pensamentos sobre morte;1;Faz perguntas frequentes sobre o que acontece depois da morte;;
j26-071;Protocolo Dr. Jadson — Ideação Suicida Criança (J26-071);72–144 meses;Pensamentos sobre morte;2;Diz que preferia nao ter nascido ou que nao quer mais existir;;
j26-071;Protocolo Dr. Jadson — Ideação Suicida Criança (J26-071);72–144 meses;Pensamentos sobre morte;3;Demonstra fascinio ou preocupacao excessiva com o tema morte;;
j26-071;Protocolo Dr. Jadson — Ideação Suicida Criança (J26-071);72–144 meses;Pensamentos sobre morte;4;Faz desenhos ou historias recorrentes envolvendo morte;;
j26-071;Protocolo Dr. Jadson — Ideação Suicida Criança (J26-071);72–144 meses;Ideacao passiva;1;Diz que seria melhor se estivesse morto;;
j26-071;Protocolo Dr. Jadson — Ideação Suicida Criança (J26-071);72–144 meses;Ideacao passiva;2;Fala que os outros seriam mais felizes sem ela/ele;;
j26-071;Protocolo Dr. Jadson — Ideação Suicida Criança (J26-071);72–144 meses;Ideacao passiva;3;Expressa desejo de 'dormir e nao acordar';;
j26-071;Protocolo Dr. Jadson — Ideação Suicida Criança (J26-071);72–144 meses;Ideacao passiva;4;Diz que vai embora para sempre sem especificar como;;
j26-071;Protocolo Dr. Jadson — Ideação Suicida Criança (J26-071);72–144 meses;Ideacao ativa e planejamento;1;Menciona formas especificas de se machucar ou morrer;;
j26-071;Protocolo Dr. Jadson — Ideação Suicida Criança (J26-071);72–144 meses;Ideacao ativa e planejamento;2;Ja tentou se machucar intencionalmente alguma vez;;
j26-071;Protocolo Dr. Jadson — Ideação Suicida Criança (J26-071);72–144 meses;Ideacao ativa e planejamento;3;Distribui ou esconde objetos de valor como se fosse se despedir;;
j26-071;Protocolo Dr. Jadson — Ideação Suicida Criança (J26-071);72–144 meses;Ideacao ativa e planejamento;4;Demonstra calma suspeita apos periodo de agitacao intensa;;
j26-072;Protocolo Dr. Jadson — Diário de Humor (J26-072);72–216 meses;Humor e emocoes;1;Como foi meu humor geral hoje;;
j26-072;Protocolo Dr. Jadson — Diário de Humor (J26-072);72–216 meses;Humor e emocoes;2;Me senti ansioso ou preocupado hoje;;
j26-072;Protocolo Dr. Jadson — Diário de Humor (J26-072);72–216 meses;Humor e emocoes;3;Senti alguma alegria ou momento positivo hoje;;
j26-072;Protocolo Dr. Jadson — Diário de Humor (J26-072);72–216 meses;Sono e energia;1;Como foi meu sono ontem a noite;;
j26-072;Protocolo Dr. Jadson — Diário de Humor (J26-072);72–216 meses;Sono e energia;2;Me senti descansado ao acordar;;
j26-072;Protocolo Dr. Jadson — Diário de Humor (J26-072);72–216 meses;Sono e energia;3;Minha energia ao longo do dia foi boa;;
j26-072;Protocolo Dr. Jadson — Diário de Humor (J26-072);72–216 meses;Alimentacao e corpo;1;Me alimentei bem hoje;;
j26-072;Protocolo Dr. Jadson — Diário de Humor (J26-072);72–216 meses;Alimentacao e corpo;2;Senti dores ou desconfortos fisicos hoje;;
j26-072;Protocolo Dr. Jadson — Diário de Humor (J26-072);72–216 meses;Social e atividades;1;Me relacionei bem com outras pessoas hoje;;
j26-072;Protocolo Dr. Jadson — Diário de Humor (J26-072);72–216 meses;Social e atividades;2;Consegui fazer algo que gosto hoje;;
j26-073;Protocolo Dr. Jadson — Bipolar Triagem Criança (J26-073);72–216 meses;Grandiosidade e autoestima inflada;1;Acredita ter poderes ou habilidades especiais que nao tem;;
j26-073;Protocolo Dr. Jadson — Bipolar Triagem Criança (J26-073);72–216 meses;Grandiosidade e autoestima inflada;2;Faz planos irrealistas e grandiosos sem senso de limite;;
j26-073;Protocolo Dr. Jadson — Bipolar Triagem Criança (J26-073);72–216 meses;Grandiosidade e autoestima inflada;3;Age como se fosse superior aos outros sem justificativa;;
j26-073;Protocolo Dr. Jadson — Bipolar Triagem Criança (J26-073);72–216 meses;Grandiosidade e autoestima inflada;4;Gasta dinheiro de forma excessiva sem preocupacao com consequencias;;
j26-073;Protocolo Dr. Jadson — Bipolar Triagem Criança (J26-073);72–216 meses;Reducao da necessidade de sono;1;Dorme muito pouco (menos de 4 horas) e acorda cheio de energia;;
j26-073;Protocolo Dr. Jadson — Bipolar Triagem Criança (J26-073);72–216 meses;Reducao da necessidade de sono;2;Permanece acordado a noite toda sem se sentir cansado;;
j26-073;Protocolo Dr. Jadson — Bipolar Triagem Criança (J26-073);72–216 meses;Reducao da necessidade de sono;3;Recusa dormir mesmo quando claramente exausto;;
j26-073;Protocolo Dr. Jadson — Bipolar Triagem Criança (J26-073);72–216 meses;Agitacao e impulsividade;1;Fala muito rapido e sem parar por periodos prolongados;;
j26-073;Protocolo Dr. Jadson — Bipolar Triagem Criança (J26-073);72–216 meses;Agitacao e impulsividade;2;Muda de assunto muito rapido, com pensamentos acelerados;;
j26-073;Protocolo Dr. Jadson — Bipolar Triagem Criança (J26-073);72–216 meses;Agitacao e impulsividade;3;Engaja em comportamentos de risco sem avaliar consequencias;;
j26-073;Protocolo Dr. Jadson — Bipolar Triagem Criança (J26-073);72–216 meses;Agitacao e impulsividade;4;Fica extremamente irritavel quando contrariado nesses periodos;;
j26-073;Protocolo Dr. Jadson — Bipolar Triagem Criança (J26-073);72–216 meses;Agitacao e impulsividade;5;Inicia multiplas atividades ao mesmo tempo sem terminar nenhuma;;
j26-073;Protocolo Dr. Jadson — Bipolar Triagem Criança (J26-073);72–216 meses;Oscilacao e ciclagem;1;Alterna entre periodos de muita euforia e tristeza profunda;;
j26-073;Protocolo Dr. Jadson — Bipolar Triagem Criança (J26-073);72–216 meses;Oscilacao e ciclagem;2;Tem episodios de choro intenso apos periodos de euforia;;
j26-073;Protocolo Dr. Jadson — Bipolar Triagem Criança (J26-073);72–216 meses;Oscilacao e ciclagem;3;A oscilacao de humor e percebida por diferentes pessoas do convivio;;
j26-073;Protocolo Dr. Jadson — Bipolar Triagem Criança (J26-073);72–216 meses;Oscilacao e ciclagem;4;Os episodios de alta duraram mais de 4 dias consecutivos;;
j26-073;Protocolo Dr. Jadson — Bipolar Triagem Criança (J26-073);72–216 meses;Oscilacao e ciclagem;5;Os episodios ocorrem repetidamente ao longo do ano;;
j26-073;Protocolo Dr. Jadson — Bipolar Triagem Criança (J26-073);72–216 meses;Oscilacao e ciclagem;6;Os episodios nao estao associados ao uso de substancias;;
j26-074;Protocolo Dr. Jadson — Depressão Sazonal Infantil (J26-074);60–216 meses;Humor e energia sazonal;1;Fica mais triste ou apagado no outono/inverno;;
j26-074;Protocolo Dr. Jadson — Depressão Sazonal Infantil (J26-074);60–216 meses;Humor e energia sazonal;2;Perde o interesse em atividades sociais no inverno;;
j26-074;Protocolo Dr. Jadson — Depressão Sazonal Infantil (J26-074);60–216 meses;Humor e energia sazonal;3;Sente-se mais cansado e sem energia em epocas de menos sol;;
j26-074;Protocolo Dr. Jadson — Depressão Sazonal Infantil (J26-074);60–216 meses;Humor e energia sazonal;4;Melhora claramente de humor quando o clima esquenta;;
j26-074;Protocolo Dr. Jadson — Depressão Sazonal Infantil (J26-074);60–216 meses;Humor e energia sazonal;5;Outros familiares tambem relatam mudancas de humor sazonais;;
j26-074;Protocolo Dr. Jadson — Depressão Sazonal Infantil (J26-074);60–216 meses;Sono e apetite sazonais;1;Dorme muito mais no inverno do que no verao;;
j26-074;Protocolo Dr. Jadson — Depressão Sazonal Infantil (J26-074);60–216 meses;Sono e apetite sazonais;2;Come mais (especialmente carboidratos) no outono/inverno;;
j26-074;Protocolo Dr. Jadson — Depressão Sazonal Infantil (J26-074);60–216 meses;Sono e apetite sazonais;3;Ganha peso nos meses frios e emagrece nos meses quentes;;
j26-074;Protocolo Dr. Jadson — Depressão Sazonal Infantil (J26-074);60–216 meses;Sono e apetite sazonais;4;Acorda com dificuldade nos meses com menos luz solar;;
j26-074;Protocolo Dr. Jadson — Depressão Sazonal Infantil (J26-074);60–216 meses;Sono e apetite sazonais;5;Tem dificuldade de se levantar cedo quando esta frio e escuro;;
j26-074;Protocolo Dr. Jadson — Depressão Sazonal Infantil (J26-074);60–216 meses;Funcionamento sazonal;1;Rendimento escolar cai visivelmente no inverno;;
j26-074;Protocolo Dr. Jadson — Depressão Sazonal Infantil (J26-074);60–216 meses;Funcionamento sazonal;2;Isola-se socialmente nos meses mais frios;;
j26-074;Protocolo Dr. Jadson — Depressão Sazonal Infantil (J26-074);60–216 meses;Funcionamento sazonal;3;Tem dificuldade de concentracao nos meses de outono/inverno;;
j26-074;Protocolo Dr. Jadson — Depressão Sazonal Infantil (J26-074);60–216 meses;Funcionamento sazonal;4;Precisou de ajuda profissional em epocas especificas do ano;;
j26-075;Protocolo Dr. Jadson — Luto e Perda Infantil (J26-075);36–216 meses;Negacao e evitacao;1;Age como se a pessoa/animal perdido ainda estivesse presente;;
j26-075;Protocolo Dr. Jadson — Luto e Perda Infantil (J26-075);36–216 meses;Negacao e evitacao;2;Recusa falar sobre a perda mesmo quando apropriado;;
j26-075;Protocolo Dr. Jadson — Luto e Perda Infantil (J26-075);36–216 meses;Negacao e evitacao;3;Evita lugares ou objetos que lembram a pessoa perdida;;
j26-075;Protocolo Dr. Jadson — Luto e Perda Infantil (J26-075);36–216 meses;Negacao e evitacao;4;Nega a permanencia da perda quando questionado;;
j26-075;Protocolo Dr. Jadson — Luto e Perda Infantil (J26-075);36–216 meses;Tristeza e saudade intensa;1;Chora intensamente por longos periodos sem conseguir se acalmar;;
j26-075;Protocolo Dr. Jadson — Luto e Perda Infantil (J26-075);36–216 meses;Tristeza e saudade intensa;2;Busca objetos ou cheiros que lembrem a pessoa perdida de forma compulsiva;;
j26-075;Protocolo Dr. Jadson — Luto e Perda Infantil (J26-075);36–216 meses;Tristeza e saudade intensa;3;Relata sentir falta de forma avassaladora que impede o funcionamento;;
j26-075;Protocolo Dr. Jadson — Luto e Perda Infantil (J26-075);36–216 meses;Tristeza e saudade intensa;4;Expressa nao querer viver sem a pessoa perdida;;
j26-075;Protocolo Dr. Jadson — Luto e Perda Infantil (J26-075);36–216 meses;Tristeza e saudade intensa;5;Fala que quer estar com a pessoa que morreu;;
j26-075;Protocolo Dr. Jadson — Luto e Perda Infantil (J26-075);36–216 meses;Culpa e raiva;1;Expressa culpa por nao ter feito algo diferente antes da perda;;
j26-075;Protocolo Dr. Jadson — Luto e Perda Infantil (J26-075);36–216 meses;Culpa e raiva;2;Apresenta raiva intensa e deslocada (de medicos, de Deus, de familiares);;
j26-075;Protocolo Dr. Jadson — Luto e Perda Infantil (J26-075);36–216 meses;Culpa e raiva;3;Culpa a si mesmo pela morte ou perda;;
j26-075;Protocolo Dr. Jadson — Luto e Perda Infantil (J26-075);36–216 meses;Culpa e raiva;4;Tem comportamentos agressivos ou autolesivos relacionados ao luto;;
j26-075;Protocolo Dr. Jadson — Luto e Perda Infantil (J26-075);36–216 meses;Impacto funcional do luto;1;Rendimento escolar caiu significativamente apos a perda;;
j26-075;Protocolo Dr. Jadson — Luto e Perda Infantil (J26-075);36–216 meses;Impacto funcional do luto;2;Isola-se de amigos e familia por longos periodos;;
j26-075;Protocolo Dr. Jadson — Luto e Perda Infantil (J26-075);36–216 meses;Impacto funcional do luto;3;Perdeu o interesse em atividades que antes gostava;;
j26-075;Protocolo Dr. Jadson — Luto e Perda Infantil (J26-075);36–216 meses;Impacto funcional do luto;4;Tem pesadelos ou dificuldades de sono persistentes sobre a perda;;
j26-075;Protocolo Dr. Jadson — Luto e Perda Infantil (J26-075);36–216 meses;Impacto funcional do luto;5;Apresenta regresso em comportamentos (enurese, chupar dedo);;
j26-076;Protocolo Dr. Jadson — Autoestima Infantil (J26-076);60–192 meses;Autoestima global;1;Gosta de ser quem e;;
j26-076;Protocolo Dr. Jadson — Autoestima Infantil (J26-076);60–192 meses;Autoestima global;2;Sente que e uma boa pessoa;;
j26-076;Protocolo Dr. Jadson — Autoestima Infantil (J26-076);60–192 meses;Autoestima global;3;Esta satisfeito(a) consigo mesmo(a) na maior parte do tempo;;
j26-076;Protocolo Dr. Jadson — Autoestima Infantil (J26-076);60–192 meses;Autoestima global;4;Acredita que tem qualidades importantes;;
j26-076;Protocolo Dr. Jadson — Autoestima Infantil (J26-076);60–192 meses;Autoestima escolar;1;Acha que consegue aprender as coisas na escola;;
j26-076;Protocolo Dr. Jadson — Autoestima Infantil (J26-076);60–192 meses;Autoestima escolar;2;Sente que e bom/boa em pelo menos uma materia;;
j26-076;Protocolo Dr. Jadson — Autoestima Infantil (J26-076);60–192 meses;Autoestima escolar;3;Nao desiste facilmente quando uma tarefa e dificil;;
j26-076;Protocolo Dr. Jadson — Autoestima Infantil (J26-076);60–192 meses;Autoestima escolar;4;Acredita que os professores gostam de telo/la na sala;;
j26-076;Protocolo Dr. Jadson — Autoestima Infantil (J26-076);60–192 meses;Autoestima social;1;Acha que tem amigos de verdade;;
j26-076;Protocolo Dr. Jadson — Autoestima Infantil (J26-076);60–192 meses;Autoestima social;2;Sente que os colegas gostam de sua companhia;;
j26-076;Protocolo Dr. Jadson — Autoestima Infantil (J26-076);60–192 meses;Autoestima social;3;Se sente confortavel em grupos de criancas;;
j26-076;Protocolo Dr. Jadson — Autoestima Infantil (J26-076);60–192 meses;Autoestima social;4;Consegue fazer novos amigos sem muita dificuldade;;
j26-076;Protocolo Dr. Jadson — Autoestima Infantil (J26-076);60–192 meses;Autoestima fisica;1;Gosta do proprio corpo;;
j26-076;Protocolo Dr. Jadson — Autoestima Infantil (J26-076);60–192 meses;Autoestima fisica;2;Sente que e bom/boa em atividades fisicas ou esportes;;
j26-076;Protocolo Dr. Jadson — Autoestima Infantil (J26-076);60–192 meses;Autoestima fisica;3;Nao se envergonha da propria aparencia;;
j26-076;Protocolo Dr. Jadson — Autoestima Infantil (J26-076);60–192 meses;Autoestima fisica;4;Sente que pode fazer coisas fisicas que quer fazer;;
j26-077;Protocolo Dr. Jadson — Desesperança Infantil (J26-077);72–216 meses;Visao negativa do futuro;1;Acredita que as coisas nunca vao melhorar para ela/ele;;
j26-077;Protocolo Dr. Jadson — Desesperança Infantil (J26-077);72–216 meses;Visao negativa do futuro;2;Diz que nao adianta tentar porque vai dar errado mesmo;;
j26-077;Protocolo Dr. Jadson — Desesperança Infantil (J26-077);72–216 meses;Visao negativa do futuro;3;Nao consegue imaginar nada de bom no futuro;;
j26-077;Protocolo Dr. Jadson — Desesperança Infantil (J26-077);72–216 meses;Visao negativa do futuro;4;Acredita que outras criancas tem mais sorte e que ela/ele nunca tera;;
j26-077;Protocolo Dr. Jadson — Desesperança Infantil (J26-077);72–216 meses;Visao negativa do futuro;5;Diz que quando crescer nao vai ter nada de bom;;
j26-077;Protocolo Dr. Jadson — Desesperança Infantil (J26-077);72–216 meses;Desesperanca interpessoal;1;Acredita que ninguem gosta realmente dela/dele;;
j26-077;Protocolo Dr. Jadson — Desesperança Infantil (J26-077);72–216 meses;Desesperanca interpessoal;2;Pensa que vai ficar sozinho/a para sempre;;
j26-077;Protocolo Dr. Jadson — Desesperança Infantil (J26-077);72–216 meses;Desesperanca interpessoal;3;Nao acredita que pode fazer amigos de verdade;;
j26-077;Protocolo Dr. Jadson — Desesperança Infantil (J26-077);72–216 meses;Desesperanca interpessoal;4;Diz que os adultos nao conseguem ajuda-la/lo;;
j26-077;Protocolo Dr. Jadson — Desesperança Infantil (J26-077);72–216 meses;Abandono de esforco;1;Desiste de atividades antes mesmo de tentar;;
j26-077;Protocolo Dr. Jadson — Desesperança Infantil (J26-077);72–216 meses;Abandono de esforco;2;Nao vê sentido em se esforcarpois acredita que falha de qualquer jeito;;
j26-077;Protocolo Dr. Jadson — Desesperança Infantil (J26-077);72–216 meses;Abandono de esforco;3;Recusa metas ou projetos dizendo que nao vai funcionar;;
j26-077;Protocolo Dr. Jadson — Desesperança Infantil (J26-077);72–216 meses;Abandono de esforco;4;Apresenta passividade extrema diante de problemas resoluveis;;
j26-077;Protocolo Dr. Jadson — Desesperança Infantil (J26-077);72–216 meses;Abandono de esforco;5;Nao reage a elogios ou conquistas positivas;;
j26-078;Protocolo Dr. Jadson — Depressão Pós-COVID Infantil (J26-078);48–216 meses;Humor e anedonia;1;Tristeza ou vazio persistente desde o retorno ao convivio social;;
j26-078;Protocolo Dr. Jadson — Depressão Pós-COVID Infantil (J26-078);48–216 meses;Humor e anedonia;2;Perdeu o interesse em atividades que antes eram prazerosas;;
j26-078;Protocolo Dr. Jadson — Depressão Pós-COVID Infantil (J26-078);48–216 meses;Humor e anedonia;3;Dificuldade de sentir alegria mesmo em situacoes positivas;;
j26-078;Protocolo Dr. Jadson — Depressão Pós-COVID Infantil (J26-078);48–216 meses;Humor e anedonia;4;Chora com facilidade e sem motivo aparente;;
j26-078;Protocolo Dr. Jadson — Depressão Pós-COVID Infantil (J26-078);48–216 meses;Dificuldades de reinsercao social;1;Ansiedade intensa ao retornar ao ambiente escolar;;
j26-078;Protocolo Dr. Jadson — Depressão Pós-COVID Infantil (J26-078);48–216 meses;Dificuldades de reinsercao social;2;Dificuldade de reconectar com amigos de antes da pandemia;;
j26-078;Protocolo Dr. Jadson — Depressão Pós-COVID Infantil (J26-078);48–216 meses;Dificuldades de reinsercao social;3;Sensacao de estranhamento em situacoes sociais que antes eram confortaveis;;
j26-078;Protocolo Dr. Jadson — Depressão Pós-COVID Infantil (J26-078);48–216 meses;Dificuldades de reinsercao social;4;Prefere ficar em casa a sair com colegas ou familiares;;
j26-078;Protocolo Dr. Jadson — Depressão Pós-COVID Infantil (J26-078);48–216 meses;Dificuldades de reinsercao social;5;Sente que 'nao sabe mais como se comportar' com outras pessoas;;
j26-078;Protocolo Dr. Jadson — Depressão Pós-COVID Infantil (J26-078);48–216 meses;Luto e perdas pandemia;1;Sofreu perda de familiar ou pessoa proxima por COVID;;
j26-078;Protocolo Dr. Jadson — Depressão Pós-COVID Infantil (J26-078);48–216 meses;Luto e perdas pandemia;2;Expressa tristeza relacionada a experiencias que perdeu durante a pandemia;;
j26-078;Protocolo Dr. Jadson — Depressão Pós-COVID Infantil (J26-078);48–216 meses;Luto e perdas pandemia;3;Sente raiva ou injustica em relacao ao periodo da pandemia;;
j26-078;Protocolo Dr. Jadson — Depressão Pós-COVID Infantil (J26-078);48–216 meses;Luto e perdas pandemia;4;Dificuldade de aceitar que o periodo de isolamento ja passou;;
j26-078;Protocolo Dr. Jadson — Depressão Pós-COVID Infantil (J26-078);48–216 meses;Sintomas fisicos e cognitivos;1;Fadiga ou cansaco persistente sem causa medica;;
j26-078;Protocolo Dr. Jadson — Depressão Pós-COVID Infantil (J26-078);48–216 meses;Sintomas fisicos e cognitivos;2;Dificuldade de concentracao e memoria comparado ao periodo pre-pandemia;;
j26-078;Protocolo Dr. Jadson — Depressão Pós-COVID Infantil (J26-078);48–216 meses;Sintomas fisicos e cognitivos;3;Dores de cabeca ou corpo frequentes sem explicacao organica;;
j26-079;Protocolo Dr. Jadson — Sintomas Depressivos Físicos (J26-079);60–216 meses;Energia e psicomotricidade;1;Cansaco extremo mesmo apos noite de sono;;
j26-079;Protocolo Dr. Jadson — Sintomas Depressivos Físicos (J26-079);60–216 meses;Energia e psicomotricidade;2;Movimentos mais lentos ou fala mais lenta que o habitual;;
j26-079;Protocolo Dr. Jadson — Sintomas Depressivos Físicos (J26-079);60–216 meses;Energia e psicomotricidade;3;Dificuldade de iniciar qualquer atividade por falta de energia;;
j26-079;Protocolo Dr. Jadson — Sintomas Depressivos Físicos (J26-079);60–216 meses;Energia e psicomotricidade;4;Fica deitado ou sentado por horas sem fazer nada;;
j26-079;Protocolo Dr. Jadson — Sintomas Depressivos Físicos (J26-079);60–216 meses;Energia e psicomotricidade;5;Nao tem disposicao para atividades fisicas que antes gostava;;
j26-079;Protocolo Dr. Jadson — Sintomas Depressivos Físicos (J26-079);60–216 meses;Sono e apetite;1;Alteracao significativa do sono (insonia ou hipersonia);;
j26-079;Protocolo Dr. Jadson — Sintomas Depressivos Físicos (J26-079);60–216 meses;Sono e apetite;2;Perda de apetite com reducao do consumo alimentar;;
j26-079;Protocolo Dr. Jadson — Sintomas Depressivos Físicos (J26-079);60–216 meses;Sono e apetite;3;Come em excesso especialmente alimentos doces ou gordurosos;;
j26-079;Protocolo Dr. Jadson — Sintomas Depressivos Físicos (J26-079);60–216 meses;Sono e apetite;4;Acorda muito cedo sem conseguir voltar a dormir;;
j26-079;Protocolo Dr. Jadson — Sintomas Depressivos Físicos (J26-079);60–216 meses;Dores e queixas somaticas;1;Dor de cabeca frequente sem causa neurologica;;
j26-079;Protocolo Dr. Jadson — Sintomas Depressivos Físicos (J26-079);60–216 meses;Dores e queixas somaticas;2;Dores difusas no corpo que pioram no periodo de mais tristeza;;
j26-079;Protocolo Dr. Jadson — Sintomas Depressivos Físicos (J26-079);60–216 meses;Dores e queixas somaticas;3;Dor abdominal recorrente sem causa gastrointestinal;;
j26-079;Protocolo Dr. Jadson — Sintomas Depressivos Físicos (J26-079);60–216 meses;Dores e queixas somaticas;4;Sensacao de peso no peito ou garganta apertada;;
j26-079;Protocolo Dr. Jadson — Sintomas Depressivos Físicos (J26-079);60–216 meses;Dores e queixas somaticas;5;Tontura ou sensacao de fraqueza sem causa clinica;;
j26-080;Protocolo Dr. Jadson — Depressão Mascarada Adolescente (J26-080);120–216 meses;Irritabilidade e raiva;1;Explosoes de raiva desproporcional a situacao;;
j26-080;Protocolo Dr. Jadson — Depressão Mascarada Adolescente (J26-080);120–216 meses;Irritabilidade e raiva;2;Irritabilidade persistente na maior parte dos dias;;
j26-080;Protocolo Dr. Jadson — Depressão Mascarada Adolescente (J26-080);120–216 meses;Irritabilidade e raiva;3;Reage com agressividade verbal a contrariades minimas;;
j26-080;Protocolo Dr. Jadson — Depressão Mascarada Adolescente (J26-080);120–216 meses;Irritabilidade e raiva;4;Oscila entre raiva intensa e apatia em curto espaco de tempo;;
j26-080;Protocolo Dr. Jadson — Depressão Mascarada Adolescente (J26-080);120–216 meses;Irritabilidade e raiva;5;A irritabilidade piorou em comparacao com o periodo anterior;;
j26-080;Protocolo Dr. Jadson — Depressão Mascarada Adolescente (J26-080);120–216 meses;Comportamentos externalizantes;1;Uso de alcool ou substancias que pode estar mascarando sofrimento;;
j26-080;Protocolo Dr. Jadson — Depressão Mascarada Adolescente (J26-080);120–216 meses;Comportamentos externalizantes;2;Comportamentos de risco (dirigir perigosamente, brigas) sem motivo claro;;
j26-080;Protocolo Dr. Jadson — Depressão Mascarada Adolescente (J26-080);120–216 meses;Comportamentos externalizantes;3;Uso excessivo de telas como fuga emocional;;
j26-080;Protocolo Dr. Jadson — Depressão Mascarada Adolescente (J26-080);120–216 meses;Comportamentos externalizantes;4;Fugas de casa ou ausencias escolares sem justificativa clara;;
j26-080;Protocolo Dr. Jadson — Depressão Mascarada Adolescente (J26-080);120–216 meses;Sinais depressivos dissimulados;1;Ri e brinca em grupo mas parece vazio quando esta sozinho;;
j26-080;Protocolo Dr. Jadson — Depressão Mascarada Adolescente (J26-080);120–216 meses;Sinais depressivos dissimulados;2;Faz humor sobre morte ou suicidio de forma recorrente;;
j26-080;Protocolo Dr. Jadson — Depressão Mascarada Adolescente (J26-080);120–216 meses;Sinais depressivos dissimulados;3;Nega tristeza mas apresenta sinais fisicos de depressao;;
j26-080;Protocolo Dr. Jadson — Depressão Mascarada Adolescente (J26-080);120–216 meses;Sinais depressivos dissimulados;4;Nao pede ajuda e minimiza o proprio sofrimento quando questionado;;
j26-080;Protocolo Dr. Jadson — Depressão Mascarada Adolescente (J26-080);120–216 meses;Sinais depressivos dissimulados;5;Aparenta estar bem para os pais mas colegas relatam que esta triste;;
j26-080;Protocolo Dr. Jadson — Depressão Mascarada Adolescente (J26-080);120–216 meses;Sinais depressivos dissimulados;6;Autocritica severa e frequente disfarada de brincadeira;;
j26-080;Protocolo Dr. Jadson — Depressão Mascarada Adolescente (J26-080);120–216 meses;Sinais depressivos dissimulados;7;Uso de autopunição (privar-se de coisas, nao comer) como padrao recorrente;;
j26-081;Protocolo Dr. Jadson — Impacto Funcional Depressão (J26-081);60–216 meses;Impacto escolar;1;Rendimento escolar caiu visivelmente;;
j26-081;Protocolo Dr. Jadson — Impacto Funcional Depressão (J26-081);60–216 meses;Impacto escolar;2;Falta de concentracao prejudica o aprendizado;;
j26-081;Protocolo Dr. Jadson — Impacto Funcional Depressão (J26-081);60–216 meses;Impacto escolar;3;Nao entrega tarefas ou trabalhos escolares;;
j26-081;Protocolo Dr. Jadson — Impacto Funcional Depressão (J26-081);60–216 meses;Impacto escolar;4;Falta as aulas com frequencia sem justificativa medica;;
j26-081;Protocolo Dr. Jadson — Impacto Funcional Depressão (J26-081);60–216 meses;Impacto escolar;5;Perdeu o interesse em materias que antes gostava;;
j26-081;Protocolo Dr. Jadson — Impacto Funcional Depressão (J26-081);60–216 meses;Impacto nas amizades;1;Afastou-se dos amigos sem explicacao;;
j26-081;Protocolo Dr. Jadson — Impacto Funcional Depressão (J26-081);60–216 meses;Impacto nas amizades;2;Nao responde mensagens ou convites sociais;;
j26-081;Protocolo Dr. Jadson — Impacto Funcional Depressão (J26-081);60–216 meses;Impacto nas amizades;3;Os amigos relatam que ela/ele mudou muito;;
j26-081;Protocolo Dr. Jadson — Impacto Funcional Depressão (J26-081);60–216 meses;Impacto nas amizades;4;Conflitos frequentes com colegas sem motivo claro;;
j26-081;Protocolo Dr. Jadson — Impacto Funcional Depressão (J26-081);60–216 meses;Impacto familiar;1;Conflitos frequentes com pais ou irmaos;;
j26-081;Protocolo Dr. Jadson — Impacto Funcional Depressão (J26-081);60–216 meses;Impacto familiar;2;Isola-se no quarto por horas sem interagir com a familia;;
j26-081;Protocolo Dr. Jadson — Impacto Funcional Depressão (J26-081);60–216 meses;Impacto familiar;3;Abandono de responsabilidades domesticas ou rotinas familiares;;
j26-081;Protocolo Dr. Jadson — Impacto Funcional Depressão (J26-081);60–216 meses;Impacto familiar;4;Pais relatam dificuldade de comunicacao com o filho/a;;
j26-081;Protocolo Dr. Jadson — Impacto Funcional Depressão (J26-081);60–216 meses;Impacto familiar;5;Recusa participar de atividades familiares antes apreciadas;;
j26-082;Protocolo Dr. Jadson — Linguagem Pragmática Escolar (J26-082);48–144 meses;Uso social da linguagem na escola;1;Pede ajuda ao professor quando precisa;;
j26-082;Protocolo Dr. Jadson — Linguagem Pragmática Escolar (J26-082);48–144 meses;Uso social da linguagem na escola;2;Faz e responde perguntas de forma pertinente;;
j26-082;Protocolo Dr. Jadson — Linguagem Pragmática Escolar (J26-082);48–144 meses;Uso social da linguagem na escola;3;Mantém o tema numa conversa;;
j26-082;Protocolo Dr. Jadson — Linguagem Pragmática Escolar (J26-082);48–144 meses;Uso social da linguagem na escola;4;Espera a vez de falar e não interrompe sempre;;
j26-082;Protocolo Dr. Jadson — Linguagem Pragmática Escolar (J26-082);48–144 meses;Uso social da linguagem na escola;5;Entende piadas e brincadeiras dos colegas;;
j26-082;Protocolo Dr. Jadson — Linguagem Pragmática Escolar (J26-082);48–144 meses;Uso social da linguagem na escola;6;Interpreta expressões e sentido figurado simples;;
j26-082;Protocolo Dr. Jadson — Linguagem Pragmática Escolar (J26-082);48–144 meses;Uso social da linguagem na escola;7;Ajusta a fala ao contexto (professor × colega);;
j26-082;Protocolo Dr. Jadson — Linguagem Pragmática Escolar (J26-082);48–144 meses;Uso social da linguagem na escola;8;Usa cumprimentos e fórmulas sociais adequadas;;
j26-082;Protocolo Dr. Jadson — Linguagem Pragmática Escolar (J26-082);48–144 meses;Uso social da linguagem na escola;9;Repara a comunicação quando não é entendido;;
j26-082;Protocolo Dr. Jadson — Linguagem Pragmática Escolar (J26-082);48–144 meses;Uso social da linguagem na escola;10;Entende instruções dadas ao grupo;;
j26-082;Protocolo Dr. Jadson — Linguagem Pragmática Escolar (J26-082);48–144 meses;Uso social da linguagem na escola;11;Participa de trocas conversacionais com os colegas;;
j26-082;Protocolo Dr. Jadson — Linguagem Pragmática Escolar (J26-082);48–144 meses;Uso social da linguagem na escola;12;Percebe as pistas sociais do interlocutor (interesse, tédio);;
j26-083;Protocolo Dr. Jadson — Narrativa Oral Infantil (J26-083);48–144 meses;Habilidades narrativas;1;Conta um acontecimento com início, meio e fim;;
j26-083;Protocolo Dr. Jadson — Narrativa Oral Infantil (J26-083);48–144 meses;Habilidades narrativas;2;Inclui personagens na história;;
j26-083;Protocolo Dr. Jadson — Narrativa Oral Infantil (J26-083);48–144 meses;Habilidades narrativas;3;Mantém a sequência temporal (o que veio antes e depois);;
j26-083;Protocolo Dr. Jadson — Narrativa Oral Infantil (J26-083);48–144 meses;Habilidades narrativas;4;Estabelece relações de causa e efeito;;
j26-083;Protocolo Dr. Jadson — Narrativa Oral Infantil (J26-083);48–144 meses;Habilidades narrativas;5;Usa conectivos (aí, então, porque, mas);;
j26-083;Protocolo Dr. Jadson — Narrativa Oral Infantil (J26-083);48–144 meses;Habilidades narrativas;6;Mantém o tema sem se perder;;
j26-083;Protocolo Dr. Jadson — Narrativa Oral Infantil (J26-083);48–144 meses;Habilidades narrativas;7;Dá detalhes suficientes para o ouvinte entender;;
j26-083;Protocolo Dr. Jadson — Narrativa Oral Infantil (J26-083);48–144 meses;Habilidades narrativas;8;Usa vocabulário adequado para narrar;;
j26-083;Protocolo Dr. Jadson — Narrativa Oral Infantil (J26-083);48–144 meses;Habilidades narrativas;9;Marca quem fala (discurso direto ou indireto);;
j26-083;Protocolo Dr. Jadson — Narrativa Oral Infantil (J26-083);48–144 meses;Habilidades narrativas;10;Conclui a história de forma coerente;;
j26-083;Protocolo Dr. Jadson — Narrativa Oral Infantil (J26-083);48–144 meses;Habilidades narrativas;11;Reconta uma história ouvida mantendo o sentido;;
j26-083;Protocolo Dr. Jadson — Narrativa Oral Infantil (J26-083);48–144 meses;Habilidades narrativas;12;A narrativa é compreensível para quem ouve;;
j26-084;Protocolo Dr. Jadson — Consciência Fonológica Expandida (J26-084);48–96 meses;Habilidades fonológicas;1;Reconhece e produz rimas;;
j26-084;Protocolo Dr. Jadson — Consciência Fonológica Expandida (J26-084);48–96 meses;Habilidades fonológicas;2;Identifica palavras que começam com o mesmo som (aliteração);;
j26-084;Protocolo Dr. Jadson — Consciência Fonológica Expandida (J26-084);48–96 meses;Habilidades fonológicas;3;Separa a palavra em sílabas (batendo palmas);;
j26-084;Protocolo Dr. Jadson — Consciência Fonológica Expandida (J26-084);48–96 meses;Habilidades fonológicas;4;Conta o número de sílabas de uma palavra;;
j26-084;Protocolo Dr. Jadson — Consciência Fonológica Expandida (J26-084);48–96 meses;Habilidades fonológicas;5;Junta sílabas para formar a palavra (síntese silábica);;
j26-084;Protocolo Dr. Jadson — Consciência Fonológica Expandida (J26-084);48–96 meses;Habilidades fonológicas;6;Identifica o primeiro som (fonema) da palavra;;
j26-084;Protocolo Dr. Jadson — Consciência Fonológica Expandida (J26-084);48–96 meses;Habilidades fonológicas;7;Identifica o último som da palavra;;
j26-084;Protocolo Dr. Jadson — Consciência Fonológica Expandida (J26-084);48–96 meses;Habilidades fonológicas;8;Separa a palavra em sons (segmentação fonêmica);;
j26-084;Protocolo Dr. Jadson — Consciência Fonológica Expandida (J26-084);48–96 meses;Habilidades fonológicas;9;Junta sons para formar a palavra (síntese fonêmica);;
j26-084;Protocolo Dr. Jadson — Consciência Fonológica Expandida (J26-084);48–96 meses;Habilidades fonológicas;10;Tira um som e diz o que sobra (manipulação);;
j26-084;Protocolo Dr. Jadson — Consciência Fonológica Expandida (J26-084);48–96 meses;Habilidades fonológicas;11;Troca um som por outro;;
j26-084;Protocolo Dr. Jadson — Consciência Fonológica Expandida (J26-084);48–96 meses;Habilidades fonológicas;12;Identifica sons iguais ou diferentes entre palavras;;
j26-085;Protocolo Dr. Jadson — Vocabulário em Profundidade (J26-085);60–144 meses;Profundidade lexical;1;Explica o significado de palavras comuns;;
j26-085;Protocolo Dr. Jadson — Vocabulário em Profundidade (J26-085);60–144 meses;Profundidade lexical;2;Dá sinônimos de palavras;;
j26-085;Protocolo Dr. Jadson — Vocabulário em Profundidade (J26-085);60–144 meses;Profundidade lexical;3;Dá antônimos de palavras;;
j26-085;Protocolo Dr. Jadson — Vocabulário em Profundidade (J26-085);60–144 meses;Profundidade lexical;4;Agrupa palavras por categoria (frutas, animais);;
j26-085;Protocolo Dr. Jadson — Vocabulário em Profundidade (J26-085);60–144 meses;Profundidade lexical;5;Entende que uma palavra pode ter vários sentidos;;
j26-085;Protocolo Dr. Jadson — Vocabulário em Profundidade (J26-085);60–144 meses;Profundidade lexical;6;Usa as palavras de forma precisa ao se expressar;;
j26-085;Protocolo Dr. Jadson — Vocabulário em Profundidade (J26-085);60–144 meses;Profundidade lexical;7;Entende palavras menos frequentes para a idade;;
j26-085;Protocolo Dr. Jadson — Vocabulário em Profundidade (J26-085);60–144 meses;Profundidade lexical;8;Relaciona palavras de um mesmo campo semântico;;
j26-085;Protocolo Dr. Jadson — Vocabulário em Profundidade (J26-085);60–144 meses;Profundidade lexical;9;Usa palavras novas que aprende;;
j26-085;Protocolo Dr. Jadson — Vocabulário em Profundidade (J26-085);60–144 meses;Profundidade lexical;10;Entende definições e adivinhas;;
j26-085;Protocolo Dr. Jadson — Vocabulário em Profundidade (J26-085);60–144 meses;Profundidade lexical;11;Percebe diferenças sutis entre palavras parecidas;;
j26-085;Protocolo Dr. Jadson — Vocabulário em Profundidade (J26-085);60–144 meses;Profundidade lexical;12;Tem vocabulário compatível com a idade;;
j26-086;Protocolo Dr. Jadson — Fluência Verbal Criança (J26-086);60–216 meses;Acesso lexical e fluência;1;Diz muitos animais em pouco tempo (fluência semântica);;
j26-086;Protocolo Dr. Jadson — Fluência Verbal Criança (J26-086);60–216 meses;Acesso lexical e fluência;2;Diz muitas palavras de uma categoria sem repetir;;
j26-086;Protocolo Dr. Jadson — Fluência Verbal Criança (J26-086);60–216 meses;Acesso lexical e fluência;3;Diz palavras que começam com um som dado (fluência fonológica);;
j26-086;Protocolo Dr. Jadson — Fluência Verbal Criança (J26-086);60–216 meses;Acesso lexical e fluência;4;Acessa as palavras com rapidez (sem ficar “travando”);;
j26-086;Protocolo Dr. Jadson — Fluência Verbal Criança (J26-086);60–216 meses;Acesso lexical e fluência;5;Organiza a busca por subgrupos (animais da fazenda, do mar);;
j26-086;Protocolo Dr. Jadson — Fluência Verbal Criança (J26-086);60–216 meses;Acesso lexical e fluência;6;Evita repetir palavras já ditas;;
j26-086;Protocolo Dr. Jadson — Fluência Verbal Criança (J26-086);60–216 meses;Acesso lexical e fluência;7;Mantém o critério pedido (categoria ou letra);;
j26-086;Protocolo Dr. Jadson — Fluência Verbal Criança (J26-086);60–216 meses;Acesso lexical e fluência;8;Não foge da tarefa proposta;;
j26-086;Protocolo Dr. Jadson — Fluência Verbal Criança (J26-086);60–216 meses;Acesso lexical e fluência;9;Recupera palavras menos comuns;;
j26-086;Protocolo Dr. Jadson — Fluência Verbal Criança (J26-086);60–216 meses;Acesso lexical e fluência;10;Tem ritmo de produção compatível com a idade;;
j26-086;Protocolo Dr. Jadson — Fluência Verbal Criança (J26-086);60–216 meses;Acesso lexical e fluência;11;Corrige-se quando foge do critério;;
j26-086;Protocolo Dr. Jadson — Fluência Verbal Criança (J26-086);60–216 meses;Acesso lexical e fluência;12;A quantidade de palavras é adequada para a idade;;
j26-087;Protocolo Dr. Jadson — Gagueira Expandida (J26-087);36–216 meses;Frequencia das disfluencias;1;Repete silabas ou sons no inicio de palavras;;
j26-087;Protocolo Dr. Jadson — Gagueira Expandida (J26-087);36–216 meses;Frequencia das disfluencias;2;Prolonga sons (sssom, mmmama);;
j26-087;Protocolo Dr. Jadson — Gagueira Expandida (J26-087);36–216 meses;Frequencia das disfluencias;3;Bloqueia a fala antes de comecar a palavra;;
j26-087;Protocolo Dr. Jadson — Gagueira Expandida (J26-087);36–216 meses;Frequencia das disfluencias;4;Troca ou repete palavras inteiras com frequencia;;
j26-087;Protocolo Dr. Jadson — Gagueira Expandida (J26-087);36–216 meses;Frequencia das disfluencias;5;Apresenta disfluencias em mais de 10% das palavras;;
j26-087;Protocolo Dr. Jadson — Gagueira Expandida (J26-087);36–216 meses;Frequencia das disfluencias;6;As disfluencias ocorrem em varios contextos (casa, escola, consultorio);;
j26-087;Protocolo Dr. Jadson — Gagueira Expandida (J26-087);36–216 meses;Impacto emocional;1;Demonstra tensao facial ou corporal ao falar;;
j26-087;Protocolo Dr. Jadson — Gagueira Expandida (J26-087);36–216 meses;Impacto emocional;2;Fica visivelmente ansioso antes de falar;;
j26-087;Protocolo Dr. Jadson — Gagueira Expandida (J26-087);36–216 meses;Impacto emocional;3;Relata ou demonstra vergonha da propria fala;;
j26-087;Protocolo Dr. Jadson — Gagueira Expandida (J26-087);36–216 meses;Impacto emocional;4;Fica frustrado quando trava ao falar;;
j26-087;Protocolo Dr. Jadson — Gagueira Expandida (J26-087);36–216 meses;Impacto emocional;5;Tem baixa autoestima relacionada a fala;;
j26-087;Protocolo Dr. Jadson — Gagueira Expandida (J26-087);36–216 meses;Impacto emocional;6;O estresse ou emocao piora as disfluencias;;
j26-087;Protocolo Dr. Jadson — Gagueira Expandida (J26-087);36–216 meses;Evitacao e impacto funcional;1;Evita falar em situacoes especificas (aula, telefone);;
j26-087;Protocolo Dr. Jadson — Gagueira Expandida (J26-087);36–216 meses;Evitacao e impacto funcional;2;Troca palavras para evitar travar;;
j26-087;Protocolo Dr. Jadson — Gagueira Expandida (J26-087);36–216 meses;Evitacao e impacto funcional;3;Evita responder quando sabe a resposta;;
j26-087;Protocolo Dr. Jadson — Gagueira Expandida (J26-087);36–216 meses;Evitacao e impacto funcional;4;Deixou de participar de atividades por causa da gagueira;;
j26-087;Protocolo Dr. Jadson — Gagueira Expandida (J26-087);36–216 meses;Evitacao e impacto funcional;5;A gagueira prejudica relacionamentos ou desempenho escolar;;
j26-087;Protocolo Dr. Jadson — Gagueira Expandida (J26-087);36–216 meses;Evitacao e impacto funcional;6;Evita apresentacoes ou leitura em voz alta;;
j26-088;Protocolo Dr. Jadson — Linguagem Bilíngue NE (J26-088);36–144 meses;Lingua dominante (L1);1;Vocabulario compativel com a idade na L1;;
j26-088;Protocolo Dr. Jadson — Linguagem Bilíngue NE (J26-088);36–144 meses;Lingua dominante (L1);2;Estrutura de frases adequada na L1;;
j26-088;Protocolo Dr. Jadson — Linguagem Bilíngue NE (J26-088);36–144 meses;Lingua dominante (L1);3;Compreende instrucoes complexas na L1;;
j26-088;Protocolo Dr. Jadson — Linguagem Bilíngue NE (J26-088);36–144 meses;Lingua dominante (L1);4;Narra eventos com sequencia logica na L1;;
j26-088;Protocolo Dr. Jadson — Linguagem Bilíngue NE (J26-088);36–144 meses;Lingua dominante (L1);5;Usa a L1 espontaneamente com fluencia;;
j26-088;Protocolo Dr. Jadson — Linguagem Bilíngue NE (J26-088);36–144 meses;Lingua dominante (L1);6;Phonologia (sons) adequada para a L1;;
j26-088;Protocolo Dr. Jadson — Linguagem Bilíngue NE (J26-088);36–144 meses;Lingua dominante (L1);7;Memoria verbal funcional na L1;;
j26-088;Protocolo Dr. Jadson — Linguagem Bilíngue NE (J26-088);36–144 meses;Segunda lingua (L2);1;Vocabulario basico presente na L2;;
j26-088;Protocolo Dr. Jadson — Linguagem Bilíngue NE (J26-088);36–144 meses;Segunda lingua (L2);2;Compreende instrucoes simples na L2;;
j26-088;Protocolo Dr. Jadson — Linguagem Bilíngue NE (J26-088);36–144 meses;Segunda lingua (L2);3;Tenta se expressar na L2 mesmo com erros;;
j26-088;Protocolo Dr. Jadson — Linguagem Bilíngue NE (J26-088);36–144 meses;Segunda lingua (L2);4;Transferencia linguistica (interferencia) esperada para o nivel de exposicao;;
j26-088;Protocolo Dr. Jadson — Linguagem Bilíngue NE (J26-088);36–144 meses;Segunda lingua (L2);5;Progresso visivelmente maior na L2 com mais exposicao;;
j26-088;Protocolo Dr. Jadson — Linguagem Bilíngue NE (J26-088);36–144 meses;Segunda lingua (L2);6;Nao ha erros identicos nas duas linguas (o que sugeriria transtorno);;
j26-088;Protocolo Dr. Jadson — Linguagem Bilíngue NE (J26-088);36–144 meses;Diferenciacao de transtorno vs diferenca;1;Os erros sao tipicos de aprendiz bilingue, nao de transtorno;;
j26-088;Protocolo Dr. Jadson — Linguagem Bilíngue NE (J26-088);36–144 meses;Diferenciacao de transtorno vs diferenca;2;As dificuldades aparecem somente na L2 (e nao nas duas linguas);;
j26-088;Protocolo Dr. Jadson — Linguagem Bilíngue NE (J26-088);36–144 meses;Diferenciacao de transtorno vs diferenca;3;Historico de aquisicao e exposicao linguistica explicam o perfil atual;;
j26-088;Protocolo Dr. Jadson — Linguagem Bilíngue NE (J26-088);36–144 meses;Diferenciacao de transtorno vs diferenca;4;Pais/cuidadores nao relatam atraso na L1 nos primeiros 3 anos;;
j26-088;Protocolo Dr. Jadson — Linguagem Bilíngue NE (J26-088);36–144 meses;Diferenciacao de transtorno vs diferenca;5;Nao ha historico familiar de transtorno de linguagem;;
j26-088;Protocolo Dr. Jadson — Linguagem Bilíngue NE (J26-088);36–144 meses;Diferenciacao de transtorno vs diferenca;6;A crianca aprende vocabulario novo com relativa facilidade;;
j26-088;Protocolo Dr. Jadson — Linguagem Bilíngue NE (J26-088);36–144 meses;Diferenciacao de transtorno vs diferenca;7;O desempenho melhora claramente com exposicao e instrucao;;
j26-089;Protocolo Dr. Jadson — CAA Necessidades (J26-089);24–216 meses;Comunicação e pré-requisitos para CAA;1;Demonstra intenção de se comunicar;;
j26-089;Protocolo Dr. Jadson — CAA Necessidades (J26-089);24–216 meses;Comunicação e pré-requisitos para CAA;2;Usa o olhar dirigido para se comunicar;;
j26-089;Protocolo Dr. Jadson — CAA Necessidades (J26-089);24–216 meses;Comunicação e pré-requisitos para CAA;3;Usa gestos para pedir ou recusar;;
j26-089;Protocolo Dr. Jadson — CAA Necessidades (J26-089);24–216 meses;Comunicação e pré-requisitos para CAA;4;Aponta para pedir ou mostrar;;
j26-089;Protocolo Dr. Jadson — CAA Necessidades (J26-089);24–216 meses;Comunicação e pré-requisitos para CAA;5;Entende ordens simples faladas;;
j26-089;Protocolo Dr. Jadson — CAA Necessidades (J26-089);24–216 meses;Comunicação e pré-requisitos para CAA;6;Entende figuras ou fotos;;
j26-089;Protocolo Dr. Jadson — CAA Necessidades (J26-089);24–216 meses;Comunicação e pré-requisitos para CAA;7;Faz escolhas entre opções apresentadas;;
j26-089;Protocolo Dr. Jadson — CAA Necessidades (J26-089);24–216 meses;Comunicação e pré-requisitos para CAA;8;Usa sons, palavras ou aproximações;;
j26-089;Protocolo Dr. Jadson — CAA Necessidades (J26-089);24–216 meses;Comunicação e pré-requisitos para CAA;9;Tem controle motor para apontar ou tocar (prancha/tablet);;
j26-089;Protocolo Dr. Jadson — CAA Necessidades (J26-089);24–216 meses;Comunicação e pré-requisitos para CAA;10;Responde quando alguém se comunica com ela;;
j26-089;Protocolo Dr. Jadson — CAA Necessidades (J26-089);24–216 meses;Comunicação e pré-requisitos para CAA;11;Comunica diferentes funções (pedir, recusar, comentar);;
j26-089;Protocolo Dr. Jadson — CAA Necessidades (J26-089);24–216 meses;Comunicação e pré-requisitos para CAA;12;Aceita e se interessa por recursos visuais de comunicação;;
j26-090;Protocolo Dr. Jadson — Compreensão Oral Complexa (J26-090);60–144 meses;Compreensão oral;1;Entende frases longas e compostas;;
j26-090;Protocolo Dr. Jadson — Compreensão Oral Complexa (J26-090);60–144 meses;Compreensão oral;2;Segue instruções com 2-3 passos;;
j26-090;Protocolo Dr. Jadson — Compreensão Oral Complexa (J26-090);60–144 meses;Compreensão oral;3;Entende instruções com conceitos (antes/depois, se/então);;
j26-090;Protocolo Dr. Jadson — Compreensão Oral Complexa (J26-090);60–144 meses;Compreensão oral;4;Faz inferências (deduz o que não foi dito);;
j26-090;Protocolo Dr. Jadson — Compreensão Oral Complexa (J26-090);60–144 meses;Compreensão oral;5;Entende perguntas de “por que” e “como”;;
j26-090;Protocolo Dr. Jadson — Compreensão Oral Complexa (J26-090);60–144 meses;Compreensão oral;6;Entende metáforas e sentido figurado simples;;
j26-090;Protocolo Dr. Jadson — Compreensão Oral Complexa (J26-090);60–144 meses;Compreensão oral;7;Entende ironia e duplo sentido (conforme a idade);;
j26-090;Protocolo Dr. Jadson — Compreensão Oral Complexa (J26-090);60–144 meses;Compreensão oral;8;Acompanha uma história ouvida e responde sobre ela;;
j26-090;Protocolo Dr. Jadson — Compreensão Oral Complexa (J26-090);60–144 meses;Compreensão oral;9;Entende relações de causa e efeito no que ouve;;
j26-090;Protocolo Dr. Jadson — Compreensão Oral Complexa (J26-090);60–144 meses;Compreensão oral;10;Reconta o que entendeu mantendo o sentido;;
j26-090;Protocolo Dr. Jadson — Compreensão Oral Complexa (J26-090);60–144 meses;Compreensão oral;11;Identifica a ideia principal de um texto ouvido;;
j26-090;Protocolo Dr. Jadson — Compreensão Oral Complexa (J26-090);60–144 meses;Compreensão oral;12;Compreende vocabulário compatível com a idade;;
j26-091;Protocolo Dr. Jadson — Triagem Linguagem 18-36 Meses (J26-091);18–36 meses;Linguagem 18–36 meses;1;Fala pelo menos 10 a 20 palavras com sentido;;
j26-091;Protocolo Dr. Jadson — Triagem Linguagem 18-36 Meses (J26-091);18–36 meses;Linguagem 18–36 meses;2;Aponta para pedir ou mostrar;;
j26-091;Protocolo Dr. Jadson — Triagem Linguagem 18-36 Meses (J26-091);18–36 meses;Linguagem 18–36 meses;3;Entende ordens simples sem gesto;;
j26-091;Protocolo Dr. Jadson — Triagem Linguagem 18-36 Meses (J26-091);18–36 meses;Linguagem 18–36 meses;4;Aponta partes do corpo ou figuras quando são nomeadas;;
j26-091;Protocolo Dr. Jadson — Triagem Linguagem 18-36 Meses (J26-091);18–36 meses;Linguagem 18–36 meses;5;Junta duas palavras (“quer água”);;
j26-091;Protocolo Dr. Jadson — Triagem Linguagem 18-36 Meses (J26-091);18–36 meses;Linguagem 18–36 meses;6;Responde ao nome;;
j26-091;Protocolo Dr. Jadson — Triagem Linguagem 18-36 Meses (J26-091);18–36 meses;Linguagem 18–36 meses;7;Imita palavras que ouve;;
j26-091;Protocolo Dr. Jadson — Triagem Linguagem 18-36 Meses (J26-091);18–36 meses;Linguagem 18–36 meses;8;Nomeia objetos e pessoas familiares;;
j26-091;Protocolo Dr. Jadson — Triagem Linguagem 18-36 Meses (J26-091);18–36 meses;Linguagem 18–36 meses;9;Usa palavras para pedir o que quer;;
j26-091;Protocolo Dr. Jadson — Triagem Linguagem 18-36 Meses (J26-091);18–36 meses;Linguagem 18–36 meses;10;Entende perguntas simples (“cadê?”);;
j26-092;Protocolo Dr. Jadson — Discurso e Linguagem Escolar (J26-092);72–168 meses;Discurso e linguagem escolar;1;Explica um procedimento ou como algo funciona;;
j26-092;Protocolo Dr. Jadson — Discurso e Linguagem Escolar (J26-092);72–168 meses;Discurso e linguagem escolar;2;Argumenta e defende uma opinião;;
j26-092;Protocolo Dr. Jadson — Discurso e Linguagem Escolar (J26-092);72–168 meses;Discurso e linguagem escolar;3;Descreve objetos, lugares ou pessoas com detalhes;;
j26-092;Protocolo Dr. Jadson — Discurso e Linguagem Escolar (J26-092);72–168 meses;Discurso e linguagem escolar;4;Relata acontecimentos de forma organizada;;
j26-092;Protocolo Dr. Jadson — Discurso e Linguagem Escolar (J26-092);72–168 meses;Discurso e linguagem escolar;5;Usa vocabulário acadêmico adequado;;
j26-092;Protocolo Dr. Jadson — Discurso e Linguagem Escolar (J26-092);72–168 meses;Discurso e linguagem escolar;6;Responde a perguntas abertas com elaboração;;
j26-092;Protocolo Dr. Jadson — Discurso e Linguagem Escolar (J26-092);72–168 meses;Discurso e linguagem escolar;7;Organiza as ideias de forma lógica;;
j26-092;Protocolo Dr. Jadson — Discurso e Linguagem Escolar (J26-092);72–168 meses;Discurso e linguagem escolar;8;Usa conectivos para ligar as ideias;;
j26-092;Protocolo Dr. Jadson — Discurso e Linguagem Escolar (J26-092);72–168 meses;Discurso e linguagem escolar;9;Adapta a linguagem à tarefa escolar;;
j26-092;Protocolo Dr. Jadson — Discurso e Linguagem Escolar (J26-092);72–168 meses;Discurso e linguagem escolar;10;Compreende e usa os termos de cada matéria;;
j26-092;Protocolo Dr. Jadson — Discurso e Linguagem Escolar (J26-092);72–168 meses;Discurso e linguagem escolar;11;Participa de discussões em sala;;
j26-092;Protocolo Dr. Jadson — Discurso e Linguagem Escolar (J26-092);72–168 meses;Discurso e linguagem escolar;12;Comunica o que aprendeu de forma clara;;
j26-093;Protocolo Dr. Jadson — Prosódia e Entonação (J26-093);36–144 meses;Prosódia, entonação e ritmo;1;A fala tem entonação natural (sobe e desce);;
j26-093;Protocolo Dr. Jadson — Prosódia e Entonação (J26-093);36–144 meses;Prosódia, entonação e ritmo;2;Demonstra emoção pela voz (alegria, dúvida, surpresa);;
j26-093;Protocolo Dr. Jadson — Prosódia e Entonação (J26-093);36–144 meses;Prosódia, entonação e ritmo;3;Não soa monótona ou robótica;;
j26-093;Protocolo Dr. Jadson — Prosódia e Entonação (J26-093);36–144 meses;Prosódia, entonação e ritmo;4;Não soa “cantada” ou artificial demais;;
j26-093;Protocolo Dr. Jadson — Prosódia e Entonação (J26-093);36–144 meses;Prosódia, entonação e ritmo;5;Usa um ritmo de fala adequado (nem rápido, nem lento demais);;
j26-093;Protocolo Dr. Jadson — Prosódia e Entonação (J26-093);36–144 meses;Prosódia, entonação e ritmo;6;Faz as pausas certas entre as ideias;;
j26-093;Protocolo Dr. Jadson — Prosódia e Entonação (J26-093);36–144 meses;Prosódia, entonação e ritmo;7;Dá ênfase às palavras importantes;;
j26-093;Protocolo Dr. Jadson — Prosódia e Entonação (J26-093);36–144 meses;Prosódia, entonação e ritmo;8;Ajusta o volume ao contexto;;
j26-093;Protocolo Dr. Jadson — Prosódia e Entonação (J26-093);36–144 meses;Prosódia, entonação e ritmo;9;A entonação combina com a intenção (pergunta, afirmação);;
j26-093;Protocolo Dr. Jadson — Prosódia e Entonação (J26-093);36–144 meses;Prosódia, entonação e ritmo;10;Entende a emoção do outro pelo tom de voz;;
j26-093;Protocolo Dr. Jadson — Prosódia e Entonação (J26-093);36–144 meses;Prosódia, entonação e ritmo;11;Diferencia pergunta de afirmação pela entonação;;
j26-093;Protocolo Dr. Jadson — Prosódia e Entonação (J26-093);36–144 meses;Prosódia, entonação e ritmo;12;A prosódia ajuda (e não atrapalha) a comunicação;;
j26-094;Protocolo Dr. Jadson — Fluência de Leitura (J26-094);72–168 meses;Leitura oral;1;Lê palavras conhecidas com rapidez (sem soletrar);;
j26-094;Protocolo Dr. Jadson — Fluência de Leitura (J26-094);72–168 meses;Leitura oral;2;Lê com precisão (poucos erros);;
j26-094;Protocolo Dr. Jadson — Fluência de Leitura (J26-094);72–168 meses;Leitura oral;3;Lê palavras novas decodificando os sons;;
j26-094;Protocolo Dr. Jadson — Fluência de Leitura (J26-094);72–168 meses;Leitura oral;4;Lê com ritmo e fluidez (não silabado);;
j26-094;Protocolo Dr. Jadson — Fluência de Leitura (J26-094);72–168 meses;Leitura oral;5;Respeita a pontuação ao ler;;
j26-094;Protocolo Dr. Jadson — Fluência de Leitura (J26-094);72–168 meses;Leitura oral;6;Lê com entonação adequada;;
j26-094;Protocolo Dr. Jadson — Fluência de Leitura (J26-094);72–168 meses;Leitura oral;7;Tem velocidade de leitura compatível com a série;;
j26-094;Protocolo Dr. Jadson — Fluência de Leitura (J26-094);72–168 meses;Leitura oral;8;Não troca, omite ou inverte letras ao ler;;
j26-094;Protocolo Dr. Jadson — Fluência de Leitura (J26-094);72–168 meses;Leitura oral;9;Reconhece palavras frequentes de imediato;;
j26-094;Protocolo Dr. Jadson — Fluência de Leitura (J26-094);72–168 meses;Leitura oral;10;Entende o que leu (compreensão);;
j26-094;Protocolo Dr. Jadson — Fluência de Leitura (J26-094);72–168 meses;Leitura oral;11;Mantém o lugar na linha sem se perder;;
j26-094;Protocolo Dr. Jadson — Fluência de Leitura (J26-094);72–168 meses;Leitura oral;12;Lê textos da série sem grande esforço;;
j26-095;Protocolo Dr. Jadson — Padrão de Erros Ortográficos (J26-095);72–168 meses;Erros fonologicos;1;Troca letras com sons parecidos (f/v, p/b, t/d, s/z);;
j26-095;Protocolo Dr. Jadson — Padrão de Erros Ortográficos (J26-095);72–168 meses;Erros fonologicos;2;Omite letras ou silabas dentro da palavra;;
j26-095;Protocolo Dr. Jadson — Padrão de Erros Ortográficos (J26-095);72–168 meses;Erros fonologicos;3;Adiciona letras ou silabas que nao existem;;
j26-095;Protocolo Dr. Jadson — Padrão de Erros Ortográficos (J26-095);72–168 meses;Erros fonologicos;4;Troca a ordem das letras dentro da palavra (inversao);;
j26-095;Protocolo Dr. Jadson — Padrão de Erros Ortográficos (J26-095);72–168 meses;Erros fonologicos;5;Escreve como fala sem considerar a norma ortografica;;
j26-095;Protocolo Dr. Jadson — Padrão de Erros Ortográficos (J26-095);72–168 meses;Erros ortograficos e gramaticais;1;Troca letras de uso ortografico (ss/c/s, lh/li, nh/ni);;
j26-095;Protocolo Dr. Jadson — Padrão de Erros Ortográficos (J26-095);72–168 meses;Erros ortograficos e gramaticais;2;Erra acentuacao grafica de forma sistematica;;
j26-095;Protocolo Dr. Jadson — Padrão de Erros Ortográficos (J26-095);72–168 meses;Erros ortograficos e gramaticais;3;Junta palavras que devem ser separadas (debaixo, nafesta);;
j26-095;Protocolo Dr. Jadson — Padrão de Erros Ortográficos (J26-095);72–168 meses;Erros ortograficos e gramaticais;4;Separa palavras que devem ser juntas (de baixo virou 2 palavras);;
j26-095;Protocolo Dr. Jadson — Padrão de Erros Ortográficos (J26-095);72–168 meses;Erros ortograficos e gramaticais;5;Erra a concordancia ao escrever (fruta gostosa vs frutas gostosa);;
j26-095;Protocolo Dr. Jadson — Padrão de Erros Ortográficos (J26-095);72–168 meses;Padroes de erro e impacto;1;Os erros seguem um padrao consistente (nao sao aleatorios);;
j26-095;Protocolo Dr. Jadson — Padrão de Erros Ortográficos (J26-095);72–168 meses;Padroes de erro e impacto;2;Os erros persistem mesmo com correcao e pratica;;
j26-095;Protocolo Dr. Jadson — Padrão de Erros Ortográficos (J26-095);72–168 meses;Padroes de erro e impacto;3;Os erros prejudicam a compreensao do que escreveu;;
j26-095;Protocolo Dr. Jadson — Padrão de Erros Ortográficos (J26-095);72–168 meses;Padroes de erro e impacto;4;A quantidade de erros e maior que a dos colegas da mesma serie;;
j26-095;Protocolo Dr. Jadson — Padrão de Erros Ortográficos (J26-095);72–168 meses;Padroes de erro e impacto;5;Os erros afetam a autoestima ou a participacao nas tarefas escritas;;
j26-096;Protocolo Dr. Jadson — Ansiedade Matemática (J26-096);72–216 meses;Reacao emocional a matematica;1;Fica ansioso ou angustiado quando tem aula de matematica;;
j26-096;Protocolo Dr. Jadson — Ansiedade Matemática (J26-096);72–216 meses;Reacao emocional a matematica;2;Sente o coracao acelerar ou o estomago apertar antes de uma prova de matematica;;
j26-096;Protocolo Dr. Jadson — Ansiedade Matemática (J26-096);72–216 meses;Reacao emocional a matematica;3;Trava e esquece o que sabia quando a prova comeca;;
j26-096;Protocolo Dr. Jadson — Ansiedade Matemática (J26-096);72–216 meses;Reacao emocional a matematica;4;Sente medo de errar e de ser julgado na aula de matematica;;
j26-096;Protocolo Dr. Jadson — Ansiedade Matemática (J26-096);72–216 meses;Reacao emocional a matematica;5;Evita fazer as licoes de matematica por causa da ansiedade;;
j26-096;Protocolo Dr. Jadson — Ansiedade Matemática (J26-096);72–216 meses;Reacao emocional a matematica;6;Acredita que nunca vai conseguir aprender matematica;;
j26-096;Protocolo Dr. Jadson — Ansiedade Matemática (J26-096);72–216 meses;Reacao emocional a matematica;7;A ansiedade piora mesmo quando o conteudo e conhecido;;
j26-096;Protocolo Dr. Jadson — Ansiedade Matemática (J26-096);72–216 meses;Impacto no desempenho e evitacao;1;O desempenho na prova e pior do que nas atividades em casa;;
j26-096;Protocolo Dr. Jadson — Ansiedade Matemática (J26-096);72–216 meses;Impacto no desempenho e evitacao;2;Pede para faltar na aula nos dias de prova de matematica;;
j26-096;Protocolo Dr. Jadson — Ansiedade Matemática (J26-096);72–216 meses;Impacto no desempenho e evitacao;3;Desiste de resolver um problema antes de tentar;;
j26-096;Protocolo Dr. Jadson — Ansiedade Matemática (J26-096);72–216 meses;Impacto no desempenho e evitacao;4;Prefere nao responder a arriscar uma resposta errada;;
j26-096;Protocolo Dr. Jadson — Ansiedade Matemática (J26-096);72–216 meses;Impacto no desempenho e evitacao;5;A ansiedade afeta o sono na vespera de provas de matematica;;
j26-096;Protocolo Dr. Jadson — Ansiedade Matemática (J26-096);72–216 meses;Impacto no desempenho e evitacao;6;Evita profissoes ou cursos que envolvam matematica por medo;;
j26-096;Protocolo Dr. Jadson — Ansiedade Matemática (J26-096);72–216 meses;Impacto no desempenho e evitacao;7;A turma nota que a crianca treme ou fica paralisada na lousa;;
j26-097;Protocolo Dr. Jadson — Expressão Escrita (J26-097);72–168 meses;Escrita e caligrafia;1;Tem letra legível;;
j26-097;Protocolo Dr. Jadson — Expressão Escrita (J26-097);72–168 meses;Escrita e caligrafia;2;Mantém o tamanho das letras uniforme;;
j26-097;Protocolo Dr. Jadson — Expressão Escrita (J26-097);72–168 meses;Escrita e caligrafia;3;Respeita a linha e as margens;;
j26-097;Protocolo Dr. Jadson — Expressão Escrita (J26-097);72–168 meses;Escrita e caligrafia;4;Tem espaçamento adequado entre as palavras;;
j26-097;Protocolo Dr. Jadson — Expressão Escrita (J26-097);72–168 meses;Escrita e caligrafia;5;Escreve com velocidade compatível com a série;;
j26-097;Protocolo Dr. Jadson — Expressão Escrita (J26-097);72–168 meses;Escrita e caligrafia;6;Forma as letras corretamente (traçado);;
j26-097;Protocolo Dr. Jadson — Expressão Escrita (J26-097);72–168 meses;Escrita e caligrafia;7;Organiza o texto no espaço da folha;;
j26-097;Protocolo Dr. Jadson — Expressão Escrita (J26-097);72–168 meses;Escrita e caligrafia;8;Compõe frases completas e organizadas;;
j26-097;Protocolo Dr. Jadson — Expressão Escrita (J26-097);72–168 meses;Escrita e caligrafia;9;Organiza as ideias em parágrafos;;
j26-097;Protocolo Dr. Jadson — Expressão Escrita (J26-097);72–168 meses;Escrita e caligrafia;10;Usa pontuação ao escrever;;
j26-097;Protocolo Dr. Jadson — Expressão Escrita (J26-097);72–168 meses;Escrita e caligrafia;11;Escreve sem dor ou cansaço excessivo na mão;;
j26-097;Protocolo Dr. Jadson — Expressão Escrita (J26-097);72–168 meses;Escrita e caligrafia;12;Copia e produz texto sem esforço excessivo;;
j26-098;Protocolo Dr. Jadson — Habilidades de Estudo (J26-098);96–216 meses;Estudo e organização;1;Organiza o material de estudo;;
j26-098;Protocolo Dr. Jadson — Habilidades de Estudo (J26-098);96–216 meses;Estudo e organização;2;Tem um lugar e um horário para estudar;;
j26-098;Protocolo Dr. Jadson — Habilidades de Estudo (J26-098);96–216 meses;Estudo e organização;3;Anota as tarefas e os prazos;;
j26-098;Protocolo Dr. Jadson — Habilidades de Estudo (J26-098);96–216 meses;Estudo e organização;4;Faz resumos ou esquemas do conteúdo;;
j26-098;Protocolo Dr. Jadson — Habilidades de Estudo (J26-098);96–216 meses;Estudo e organização;5;Revisa o que aprendeu;;
j26-098;Protocolo Dr. Jadson — Habilidades de Estudo (J26-098);96–216 meses;Estudo e organização;6;Planeja a semana de provas;;
j26-098;Protocolo Dr. Jadson — Habilidades de Estudo (J26-098);96–216 meses;Estudo e organização;7;Divide tarefas grandes em partes;;
j26-098;Protocolo Dr. Jadson — Habilidades de Estudo (J26-098);96–216 meses;Estudo e organização;8;Estuda sem precisar de lembrete constante;;
j26-098;Protocolo Dr. Jadson — Habilidades de Estudo (J26-098);96–216 meses;Estudo e organização;9;Identifica o que não entendeu e busca ajuda;;
j26-098;Protocolo Dr. Jadson — Habilidades de Estudo (J26-098);96–216 meses;Estudo e organização;10;Administra o tempo durante as tarefas;;
j26-098;Protocolo Dr. Jadson — Habilidades de Estudo (J26-098);96–216 meses;Estudo e organização;11;Mantém o foco enquanto estuda;;
j26-098;Protocolo Dr. Jadson — Habilidades de Estudo (J26-098);96–216 meses;Estudo e organização;12;Usa estratégias para memorizar (associação, repetição);;
j26-099;Protocolo Dr. Jadson — Motivação Escolar (J26-099);72–216 meses;Motivacao intrinseca;1;Nao demonstra curiosidade por nenhuma materia;;
j26-099;Protocolo Dr. Jadson — Motivação Escolar (J26-099);72–216 meses;Motivacao intrinseca;2;Nunca faz atividade escolar por vontade propria;;
j26-099;Protocolo Dr. Jadson — Motivação Escolar (J26-099);72–216 meses;Motivacao intrinseca;3;Nao sente prazer em aprender coisas novas na escola;;
j26-099;Protocolo Dr. Jadson — Motivação Escolar (J26-099);72–216 meses;Motivacao intrinseca;4;Nao tem assuntos escolares de que gosta ou se interessa;;
j26-099;Protocolo Dr. Jadson — Motivação Escolar (J26-099);72–216 meses;Motivacao intrinseca;5;Desiste rapido diante de uma atividade desafiadora;;
j26-099;Protocolo Dr. Jadson — Motivação Escolar (J26-099);72–216 meses;Motivacao intrinseca;6;Nao conecta o que aprende na escola com a sua vida;;
j26-099;Protocolo Dr. Jadson — Motivação Escolar (J26-099);72–216 meses;Motivacao intrinseca;7;Sente que a escola nao tem sentido para o seu futuro;;
j26-099;Protocolo Dr. Jadson — Motivação Escolar (J26-099);72–216 meses;Motivacao extrinseca e pressao;1;So faz a licao se houver recompensa imediata;;
j26-099;Protocolo Dr. Jadson — Motivação Escolar (J26-099);72–216 meses;Motivacao extrinseca e pressao;2;Estuda apenas para evitar punicao, nao para aprender;;
j26-099;Protocolo Dr. Jadson — Motivação Escolar (J26-099);72–216 meses;Motivacao extrinseca e pressao;3;Sente pressao excessiva de notas que paralisa em vez de motivar;;
j26-099;Protocolo Dr. Jadson — Motivação Escolar (J26-099);72–216 meses;Motivacao extrinseca e pressao;4;Compara o proprio desempenho com o dos colegas de forma desmotivante;;
j26-099;Protocolo Dr. Jadson — Motivação Escolar (J26-099);72–216 meses;Motivacao extrinseca e pressao;5;A escola ou os pais cobram de forma que gera mais ansiedade que motivacao;;
j26-099;Protocolo Dr. Jadson — Motivação Escolar (J26-099);72–216 meses;Motivacao extrinseca e pressao;6;Nao recebe reconhecimento quando se esforça;;
j26-099;Protocolo Dr. Jadson — Motivação Escolar (J26-099);72–216 meses;Motivacao extrinseca e pressao;7;Nao ve relacao entre o esforco e os resultados obtidos;;
j26-100;Protocolo Dr. Jadson — Dislexia Risco (J26-100);60–96 meses;Consciencia fonologica e rima;1;Identifica palavras que rimam (gato/pato);;
j26-100;Protocolo Dr. Jadson — Dislexia Risco (J26-100);60–96 meses;Consciencia fonologica e rima;2;Segmenta palavras em silabas batendo palmas;;
j26-100;Protocolo Dr. Jadson — Dislexia Risco (J26-100);60–96 meses;Consciencia fonologica e rima;3;Identifica o som inicial de uma palavra;;
j26-100;Protocolo Dr. Jadson — Dislexia Risco (J26-100);60–96 meses;Consciencia fonologica e rima;4;Identifica o som final de uma palavra;;
j26-100;Protocolo Dr. Jadson — Dislexia Risco (J26-100);60–96 meses;Consciencia fonologica e rima;5;Manipula fonemas (tira o P de pato e fica ato);;
j26-100;Protocolo Dr. Jadson — Dislexia Risco (J26-100);60–96 meses;Consciencia fonologica e rima;6;Distingue palavras com sons parecidos (faca/vaca, bolo/polo);;
j26-100;Protocolo Dr. Jadson — Dislexia Risco (J26-100);60–96 meses;Nomeacao rapida e memoria fonologica;1;Nomeia cores, letras ou numeros rapidamente (nomeacao rapida);;
j26-100;Protocolo Dr. Jadson — Dislexia Risco (J26-100);60–96 meses;Nomeacao rapida e memoria fonologica;2;Repete palavras sem sentido de 3 ou mais silabas;;
j26-100;Protocolo Dr. Jadson — Dislexia Risco (J26-100);60–96 meses;Nomeacao rapida e memoria fonologica;3;Lembra sequencias de sons ou palavras (memoria fonologica);;
j26-100;Protocolo Dr. Jadson — Dislexia Risco (J26-100);60–96 meses;Nomeacao rapida e memoria fonologica;4;Aprende o nome de letras e sons sem muita dificuldade;;
j26-100;Protocolo Dr. Jadson — Dislexia Risco (J26-100);60–96 meses;Nomeacao rapida e memoria fonologica;5;Associa letras a sons de forma consistente;;
j26-100;Protocolo Dr. Jadson — Dislexia Risco (J26-100);60–96 meses;Nomeacao rapida e memoria fonologica;6;Reconhece palavras familiares sem precisar decodificar letra por letra;;
j26-100;Protocolo Dr. Jadson — Dislexia Risco (J26-100);60–96 meses;Nomeacao rapida e memoria fonologica;7;Aprende palavras novas com relativa facilidade;;
j26-100;Protocolo Dr. Jadson — Dislexia Risco (J26-100);60–96 meses;Nomeacao rapida e memoria fonologica;8;O desempenho em leitura melhora visivelmente com instrucao fonica explicita;;
j26-100;Protocolo Dr. Jadson — Dislexia Risco (J26-100);60–96 meses;Nomeacao rapida e memoria fonologica;9;Familiaridade com rimas e musicas e compativel com a idade;;
j26-100;Protocolo Dr. Jadson — Dislexia Risco (J26-100);60–96 meses;Nomeacao rapida e memoria fonologica;10;Reconhece seu proprio nome escrito;;
j26-101;Protocolo Dr. Jadson — Discalculia Triagem (J26-101);72–168 meses;Raciocínio numérico;1;Conta objetos corretamente (contagem);;
j26-101;Protocolo Dr. Jadson — Discalculia Triagem (J26-101);72–168 meses;Raciocínio numérico;2;Reconhece os números (símbolos);;
j26-101;Protocolo Dr. Jadson — Discalculia Triagem (J26-101);72–168 meses;Raciocínio numérico;3;Compara quantidades (qual é maior ou menor);;
j26-101;Protocolo Dr. Jadson — Discalculia Triagem (J26-101);72–168 meses;Raciocínio numérico;4;Entende o valor posicional (unidade, dezena);;
j26-101;Protocolo Dr. Jadson — Discalculia Triagem (J26-101);72–168 meses;Raciocínio numérico;5;Faz somas simples;;
j26-101;Protocolo Dr. Jadson — Discalculia Triagem (J26-101);72–168 meses;Raciocínio numérico;6;Faz subtrações simples;;
j26-101;Protocolo Dr. Jadson — Discalculia Triagem (J26-101);72–168 meses;Raciocínio numérico;7;Sabe as operações básicas para a série;;
j26-101;Protocolo Dr. Jadson — Discalculia Triagem (J26-101);72–168 meses;Raciocínio numérico;8;Resolve problemas matemáticos simples;;
j26-101;Protocolo Dr. Jadson — Discalculia Triagem (J26-101);72–168 meses;Raciocínio numérico;9;Estima quantidades de forma razoável;;
j26-101;Protocolo Dr. Jadson — Discalculia Triagem (J26-101);72–168 meses;Raciocínio numérico;10;Memoriza fatos numéricos (tabuada básica);;
j26-101;Protocolo Dr. Jadson — Discalculia Triagem (J26-101);72–168 meses;Raciocínio numérico;11;Entende conceitos de tempo, dinheiro e medida;;
j26-101;Protocolo Dr. Jadson — Discalculia Triagem (J26-101);72–168 meses;Raciocínio numérico;12;Acompanha a matemática da série sem grande dificuldade;;
j26-102;Protocolo Dr. Jadson — Dificuldade de Cópia e Ditado (J26-102);72–144 meses;Cópia e ditado;1;Copia do quadro sem omitir partes;;
j26-102;Protocolo Dr. Jadson — Dificuldade de Cópia e Ditado (J26-102);72–144 meses;Cópia e ditado;2;Copia com velocidade compatível com a turma;;
j26-102;Protocolo Dr. Jadson — Dificuldade de Cópia e Ditado (J26-102);72–144 meses;Cópia e ditado;3;Copia sem trocar ou inverter letras;;
j26-102;Protocolo Dr. Jadson — Dificuldade de Cópia e Ditado (J26-102);72–144 meses;Cópia e ditado;4;Mantém a organização ao copiar (alinhamento);;
j26-102;Protocolo Dr. Jadson — Dificuldade de Cópia e Ditado (J26-102);72–144 meses;Cópia e ditado;5;Escreve corretamente palavras ditadas;;
j26-102;Protocolo Dr. Jadson — Dificuldade de Cópia e Ditado (J26-102);72–144 meses;Cópia e ditado;6;Escreve frases ditadas mantendo o sentido;;
j26-102;Protocolo Dr. Jadson — Dificuldade de Cópia e Ditado (J26-102);72–144 meses;Cópia e ditado;7;Acompanha o ritmo do ditado da turma;;
j26-102;Protocolo Dr. Jadson — Dificuldade de Cópia e Ditado (J26-102);72–144 meses;Cópia e ditado;8;Não se perde de onde parou ao copiar;;
j26-102;Protocolo Dr. Jadson — Dificuldade de Cópia e Ditado (J26-102);72–144 meses;Cópia e ditado;9;Faz a correspondência som-letra ao escrever;;
j26-102;Protocolo Dr. Jadson — Dificuldade de Cópia e Ditado (J26-102);72–144 meses;Cópia e ditado;10;Mantém a legibilidade na cópia e no ditado;;
j26-102;Protocolo Dr. Jadson — Dificuldade de Cópia e Ditado (J26-102);72–144 meses;Cópia e ditado;11;Copia textos longos sem grande esforço;;
j26-102;Protocolo Dr. Jadson — Dificuldade de Cópia e Ditado (J26-102);72–144 meses;Cópia e ditado;12;Termina as tarefas de cópia no tempo da aula;;
j26-103;Protocolo Dr. Jadson — Comportamento Dever de Casa (J26-103);72–168 meses;Resistencia e emocao;1;Chora ou faz birra quando e hora do dever;;
j26-103;Protocolo Dr. Jadson — Comportamento Dever de Casa (J26-103);72–168 meses;Resistencia e emocao;2;Entra em colapso emocional durante a realizacao do dever;;
j26-103;Protocolo Dr. Jadson — Comportamento Dever de Casa (J26-103);72–168 meses;Resistencia e emocao;3;Reclama muito antes de comecar;;
j26-103;Protocolo Dr. Jadson — Comportamento Dever de Casa (J26-103);72–168 meses;Resistencia e emocao;4;Demonstra angustia ou ansiedade intensa so de ver o caderno;;
j26-103;Protocolo Dr. Jadson — Comportamento Dever de Casa (J26-103);72–168 meses;Resistencia e emocao;5;A hora do dever termina em conflito familiar;;
j26-103;Protocolo Dr. Jadson — Comportamento Dever de Casa (J26-103);72–168 meses;Resistencia e emocao;6;Recusa-se completamente a tentar fazer o dever;;
j26-103;Protocolo Dr. Jadson — Comportamento Dever de Casa (J26-103);72–168 meses;Resistencia e emocao;7;A angustia com o dever afeta o sono ou o jantar;;
j26-103;Protocolo Dr. Jadson — Comportamento Dever de Casa (J26-103);72–168 meses;Organizacao e desempenho;1;Leva horas para terminar uma licao simples;;
j26-103;Protocolo Dr. Jadson — Comportamento Dever de Casa (J26-103);72–168 meses;Organizacao e desempenho;2;Nao sabe o que foi mandado para casa;;
j26-103;Protocolo Dr. Jadson — Comportamento Dever de Casa (J26-103);72–168 meses;Organizacao e desempenho;3;Esquece o material necessario na escola;;
j26-103;Protocolo Dr. Jadson — Comportamento Dever de Casa (J26-103);72–168 meses;Organizacao e desempenho;4;Começa mas nao termina as atividades;;
j26-103;Protocolo Dr. Jadson — Comportamento Dever de Casa (J26-103);72–168 meses;Organizacao e desempenho;5;Precisa de ajuda intensa a cada tarefa (nao consegue autonomia);;
j26-103;Protocolo Dr. Jadson — Comportamento Dever de Casa (J26-103);72–168 meses;Organizacao e desempenho;6;O caderno chega em branco ou incompleto;;
j26-103;Protocolo Dr. Jadson — Comportamento Dever de Casa (J26-103);72–168 meses;Organizacao e desempenho;7;Faz o dever, mas esquece de entregar;;
j26-104;Protocolo Dr. Jadson — Inclusão Escolar TEA/TDAH (J26-104);48–192 meses;Sucesso da inclusão;1;A escola fez as adaptações necessárias;;
j26-104;Protocolo Dr. Jadson — Inclusão Escolar TEA/TDAH (J26-104);48–192 meses;Sucesso da inclusão;2;O professor compreende as necessidades da criança;;
j26-104;Protocolo Dr. Jadson — Inclusão Escolar TEA/TDAH (J26-104);48–192 meses;Sucesso da inclusão;3;A criança participa das atividades da turma;;
j26-104;Protocolo Dr. Jadson — Inclusão Escolar TEA/TDAH (J26-104);48–192 meses;Sucesso da inclusão;4;A criança está avançando na aprendizagem;;
j26-104;Protocolo Dr. Jadson — Inclusão Escolar TEA/TDAH (J26-104);48–192 meses;Sucesso da inclusão;5;A criança é aceita e incluída pelos colegas;;
j26-104;Protocolo Dr. Jadson — Inclusão Escolar TEA/TDAH (J26-104);48–192 meses;Sucesso da inclusão;6;Há comunicação entre escola e família;;
j26-104;Protocolo Dr. Jadson — Inclusão Escolar TEA/TDAH (J26-104);48–192 meses;Sucesso da inclusão;7;A criança tem apoio (mediador/AEE) quando necessário;;
j26-104;Protocolo Dr. Jadson — Inclusão Escolar TEA/TDAH (J26-104);48–192 meses;Sucesso da inclusão;8;As avaliações são adaptadas quando preciso;;
j26-104;Protocolo Dr. Jadson — Inclusão Escolar TEA/TDAH (J26-104);48–192 meses;Sucesso da inclusão;9;A criança se sente bem em ir à escola;;
j26-104;Protocolo Dr. Jadson — Inclusão Escolar TEA/TDAH (J26-104);48–192 meses;Sucesso da inclusão;10;Há um plano educacional individualizado em uso;;
j26-104;Protocolo Dr. Jadson — Inclusão Escolar TEA/TDAH (J26-104);48–192 meses;Sucesso da inclusão;11;Os profissionais externos dialogam com a escola;;
j26-104;Protocolo Dr. Jadson — Inclusão Escolar TEA/TDAH (J26-104);48–192 meses;Sucesso da inclusão;12;A inclusão está, no geral, funcionando bem;;
j26-105;Protocolo Dr. Jadson — Avaliação Pré-ENEM (J26-105);168–216 meses;TDAH - necessidades documentadas;1;Diagnostico formal de TDAH documentado por especialista;;
j26-105;Protocolo Dr. Jadson — Avaliação Pré-ENEM (J26-105);168–216 meses;TDAH - necessidades documentadas;2;Dificuldade de sustentar atencao em provas longas (mais de 3 horas);;
j26-105;Protocolo Dr. Jadson — Avaliação Pré-ENEM (J26-105);168–216 meses;TDAH - necessidades documentadas;3;Impulsividade que compromete a revisao das respostas;;
j26-105;Protocolo Dr. Jadson — Avaliação Pré-ENEM (J26-105);168–216 meses;TDAH - necessidades documentadas;4;Necessidade de tempo adicional para concluir a prova;;
j26-105;Protocolo Dr. Jadson — Avaliação Pré-ENEM (J26-105);168–216 meses;TDAH - necessidades documentadas;5;Historico de desempenho abaixo do potencial em simulados extensos;;
j26-105;Protocolo Dr. Jadson — Avaliação Pré-ENEM (J26-105);168–216 meses;TDAH - necessidades documentadas;6;Uso de medicacao para TDAH com efeito documentado;;
j26-105;Protocolo Dr. Jadson — Avaliação Pré-ENEM (J26-105);168–216 meses;TDAH - necessidades documentadas;7;Relatorio escolar confirmando impacto do TDAH nas avaliacoes;;
j26-105;Protocolo Dr. Jadson — Avaliação Pré-ENEM (J26-105);168–216 meses;TDAH - necessidades documentadas;8;Beneficio documentado de pausas durante a realizacao de tarefas longas;;
j26-105;Protocolo Dr. Jadson — Avaliação Pré-ENEM (J26-105);168–216 meses;Dislexia - necessidades documentadas;1;Diagnostico formal de dislexia documentado por especialista;;
j26-105;Protocolo Dr. Jadson — Avaliação Pré-ENEM (J26-105);168–216 meses;Dislexia - necessidades documentadas;2;Lentidao de leitura documentada (abaixo da media para a idade/escolaridade);;
j26-105;Protocolo Dr. Jadson — Avaliação Pré-ENEM (J26-105);168–216 meses;Dislexia - necessidades documentadas;3;Precisao de leitura comprometida (troca, omissao, inversao de letras);;
j26-105;Protocolo Dr. Jadson — Avaliação Pré-ENEM (J26-105);168–216 meses;Dislexia - necessidades documentadas;4;Necessidade de tempo adicional para leitura e processamento de textos;;
j26-105;Protocolo Dr. Jadson — Avaliação Pré-ENEM (J26-105);168–216 meses;Dislexia - necessidades documentadas;5;Beneficio de ledor ou audiodescrição para redacoes e enunciados;;
j26-105;Protocolo Dr. Jadson — Avaliação Pré-ENEM (J26-105);168–216 meses;Dislexia - necessidades documentadas;6;Impacto da dislexia na producao escrita (caligrafia, ortografia);;
j26-105;Protocolo Dr. Jadson — Avaliação Pré-ENEM (J26-105);168–216 meses;Dislexia - necessidades documentadas;7;Historico de dificuldades em provas com textos extensos;;
j26-105;Protocolo Dr. Jadson — Avaliação Pré-ENEM (J26-105);168–216 meses;Dislexia - necessidades documentadas;8;Historico de uso de tecnologia assistiva (leitor de tela, synthese de voz);;
j26-105;Protocolo Dr. Jadson — Avaliação Pré-ENEM (J26-105);168–216 meses;TEA - necessidades documentadas;1;Diagnostico formal de TEA documentado por especialista;;
j26-105;Protocolo Dr. Jadson — Avaliação Pré-ENEM (J26-105);168–216 meses;TEA - necessidades documentadas;2;Dificuldade em contextos de muita estimulacao sensorial (barulho, movimento);;
j26-105;Protocolo Dr. Jadson — Avaliação Pré-ENEM (J26-105);168–216 meses;TEA - necessidades documentadas;3;Necessidade de sala separada ou ambiente com menos distracao;;
j26-105;Protocolo Dr. Jadson — Avaliação Pré-ENEM (J26-105);168–216 meses;TEA - necessidades documentadas;4;Dificuldade em interpretar instrucoes ambiguas ou figuradas em textos;;
j26-105;Protocolo Dr. Jadson — Avaliação Pré-ENEM (J26-105);168–216 meses;TEA - necessidades documentadas;5;Necessidade de tempo adicional por processamento diferenciado;;
j26-105;Protocolo Dr. Jadson — Avaliação Pré-ENEM (J26-105);168–216 meses;TEA - necessidades documentadas;6;Historico documentado de adaptacoes escolares bem-sucedidas;;
j26-105;Protocolo Dr. Jadson — Avaliação Pré-ENEM (J26-105);168–216 meses;TEA - necessidades documentadas;7;Impacto de ansiedade nas situacoes de prova formal documentado;;
j26-105;Protocolo Dr. Jadson — Avaliação Pré-ENEM (J26-105);168–216 meses;TEA - necessidades documentadas;8;Uso de roteiros visuais ou checklist de tarefa como estrategia adaptativa;;
j26-106;Protocolo Dr. Jadson — Motor Fino Escolar (J26-106);48–144 meses;Motor fino na escola;1;Pega o lápis com preensão adequada;;
j26-106;Protocolo Dr. Jadson — Motor Fino Escolar (J26-106);48–144 meses;Motor fino na escola;2;Tem força e controle ao escrever ou desenhar;;
j26-106;Protocolo Dr. Jadson — Motor Fino Escolar (J26-106);48–144 meses;Motor fino na escola;3;Usa a tesoura para recortar com precisão;;
j26-106;Protocolo Dr. Jadson — Motor Fino Escolar (J26-106);48–144 meses;Motor fino na escola;4;Cola e monta com cuidado;;
j26-106;Protocolo Dr. Jadson — Motor Fino Escolar (J26-106);48–144 meses;Motor fino na escola;5;Pinta dentro dos limites;;
j26-106;Protocolo Dr. Jadson — Motor Fino Escolar (J26-106);48–144 meses;Motor fino na escola;6;Encaixa e manuseia peças pequenas;;
j26-106;Protocolo Dr. Jadson — Motor Fino Escolar (J26-106);48–144 meses;Motor fino na escola;7;Abotoa, amarra e usa fechos;;
j26-106;Protocolo Dr. Jadson — Motor Fino Escolar (J26-106);48–144 meses;Motor fino na escola;8;Aponta o lápis e usa a borracha bem;;
j26-106;Protocolo Dr. Jadson — Motor Fino Escolar (J26-106);48–144 meses;Motor fino na escola;9;Manuseia régua e materiais escolares;;
j26-106;Protocolo Dr. Jadson — Motor Fino Escolar (J26-106);48–144 meses;Motor fino na escola;10;Coordena as duas mãos nas tarefas;;
j26-106;Protocolo Dr. Jadson — Motor Fino Escolar (J26-106);48–144 meses;Motor fino na escola;11;Tem velocidade adequada nas tarefas manuais;;
j26-106;Protocolo Dr. Jadson — Motor Fino Escolar (J26-106);48–144 meses;Motor fino na escola;12;Não se cansa demais ao usar as mãos;;
j26-107;Protocolo Dr. Jadson — Marco Motor Grosso 1-5 Anos (J26-107);12–60 meses;Marcos motores grossos;1;Anda sozinha com firmeza;;
j26-107;Protocolo Dr. Jadson — Marco Motor Grosso 1-5 Anos (J26-107);12–60 meses;Marcos motores grossos;2;Corre sem cair com frequência;;
j26-107;Protocolo Dr. Jadson — Marco Motor Grosso 1-5 Anos (J26-107);12–60 meses;Marcos motores grossos;3;Sobe e desce escada (com apoio conforme a idade);;
j26-107;Protocolo Dr. Jadson — Marco Motor Grosso 1-5 Anos (J26-107);12–60 meses;Marcos motores grossos;4;Chuta uma bola;;
j26-107;Protocolo Dr. Jadson — Marco Motor Grosso 1-5 Anos (J26-107);12–60 meses;Marcos motores grossos;5;Pula com os dois pés juntos;;
j26-107;Protocolo Dr. Jadson — Marco Motor Grosso 1-5 Anos (J26-107);12–60 meses;Marcos motores grossos;6;Pula em um pé só (conforme a idade);;
j26-107;Protocolo Dr. Jadson — Marco Motor Grosso 1-5 Anos (J26-107);12–60 meses;Marcos motores grossos;7;Joga e pega uma bola;;
j26-107;Protocolo Dr. Jadson — Marco Motor Grosso 1-5 Anos (J26-107);12–60 meses;Marcos motores grossos;8;Anda na ponta dos pés quando pede;;
j26-107;Protocolo Dr. Jadson — Marco Motor Grosso 1-5 Anos (J26-107);12–60 meses;Marcos motores grossos;9;Pedala um triciclo (conforme a idade);;
j26-107;Protocolo Dr. Jadson — Marco Motor Grosso 1-5 Anos (J26-107);12–60 meses;Marcos motores grossos;10;Equilibra-se em um pé por alguns segundos;;
j26-107;Protocolo Dr. Jadson — Marco Motor Grosso 1-5 Anos (J26-107);12–60 meses;Marcos motores grossos;11;Agacha e levanta sem apoio;;
j26-107;Protocolo Dr. Jadson — Marco Motor Grosso 1-5 Anos (J26-107);12–60 meses;Marcos motores grossos;12;Tem coordenação corporal compatível com a idade;;
j26-108;Protocolo Dr. Jadson — Integração Visomotora (J26-108);36–144 meses;Coordenação olho-mão;1;Copia formas simples (círculo, cruz, quadrado);;
j26-108;Protocolo Dr. Jadson — Integração Visomotora (J26-108);36–144 meses;Coordenação olho-mão;2;Copia formas complexas (triângulo, losango);;
j26-108;Protocolo Dr. Jadson — Integração Visomotora (J26-108);36–144 meses;Coordenação olho-mão;3;Liga pontos seguindo um modelo;;
j26-108;Protocolo Dr. Jadson — Integração Visomotora (J26-108);36–144 meses;Coordenação olho-mão;4;Encaixa peças observando o formato;;
j26-108;Protocolo Dr. Jadson — Integração Visomotora (J26-108);36–144 meses;Coordenação olho-mão;5;Monta quebra-cabeças da idade;;
j26-108;Protocolo Dr. Jadson — Integração Visomotora (J26-108);36–144 meses;Coordenação olho-mão;6;Desenha figuras reconhecíveis;;
j26-108;Protocolo Dr. Jadson — Integração Visomotora (J26-108);36–144 meses;Coordenação olho-mão;7;Coordena olho e mão para alcançar e pegar;;
j26-108;Protocolo Dr. Jadson — Integração Visomotora (J26-108);36–144 meses;Coordenação olho-mão;8;Empilha ou alinha objetos com precisão;;
j26-108;Protocolo Dr. Jadson — Integração Visomotora (J26-108);36–144 meses;Coordenação olho-mão;9;Traça dentro de um caminho ou labirinto;;
j26-108;Protocolo Dr. Jadson — Integração Visomotora (J26-108);36–144 meses;Coordenação olho-mão;10;Reproduz um padrão visual;;
j26-108;Protocolo Dr. Jadson — Integração Visomotora (J26-108);36–144 meses;Coordenação olho-mão;11;Copia letras e números com a forma correta;;
j26-108;Protocolo Dr. Jadson — Integração Visomotora (J26-108);36–144 meses;Coordenação olho-mão;12;Coordena visão e mão sem grande esforço;;
j26-109;Protocolo Dr. Jadson — Apraxia e Praxia Motora (J26-109);36–144 meses;Planejamento motor (praxia);1;Imita gestos simples sob modelo;;
j26-109;Protocolo Dr. Jadson — Apraxia e Praxia Motora (J26-109);36–144 meses;Planejamento motor (praxia);2;Imita sequências de gestos;;
j26-109;Protocolo Dr. Jadson — Apraxia e Praxia Motora (J26-109);36–144 meses;Planejamento motor (praxia);3;Faz gestos com significado (tchau, beijo) sob comando;;
j26-109;Protocolo Dr. Jadson — Apraxia e Praxia Motora (J26-109);36–144 meses;Planejamento motor (praxia);4;Usa ferramentas e objetos corretamente (pente, colher);;
j26-109;Protocolo Dr. Jadson — Apraxia e Praxia Motora (J26-109);36–144 meses;Planejamento motor (praxia);5;Aprende uma sequência motora nova;;
j26-109;Protocolo Dr. Jadson — Apraxia e Praxia Motora (J26-109);36–144 meses;Planejamento motor (praxia);6;Planeja os movimentos de uma tarefa nova;;
j26-109;Protocolo Dr. Jadson — Apraxia e Praxia Motora (J26-109);36–144 meses;Planejamento motor (praxia);7;Executa os movimentos na ordem certa;;
j26-109;Protocolo Dr. Jadson — Apraxia e Praxia Motora (J26-109);36–144 meses;Planejamento motor (praxia);8;Coordena os movimentos da boca para a fala (praxia oral);;
j26-109;Protocolo Dr. Jadson — Apraxia e Praxia Motora (J26-109);36–144 meses;Planejamento motor (praxia);9;Realiza tarefas motoras de várias etapas;;
j26-109;Protocolo Dr. Jadson — Apraxia e Praxia Motora (J26-109);36–144 meses;Planejamento motor (praxia);10;Adapta o movimento a um novo objeto ou situação;;
j26-109;Protocolo Dr. Jadson — Apraxia e Praxia Motora (J26-109);36–144 meses;Planejamento motor (praxia);11;Faz movimentos finos sob comando verbal;;
j26-109;Protocolo Dr. Jadson — Apraxia e Praxia Motora (J26-109);36–144 meses;Planejamento motor (praxia);12;Realiza gestos sem precisar de muitas tentativas;;
j26-110;Protocolo Dr. Jadson — Coordenação Problemas Cotidiano (J26-110);48–168 meses;Equilíbrio e locomocao;1;Cai ou tropiça com frequencia sem motivo claro;;
j26-110;Protocolo Dr. Jadson — Coordenação Problemas Cotidiano (J26-110);48–168 meses;Equilíbrio e locomocao;2;Bate em moveis ou objetos ao andar;;
j26-110;Protocolo Dr. Jadson — Coordenação Problemas Cotidiano (J26-110);48–168 meses;Equilíbrio e locomocao;3;Tem dificuldade de descer escadas com controle;;
j26-110;Protocolo Dr. Jadson — Coordenação Problemas Cotidiano (J26-110);48–168 meses;Equilíbrio e locomocao;4;Evita atividades fisicas por medo de cair;;
j26-110;Protocolo Dr. Jadson — Coordenação Problemas Cotidiano (J26-110);48–168 meses;Equilíbrio e locomocao;5;Tem dificuldade de correr sem perder o equilibrio;;
j26-110;Protocolo Dr. Jadson — Coordenação Problemas Cotidiano (J26-110);48–168 meses;Equilíbrio e locomocao;6;Apresenta marcha descoordenada ou patosa;;
j26-110;Protocolo Dr. Jadson — Coordenação Problemas Cotidiano (J26-110);48–168 meses;Habilidades motoras finas cotidianas;1;Nao consegue amarrar o tenis para a idade;;
j26-110;Protocolo Dr. Jadson — Coordenação Problemas Cotidiano (J26-110);48–168 meses;Habilidades motoras finas cotidianas;2;Tem dificuldade de abotoar roupas;;
j26-110;Protocolo Dr. Jadson — Coordenação Problemas Cotidiano (J26-110);48–168 meses;Habilidades motoras finas cotidianas;3;Derruba copos ou pratos com frequencia;;
j26-110;Protocolo Dr. Jadson — Coordenação Problemas Cotidiano (J26-110);48–168 meses;Habilidades motoras finas cotidianas;4;Nao consegue pegar bola arremessada adequadamente;;
j26-110;Protocolo Dr. Jadson — Coordenação Problemas Cotidiano (J26-110);48–168 meses;Habilidades motoras finas cotidianas;5;Tem letra muito dificil de ler ou escrita muito lenta;;
j26-110;Protocolo Dr. Jadson — Coordenação Problemas Cotidiano (J26-110);48–168 meses;Habilidades motoras finas cotidianas;6;Usa forca excessiva ou insuficiente ao manusear objetos;;
j26-110;Protocolo Dr. Jadson — Coordenação Problemas Cotidiano (J26-110);48–168 meses;Habilidades motoras finas cotidianas;7;Tem dificuldade de usar tesoura ou lapis com controle;;
j26-110;Protocolo Dr. Jadson — Coordenação Problemas Cotidiano (J26-110);48–168 meses;Habilidades motoras finas cotidianas;8;Demora muito mais que colegas em tarefas manuais;;
j26-110;Protocolo Dr. Jadson — Coordenação Problemas Cotidiano (J26-110);48–168 meses;Habilidades motoras finas cotidianas;9;Evita atividades que exijam precisao com as maos;;
j26-110;Protocolo Dr. Jadson — Coordenação Problemas Cotidiano (J26-110);48–168 meses;Habilidades motoras finas cotidianas;10;Perde objetos ou derruba coisas com frequencia;;
j26-111;Protocolo Dr. Jadson — Motor PC Funcional (J26-111);0–216 meses;Funcionalidade motora;1;Mantém a cabeça e o tronco controlados;;
j26-111;Protocolo Dr. Jadson — Motor PC Funcional (J26-111);0–216 meses;Funcionalidade motora;2;Senta-se com o controle possível para o seu quadro;;
j26-111;Protocolo Dr. Jadson — Motor PC Funcional (J26-111);0–216 meses;Funcionalidade motora;3;Faz transferências com a ajuda esperada;;
j26-111;Protocolo Dr. Jadson — Motor PC Funcional (J26-111);0–216 meses;Funcionalidade motora;4;Desloca-se pelo ambiente (engatinha, anda, cadeira);;
j26-111;Protocolo Dr. Jadson — Motor PC Funcional (J26-111);0–216 meses;Funcionalidade motora;5;Caminha conforme seu nível (com ou sem apoio/órtese);;
j26-111;Protocolo Dr. Jadson — Motor PC Funcional (J26-111);0–216 meses;Funcionalidade motora;6;Usa as mãos para manipular objetos;;
j26-111;Protocolo Dr. Jadson — Motor PC Funcional (J26-111);0–216 meses;Funcionalidade motora;7;Alcança e segura objetos;;
j26-111;Protocolo Dr. Jadson — Motor PC Funcional (J26-111);0–216 meses;Funcionalidade motora;8;Participa das AVDs com a assistência necessária;;
j26-111;Protocolo Dr. Jadson — Motor PC Funcional (J26-111);0–216 meses;Funcionalidade motora;9;Mantém posturas funcionais ao longo do dia;;
j26-111;Protocolo Dr. Jadson — Motor PC Funcional (J26-111);0–216 meses;Funcionalidade motora;10;Usa adaptações ou órteses de forma efetiva;;
j26-111;Protocolo Dr. Jadson — Motor PC Funcional (J26-111);0–216 meses;Funcionalidade motora;11;Comunica necessidades motoras (ajuda, posição);;
j26-111;Protocolo Dr. Jadson — Motor PC Funcional (J26-111);0–216 meses;Funcionalidade motora;12;Participa de atividades dentro das suas possibilidades;;
j26-112;Protocolo Dr. Jadson — Equilíbrio e Marcha Infantil (J26-112);24–144 meses;Equilíbrio e marcha;1;Fica em pé parada sem se desequilibrar;;
j26-112;Protocolo Dr. Jadson — Equilíbrio e Marcha Infantil (J26-112);24–144 meses;Equilíbrio e marcha;2;Equilibra-se em um pé por alguns segundos;;
j26-112;Protocolo Dr. Jadson — Equilíbrio e Marcha Infantil (J26-112);24–144 meses;Equilíbrio e marcha;3;Anda em linha reta (um pé à frente do outro);;
j26-112;Protocolo Dr. Jadson — Equilíbrio e Marcha Infantil (J26-112);24–144 meses;Equilíbrio e marcha;4;Anda na ponta dos pés quando pede;;
j26-112;Protocolo Dr. Jadson — Equilíbrio e Marcha Infantil (J26-112);24–144 meses;Equilíbrio e marcha;5;Anda sobre os calcanhares;;
j26-112;Protocolo Dr. Jadson — Equilíbrio e Marcha Infantil (J26-112);24–144 meses;Equilíbrio e marcha;6;Sobe degraus alternando os pés;;
j26-112;Protocolo Dr. Jadson — Equilíbrio e Marcha Infantil (J26-112);24–144 meses;Equilíbrio e marcha;7;Desce degraus com controle;;
j26-112;Protocolo Dr. Jadson — Equilíbrio e Marcha Infantil (J26-112);24–144 meses;Equilíbrio e marcha;8;Agacha e levanta sem apoio;;
j26-112;Protocolo Dr. Jadson — Equilíbrio e Marcha Infantil (J26-112);24–144 meses;Equilíbrio e marcha;9;Muda de direção ao correr sem cair;;
j26-112;Protocolo Dr. Jadson — Equilíbrio e Marcha Infantil (J26-112);24–144 meses;Equilíbrio e marcha;10;Mantém o equilíbrio ao ser levemente empurrada;;
j26-112;Protocolo Dr. Jadson — Equilíbrio e Marcha Infantil (J26-112);24–144 meses;Equilíbrio e marcha;11;Tem marcha simétrica e harmoniosa;;
j26-112;Protocolo Dr. Jadson — Equilíbrio e Marcha Infantil (J26-112);24–144 meses;Equilíbrio e marcha;12;Mantém o equilíbrio com os olhos fechados (conforme a idade);;
j26-113;Protocolo Dr. Jadson — Escrita Manual Avançado (J26-113);72–168 meses;Qualidade da escrita manual;1;Tem letra legível;;
j26-113;Protocolo Dr. Jadson — Escrita Manual Avançado (J26-113);72–168 meses;Qualidade da escrita manual;2;Faz pressão adequada no papel (nem fraca, nem forte demais);;
j26-113;Protocolo Dr. Jadson — Escrita Manual Avançado (J26-113);72–168 meses;Qualidade da escrita manual;3;Mantém o tamanho das letras uniforme;;
j26-113;Protocolo Dr. Jadson — Escrita Manual Avançado (J26-113);72–168 meses;Qualidade da escrita manual;4;Mantém a inclinação constante das letras;;
j26-113;Protocolo Dr. Jadson — Escrita Manual Avançado (J26-113);72–168 meses;Qualidade da escrita manual;5;Tem espaçamento regular entre letras e palavras;;
j26-113;Protocolo Dr. Jadson — Escrita Manual Avançado (J26-113);72–168 meses;Qualidade da escrita manual;6;Mantém as letras sobre a linha;;
j26-113;Protocolo Dr. Jadson — Escrita Manual Avançado (J26-113);72–168 meses;Qualidade da escrita manual;7;Forma as letras com o traçado correto;;
j26-113;Protocolo Dr. Jadson — Escrita Manual Avançado (J26-113);72–168 meses;Qualidade da escrita manual;8;Escreve com velocidade compatível com a série;;
j26-113;Protocolo Dr. Jadson — Escrita Manual Avançado (J26-113);72–168 meses;Qualidade da escrita manual;9;Mantém a legibilidade ao escrever rápido;;
j26-113;Protocolo Dr. Jadson — Escrita Manual Avançado (J26-113);72–168 meses;Qualidade da escrita manual;10;Não apaga nem rabisca excessivamente;;
j26-113;Protocolo Dr. Jadson — Escrita Manual Avançado (J26-113);72–168 meses;Qualidade da escrita manual;11;Escreve sem dor ou cansaço excessivo na mão;;
j26-113;Protocolo Dr. Jadson — Escrita Manual Avançado (J26-113);72–168 meses;Qualidade da escrita manual;12;Organiza bem o texto na folha;;
j26-114;Protocolo Dr. Jadson — Tônus Muscular Funcional (J26-114);0–144 meses;Postura e suporte antigravitacional;1;Mantem postura adequada na cadeira por 15 minutos;;
j26-114;Protocolo Dr. Jadson — Tônus Muscular Funcional (J26-114);0–144 meses;Postura e suporte antigravitacional;2;Senta-se ereto sem apoio lateral por tempo funcional;;
j26-114;Protocolo Dr. Jadson — Tônus Muscular Funcional (J26-114);0–144 meses;Postura e suporte antigravitacional;3;Sustenta a cabeca em posicao vertical sem esforco visivelmente excessivo;;
j26-114;Protocolo Dr. Jadson — Tônus Muscular Funcional (J26-114);0–144 meses;Postura e suporte antigravitacional;4;Apresenta tronco com estabilidade suficiente para atividades manuais;;
j26-114;Protocolo Dr. Jadson — Tônus Muscular Funcional (J26-114);0–144 meses;Postura e suporte antigravitacional;5;Nao escorrega da cadeira ou perde a postura com frequencia;;
j26-114;Protocolo Dr. Jadson — Tônus Muscular Funcional (J26-114);0–144 meses;Postura e suporte antigravitacional;6;Mantem postura funcional ao escrever ou desenhar;;
j26-114;Protocolo Dr. Jadson — Tônus Muscular Funcional (J26-114);0–144 meses;Postura e suporte antigravitacional;7;Nao usa a mesa como suporte do tronco habitualmente;;
j26-114;Protocolo Dr. Jadson — Tônus Muscular Funcional (J26-114);0–144 meses;Postura e suporte antigravitacional;8;Apresenta alinhamento postural adequado ao caminhar;;
j26-114;Protocolo Dr. Jadson — Tônus Muscular Funcional (J26-114);0–144 meses;Forca e controle motor funcional;1;Tem forca suficiente para subir escadas sem apoio;;
j26-114;Protocolo Dr. Jadson — Tônus Muscular Funcional (J26-114);0–144 meses;Forca e controle motor funcional;2;Consegue levantar do chao sem auxilio de objeto;;
j26-114;Protocolo Dr. Jadson — Tônus Muscular Funcional (J26-114);0–144 meses;Forca e controle motor funcional;3;Manuseia objetos com forca proporcional (nao quebra nem solta);;
j26-114;Protocolo Dr. Jadson — Tônus Muscular Funcional (J26-114);0–144 meses;Forca e controle motor funcional;4;Carrega materiais escolares sem cansaco precoce;;
j26-114;Protocolo Dr. Jadson — Tônus Muscular Funcional (J26-114);0–144 meses;Forca e controle motor funcional;5;Executa atividades fisicas sem parar por fadiga muscular rapida;;
j26-114;Protocolo Dr. Jadson — Tônus Muscular Funcional (J26-114);0–144 meses;Forca e controle motor funcional;6;Nao apresenta espasticidade que limite a participacao nas AVDs;;
j26-114;Protocolo Dr. Jadson — Tônus Muscular Funcional (J26-114);0–144 meses;Forca e controle motor funcional;7;Nao apresenta hipotonia que cause quedas ou acidentes frequentes;;
j26-114;Protocolo Dr. Jadson — Tônus Muscular Funcional (J26-114);0–144 meses;Forca e controle motor funcional;8;Responde ao programa de fisioterapia com ganho funcional observavel;;
j26-115;Protocolo Dr. Jadson — Habilidades Esportivas Motor (J26-115);60–168 meses;Motor para esportes;1;Corre com coordenação;;
j26-115;Protocolo Dr. Jadson — Habilidades Esportivas Motor (J26-115);60–168 meses;Motor para esportes;2;Pula corda;;
j26-115;Protocolo Dr. Jadson — Habilidades Esportivas Motor (J26-115);60–168 meses;Motor para esportes;3;Pega e arremessa bola;;
j26-115;Protocolo Dr. Jadson — Habilidades Esportivas Motor (J26-115);60–168 meses;Motor para esportes;4;Chuta bola com direção;;
j26-115;Protocolo Dr. Jadson — Habilidades Esportivas Motor (J26-115);60–168 meses;Motor para esportes;5;Participa de jogos coletivos;;
j26-115;Protocolo Dr. Jadson — Habilidades Esportivas Motor (J26-115);60–168 meses;Motor para esportes;6;Acompanha o ritmo dos colegas no esporte;;
j26-115;Protocolo Dr. Jadson — Habilidades Esportivas Motor (J26-115);60–168 meses;Motor para esportes;7;Tem equilíbrio para atividades físicas;;
j26-115;Protocolo Dr. Jadson — Habilidades Esportivas Motor (J26-115);60–168 meses;Motor para esportes;8;Coordena braços e pernas em movimentos esportivos;;
j26-115;Protocolo Dr. Jadson — Habilidades Esportivas Motor (J26-115);60–168 meses;Motor para esportes;9;Aprende novas habilidades esportivas;;
j26-115;Protocolo Dr. Jadson — Habilidades Esportivas Motor (J26-115);60–168 meses;Motor para esportes;10;Tem resistência física para brincar e jogar;;
j26-115;Protocolo Dr. Jadson — Habilidades Esportivas Motor (J26-115);60–168 meses;Motor para esportes;11;Nada ou anda de bicicleta (conforme a idade);;
j26-115;Protocolo Dr. Jadson — Habilidades Esportivas Motor (J26-115);60–168 meses;Motor para esportes;12;Sente-se confiante em atividades físicas;;
j26-116;Protocolo Dr. Jadson — Tiques e Motor Compulsivo (J26-116);36–216 meses;Tiques motores;1;Pisca os olhos repetidamente sem causa oftalmologica;;
j26-116;Protocolo Dr. Jadson — Tiques e Motor Compulsivo (J26-116);36–216 meses;Tiques motores;2;Faz caretas ou movimentos faciais repetitivos;;
j26-116;Protocolo Dr. Jadson — Tiques e Motor Compulsivo (J26-116);36–216 meses;Tiques motores;3;Encolhe os ombros de forma repetitiva;;
j26-116;Protocolo Dr. Jadson — Tiques e Motor Compulsivo (J26-116);36–216 meses;Tiques motores;4;Sacode a cabeca ou o pescoco de forma involuntaria;;
j26-116;Protocolo Dr. Jadson — Tiques e Motor Compulsivo (J26-116);36–216 meses;Tiques motores;5;Apresenta tiques em membros (chacoalhar bracos, bater os pes);;
j26-116;Protocolo Dr. Jadson — Tiques e Motor Compulsivo (J26-116);36–216 meses;Tiques motores;6;Realiza movimentos corporais complexos repetitivos (pular, tocar);;
j26-116;Protocolo Dr. Jadson — Tiques e Motor Compulsivo (J26-116);36–216 meses;Tiques motores;7;Os tiques pioram em situacoes de estresse ou excitacao;;
j26-116;Protocolo Dr. Jadson — Tiques e Motor Compulsivo (J26-116);36–216 meses;Tiques motores;8;Os tiques reduzem com concentracao intensa ou sono;;
j26-116;Protocolo Dr. Jadson — Tiques e Motor Compulsivo (J26-116);36–216 meses;Tiques motores;9;A crianca sente urge (impulso) antes do tique;;
j26-116;Protocolo Dr. Jadson — Tiques e Motor Compulsivo (J26-116);36–216 meses;Tiques motores;10;Os tiques causam sofrimento ou vergonha social;;
j26-116;Protocolo Dr. Jadson — Tiques e Motor Compulsivo (J26-116);36–216 meses;Tiques vocais e compulsivos;1;Faz sons guturais ou tosses repetitivas sem causa respiratoria;;
j26-116;Protocolo Dr. Jadson — Tiques e Motor Compulsivo (J26-116);36–216 meses;Tiques vocais e compulsivos;2;Emite sniffs, roncos ou fungadas de forma repetitiva;;
j26-116;Protocolo Dr. Jadson — Tiques e Motor Compulsivo (J26-116);36–216 meses;Tiques vocais e compulsivos;3;Repete palavras, frases ou sons de forma involuntaria;;
j26-116;Protocolo Dr. Jadson — Tiques e Motor Compulsivo (J26-116);36–216 meses;Tiques vocais e compulsivos;4;Apresenta ecolalia ou palilalia (repete outros ou a si mesmo);;
j26-116;Protocolo Dr. Jadson — Tiques e Motor Compulsivo (J26-116);36–216 meses;Tiques vocais e compulsivos;5;Xinga ou emite palavras inapropriadas sem controle (coprolalia);;
j26-116;Protocolo Dr. Jadson — Tiques e Motor Compulsivo (J26-116);36–216 meses;Tiques vocais e compulsivos;6;Os tiques vocais interferem na comunicacao social;;
j26-116;Protocolo Dr. Jadson — Tiques e Motor Compulsivo (J26-116);36–216 meses;Tiques vocais e compulsivos;7;Os tiques estao presentes ha mais de um ano;;
j26-116;Protocolo Dr. Jadson — Tiques e Motor Compulsivo (J26-116);36–216 meses;Tiques vocais e compulsivos;8;Apresenta rituais motores que causam impacto funcional;;
j26-116;Protocolo Dr. Jadson — Tiques e Motor Compulsivo (J26-116);36–216 meses;Tiques vocais e compulsivos;9;Os tiques mudaram de topografia ou frequencia ao longo do tempo;;
j26-116;Protocolo Dr. Jadson — Tiques e Motor Compulsivo (J26-116);36–216 meses;Tiques vocais e compulsivos;10;A familia ou escola ja notificou os tiques como problema;;
j26-117;Protocolo Dr. Jadson — Motor Prematuro Follow-Up (J26-117);0–24 meses;Marcos motores (idade corrigida);1;Sustenta a cabeça (idade corrigida);;
j26-117;Protocolo Dr. Jadson — Motor Prematuro Follow-Up (J26-117);0–24 meses;Marcos motores (idade corrigida);2;Apoia-se nos antebraços de bruços;;
j26-117;Protocolo Dr. Jadson — Motor Prematuro Follow-Up (J26-117);0–24 meses;Marcos motores (idade corrigida);3;Rola;;
j26-117;Protocolo Dr. Jadson — Motor Prematuro Follow-Up (J26-117);0–24 meses;Marcos motores (idade corrigida);4;Senta com e depois sem apoio;;
j26-117;Protocolo Dr. Jadson — Motor Prematuro Follow-Up (J26-117);0–24 meses;Marcos motores (idade corrigida);5;Alcança e pega objetos;;
j26-117;Protocolo Dr. Jadson — Motor Prematuro Follow-Up (J26-117);0–24 meses;Marcos motores (idade corrigida);6;Passa objetos de uma mão para a outra;;
j26-117;Protocolo Dr. Jadson — Motor Prematuro Follow-Up (J26-117);0–24 meses;Marcos motores (idade corrigida);7;Engatinha ou se desloca;;
j26-117;Protocolo Dr. Jadson — Motor Prematuro Follow-Up (J26-117);0–24 meses;Marcos motores (idade corrigida);8;Fica de pé com apoio;;
j26-117;Protocolo Dr. Jadson — Motor Prematuro Follow-Up (J26-117);0–24 meses;Marcos motores (idade corrigida);9;Anda com e depois sem apoio;;
j26-117;Protocolo Dr. Jadson — Motor Prematuro Follow-Up (J26-117);0–24 meses;Marcos motores (idade corrigida);10;Tem tônus e postura simétricos;;
j26-117;Protocolo Dr. Jadson — Motor Prematuro Follow-Up (J26-117);0–24 meses;Marcos motores (idade corrigida);11;Faz movimentos variados e fluidos (não estereotipados);;
j26-117;Protocolo Dr. Jadson — Motor Prematuro Follow-Up (J26-117);0–24 meses;Marcos motores (idade corrigida);12;Acompanha os marcos esperados para a idade corrigida;;
j26-118;Protocolo Dr. Jadson — Processamento Tátil (J26-118);18–144 meses;Hipersensibilidade tatil;1;Nao tolera etiquetas de roupa ou costuras nos pes;;
j26-118;Protocolo Dr. Jadson — Processamento Tátil (J26-118);18–144 meses;Hipersensibilidade tatil;2;Reage exageradamente a toque leve inesperado;;
j26-118;Protocolo Dr. Jadson — Processamento Tátil (J26-118);18–144 meses;Hipersensibilidade tatil;3;Evita andar descalco em areia, grama ou superficies texturedas;;
j26-118;Protocolo Dr. Jadson — Processamento Tátil (J26-118);18–144 meses;Hipersensibilidade tatil;4;Recusa determinadas texturas de roupas (ex: la, malha grossa);;
j26-118;Protocolo Dr. Jadson — Processamento Tátil (J26-118);18–144 meses;Hipersensibilidade tatil;5;Chora ou se agita ao lavar o rosto ou cortar o cabelo;;
j26-118;Protocolo Dr. Jadson — Processamento Tátil (J26-118);18–144 meses;Hipersensibilidade tatil;6;Evita tocar materiais como tinta, argila, cola, areia molhada;;
j26-118;Protocolo Dr. Jadson — Processamento Tátil (J26-118);18–144 meses;Hipersensibilidade tatil;7;Incomoda-se com o toque de outras criancas na fila ou nas brincadeiras;;
j26-118;Protocolo Dr. Jadson — Processamento Tátil (J26-118);18–144 meses;Hipersensibilidade tatil;8;Prefere iniciar o toque em vez de ser tocado de surpresa;;
j26-118;Protocolo Dr. Jadson — Processamento Tátil (J26-118);18–144 meses;Hipersensibilidade tatil;9;Fica agitado ou desorganizado apos atividades com toque fisico;;
j26-118;Protocolo Dr. Jadson — Processamento Tátil (J26-118);18–144 meses;Hipersensibilidade tatil;10;Reage ao toque de roupas molhadas ou sujas no corpo;;
j26-118;Protocolo Dr. Jadson — Processamento Tátil (J26-118);18–144 meses;Busca tatil e hiposensibilidade;1;Toca tudo e todos excessivamente sem respeitar espaco do outro;;
j26-118;Protocolo Dr. Jadson — Processamento Tátil (J26-118);18–144 meses;Busca tatil e hiposensibilidade;2;Lambe ou morde objetos nao alimentares alem da idade esperada;;
j26-118;Protocolo Dr. Jadson — Processamento Tátil (J26-118);18–144 meses;Busca tatil e hiposensibilidade;3;Parece nao sentir dor em quedas ou machucados menores;;
j26-118;Protocolo Dr. Jadson — Processamento Tátil (J26-118);18–144 meses;Busca tatil e hiposensibilidade;4;Busca texturas ou sensacoes tateis de forma compulsiva;;
j26-118;Protocolo Dr. Jadson — Processamento Tátil (J26-118);18–144 meses;Busca tatil e hiposensibilidade;5;Nao percebe que tem comida ou sujeira no rosto;;
j26-118;Protocolo Dr. Jadson — Processamento Tátil (J26-118);18–144 meses;Busca tatil e hiposensibilidade;6;Exerce pressao excessiva ao abracar ou manusear objetos;;
j26-118;Protocolo Dr. Jadson — Processamento Tátil (J26-118);18–144 meses;Busca tatil e hiposensibilidade;7;Bate ou aperta outras criancas sem perceberr a intensidade;;
j26-118;Protocolo Dr. Jadson — Processamento Tátil (J26-118);18–144 meses;Busca tatil e hiposensibilidade;8;Nao retira a mao de superficies quentes com a rapidez esperada;;
j26-119;Protocolo Dr. Jadson — Processamento Vestibular (J26-119);18–144 meses;Hipersensibilidade ao movimento;1;Enjoa ou vomita em viagens de carro ou onibus;;
j26-119;Protocolo Dr. Jadson — Processamento Vestibular (J26-119);18–144 meses;Hipersensibilidade ao movimento;2;Recusa andar de balanco ou escorregador;;
j26-119;Protocolo Dr. Jadson — Processamento Vestibular (J26-119);18–144 meses;Hipersensibilidade ao movimento;3;Tem medo de altura desproporcional para a idade;;
j26-119;Protocolo Dr. Jadson — Processamento Vestibular (J26-119);18–144 meses;Hipersensibilidade ao movimento;4;Fica ansioso ou chora em escadas rolantes ou elevadores;;
j26-119;Protocolo Dr. Jadson — Processamento Vestibular (J26-119);18–144 meses;Hipersensibilidade ao movimento;5;Evita atividades que envolvam inclinar a cabeca;;
j26-119;Protocolo Dr. Jadson — Processamento Vestibular (J26-119);18–144 meses;Hipersensibilidade ao movimento;6;Fica desorientado ou nauseado em ambientes movimentados;;
j26-119;Protocolo Dr. Jadson — Processamento Vestibular (J26-119);18–144 meses;Hipersensibilidade ao movimento;7;Prefere ficar parado e recusa jogos de movimento;;
j26-119;Protocolo Dr. Jadson — Processamento Vestibular (J26-119);18–144 meses;Hipersensibilidade ao movimento;8;Tem dificuldade em orientar-se apos girar ou rodar;;
j26-119;Protocolo Dr. Jadson — Processamento Vestibular (J26-119);18–144 meses;Busca vestibular e hiposensibilidade;1;Gira em torno de si mesmo sem ficar tonto;;
j26-119;Protocolo Dr. Jadson — Processamento Vestibular (J26-119);18–144 meses;Busca vestibular e hiposensibilidade;2;Balanca o corpo repetidamente (rocking) em cadeira ou sofa;;
j26-119;Protocolo Dr. Jadson — Processamento Vestibular (J26-119);18–144 meses;Busca vestibular e hiposensibilidade;3;Busca baloicar, girar ou ser jogado no ar de forma intensa;;
j26-119;Protocolo Dr. Jadson — Processamento Vestibular (J26-119);18–144 meses;Busca vestibular e hiposensibilidade;4;Tem dificuldade de ficar parado — busca movimento constantemente;;
j26-119;Protocolo Dr. Jadson — Processamento Vestibular (J26-119);18–144 meses;Busca vestibular e hiposensibilidade;5;Nao para de se mexer mesmo quando o ambiente pede quietude;;
j26-119;Protocolo Dr. Jadson — Processamento Vestibular (J26-119);18–144 meses;Busca vestibular e hiposensibilidade;6;Envolve-se em atividades fisicas intensas de forma compulsiva;;
j26-119;Protocolo Dr. Jadson — Processamento Vestibular (J26-119);18–144 meses;Busca vestibular e hiposensibilidade;7;Salta, gira e escala em situacoes inapropriadas;;
j26-119;Protocolo Dr. Jadson — Processamento Vestibular (J26-119);18–144 meses;Busca vestibular e hiposensibilidade;8;Nao parece enjoar mesmo em movimentos intensos e prolongados;;
j26-120;Protocolo Dr. Jadson — Processamento Proprioceptivo (J26-120);18–144 meses;Busca e hipersensibilidade proprioceptiva;1;Bate portas com forca excessiva sem perceber o barulho;;
j26-120;Protocolo Dr. Jadson — Processamento Proprioceptivo (J26-120);18–144 meses;Busca e hipersensibilidade proprioceptiva;2;Aperta o lapis forte demais ao ponto de quebrar ou rasgar o papel;;
j26-120;Protocolo Dr. Jadson — Processamento Proprioceptivo (J26-120);18–144 meses;Busca e hipersensibilidade proprioceptiva;3;Se joga no sofa, cama ou chao de forma intensa e repetitiva;;
j26-120;Protocolo Dr. Jadson — Processamento Proprioceptivo (J26-120);18–144 meses;Busca e hipersensibilidade proprioceptiva;4;Bate ou empurra outras criancas de forma intensa sem intencao agressiva;;
j26-120;Protocolo Dr. Jadson — Processamento Proprioceptivo (J26-120);18–144 meses;Busca e hipersensibilidade proprioceptiva;5;Masca objetos nao alimentares com frequencia;;
j26-120;Protocolo Dr. Jadson — Processamento Proprioceptivo (J26-120);18–144 meses;Busca e hipersensibilidade proprioceptiva;6;Busca apertos, abracos apertados ou ser enrolado em cobertores;;
j26-120;Protocolo Dr. Jadson — Processamento Proprioceptivo (J26-120);18–144 meses;Busca e hipersensibilidade proprioceptiva;7;Caminha de forma pesada (bate os pes no chao);;
j26-120;Protocolo Dr. Jadson — Processamento Proprioceptivo (J26-120);18–144 meses;Busca e hipersensibilidade proprioceptiva;8;Precisa segurar ou apertar algo para se concentrar;;
j26-120;Protocolo Dr. Jadson — Processamento Proprioceptivo (J26-120);18–144 meses;Hiposensibilidade e impacto funcional;1;Nao percebe quando usa forca excessiva com objetos frageis;;
j26-120;Protocolo Dr. Jadson — Processamento Proprioceptivo (J26-120);18–144 meses;Hiposensibilidade e impacto funcional;2;Parece nao sentir o proprio corpo no espaco;;
j26-120;Protocolo Dr. Jadson — Processamento Proprioceptivo (J26-120);18–144 meses;Hiposensibilidade e impacto funcional;3;Tem postura flacida — nao se sustenta sem apoio do tronco;;
j26-120;Protocolo Dr. Jadson — Processamento Proprioceptivo (J26-120);18–144 meses;Hiposensibilidade e impacto funcional;4;Derruba ou quebra objetos frequentemente sem perceber;;
j26-120;Protocolo Dr. Jadson — Processamento Proprioceptivo (J26-120);18–144 meses;Hiposensibilidade e impacto funcional;5;Tem dificuldade de graduar a forca em atividades manuais;;
j26-120;Protocolo Dr. Jadson — Processamento Proprioceptivo (J26-120);18–144 meses;Hiposensibilidade e impacto funcional;6;Nao percebe fadiga muscular ate o limite;;
j26-120;Protocolo Dr. Jadson — Processamento Proprioceptivo (J26-120);18–144 meses;Hiposensibilidade e impacto funcional;7;Tem dificuldade de imitar movimentos que exijam propriocepcao;;
j26-120;Protocolo Dr. Jadson — Processamento Proprioceptivo (J26-120);18–144 meses;Hiposensibilidade e impacto funcional;8;Apresenta inabilidade motora que melhora com input proprioceptivo intenso;;
j26-121;Protocolo Dr. Jadson — Processamento Auditivo Cotidiano (J26-121);36–144 meses;Discriminacao e filtragem auditiva;1;Se distrai facilmente com sons de fundo na sala de aula;;
j26-121;Protocolo Dr. Jadson — Processamento Auditivo Cotidiano (J26-121);36–144 meses;Discriminacao e filtragem auditiva;2;Confunde palavras semelhantes ao ouvir (ex: fado/vado, boca/moca);;
j26-121;Protocolo Dr. Jadson — Processamento Auditivo Cotidiano (J26-121);36–144 meses;Discriminacao e filtragem auditiva;3;Pede repetição com frequencia mesmo com audicao normal ao exame;;
j26-121;Protocolo Dr. Jadson — Processamento Auditivo Cotidiano (J26-121);36–144 meses;Discriminacao e filtragem auditiva;4;Tem dificuldade de seguir instrucoes quando ha ruido de fundo;;
j26-121;Protocolo Dr. Jadson — Processamento Auditivo Cotidiano (J26-121);36–144 meses;Discriminacao e filtragem auditiva;5;Demora para responder quando chamado, como se nao tivesse ouvido;;
j26-121;Protocolo Dr. Jadson — Processamento Auditivo Cotidiano (J26-121);36–144 meses;Discriminacao e filtragem auditiva;6;Tem dificuldade de localizar de onde vem o som;;
j26-121;Protocolo Dr. Jadson — Processamento Auditivo Cotidiano (J26-121);36–144 meses;Discriminacao e filtragem auditiva;7;Entende pior ao telefone ou com mascara facial;;
j26-121;Protocolo Dr. Jadson — Processamento Auditivo Cotidiano (J26-121);36–144 meses;Discriminacao e filtragem auditiva;8;Confunde instrucoes de multiplas etapas ao ouvi-las;;
j26-121;Protocolo Dr. Jadson — Processamento Auditivo Cotidiano (J26-121);36–144 meses;Hiper e hiposensibilidade auditiva;1;Tapa os ouvidos diante de sons cotidianos (liquidificador, secar o cabelo);;
j26-121;Protocolo Dr. Jadson — Processamento Auditivo Cotidiano (J26-121);36–144 meses;Hiper e hiposensibilidade auditiva;2;Fica agitado ou agressivo em ambientes ruidosos;;
j26-121;Protocolo Dr. Jadson — Processamento Auditivo Cotidiano (J26-121);36–144 meses;Hiper e hiposensibilidade auditiva;3;Tem dificuldade de tolerar musica alta ou vozes altas;;
j26-121;Protocolo Dr. Jadson — Processamento Auditivo Cotidiano (J26-121);36–144 meses;Hiper e hiposensibilidade auditiva;4;Parece nao ouvir quando chamado mas ouve sons distantes;;
j26-121;Protocolo Dr. Jadson — Processamento Auditivo Cotidiano (J26-121);36–144 meses;Hiper e hiposensibilidade auditiva;5;Fala muito alto ou muito baixo sem perceber o volume;;
j26-121;Protocolo Dr. Jadson — Processamento Auditivo Cotidiano (J26-121);36–144 meses;Hiper e hiposensibilidade auditiva;6;Sensibilidade a sons especificos que nao incomodam outras criancas;;
j26-121;Protocolo Dr. Jadson — Processamento Auditivo Cotidiano (J26-121);36–144 meses;Hiper e hiposensibilidade auditiva;7;Se cobre com as maos na cabeca em ambientes barulhentos;;
j26-121;Protocolo Dr. Jadson — Processamento Auditivo Cotidiano (J26-121);36–144 meses;Hiper e hiposensibilidade auditiva;8;Prefere ambientes silenciosos mesmo em idades em que os colegas toleram barulho;;
j26-122;Protocolo Dr. Jadson — Processamento Visual Funcional (J26-122);48–144 meses;Tracking visual e leitura;1;Perde o lugar na linha ao ler ou copiar do quadro;;
j26-122;Protocolo Dr. Jadson — Processamento Visual Funcional (J26-122);48–144 meses;Tracking visual e leitura;2;Inverte letras ou numeros ao ler ou escrever (b/d, p/q, 6/9);;
j26-122;Protocolo Dr. Jadson — Processamento Visual Funcional (J26-122);48–144 meses;Tracking visual e leitura;3;Tem dificuldade de rastrear uma linha de texto sem usar o dedo;;
j26-122;Protocolo Dr. Jadson — Processamento Visual Funcional (J26-122);48–144 meses;Tracking visual e leitura;4;Omite palavras ou linhas ao copiar;;
j26-122;Protocolo Dr. Jadson — Processamento Visual Funcional (J26-122);48–144 meses;Tracking visual e leitura;5;Tem dificuldade de discriminar letras graficamente semelhantes;;
j26-122;Protocolo Dr. Jadson — Processamento Visual Funcional (J26-122);48–144 meses;Tracking visual e leitura;6;Confunde palavras de formato parecido ao ler;;
j26-122;Protocolo Dr. Jadson — Processamento Visual Funcional (J26-122);48–144 meses;Tracking visual e leitura;7;Leitura visual muito mais lenta que o esperado para a serie;;
j26-122;Protocolo Dr. Jadson — Processamento Visual Funcional (J26-122);48–144 meses;Tracking visual e leitura;8;Fecha um olho ou inclina a cabeca para ler ou olhar para algo;;
j26-122;Protocolo Dr. Jadson — Processamento Visual Funcional (J26-122);48–144 meses;Sensibilidade e discriminacao visual;1;Incomoda-se com luz intensa (lampadas fluorescentes, sol);;
j26-122;Protocolo Dr. Jadson — Processamento Visual Funcional (J26-122);48–144 meses;Sensibilidade e discriminacao visual;2;Prefere ambientes com pouca luz para atividades visuais;;
j26-122;Protocolo Dr. Jadson — Processamento Visual Funcional (J26-122);48–144 meses;Sensibilidade e discriminacao visual;3;Tem dificuldade de encontrar objeto em fundo visualmente poluido;;
j26-122;Protocolo Dr. Jadson — Processamento Visual Funcional (J26-122);48–144 meses;Sensibilidade e discriminacao visual;4;Nao tolera telas mesmo em brilho reduzido;;
j26-122;Protocolo Dr. Jadson — Processamento Visual Funcional (J26-122);48–144 meses;Sensibilidade e discriminacao visual;5;Fica desorganizado apos atividades visuais prolongadas;;
j26-122;Protocolo Dr. Jadson — Processamento Visual Funcional (J26-122);48–144 meses;Sensibilidade e discriminacao visual;6;Tem dificuldade de discriminar figura de fundo;;
j26-122;Protocolo Dr. Jadson — Processamento Visual Funcional (J26-122);48–144 meses;Sensibilidade e discriminacao visual;7;Apresenta nistagmo, estrabismo ou desvio ocular observavel;;
j26-122;Protocolo Dr. Jadson — Processamento Visual Funcional (J26-122);48–144 meses;Sensibilidade e discriminacao visual;8;Evita atividades que exijam foco visual preciso (quebra-cabeca, colorir);;
j26-123;Protocolo Dr. Jadson — Sensibilidade Oral-Sensorial (J26-123);12–144 meses;Textura e temperatura oral;1;Recusa alimentos por textura (ex: grumoso, fibroso, gelatinoso);;
j26-123;Protocolo Dr. Jadson — Sensibilidade Oral-Sensorial (J26-123);12–144 meses;Textura e temperatura oral;2;Nao aceita alimentos com temperatura muito quente;;
j26-123;Protocolo Dr. Jadson — Sensibilidade Oral-Sensorial (J26-123);12–144 meses;Textura e temperatura oral;3;Nao aceita alimentos com temperatura muito fria;;
j26-123;Protocolo Dr. Jadson — Sensibilidade Oral-Sensorial (J26-123);12–144 meses;Textura e temperatura oral;4;Vomita ou se engasga com texturas especificas sem causa anatomica;;
j26-123;Protocolo Dr. Jadson — Sensibilidade Oral-Sensorial (J26-123);12–144 meses;Textura e temperatura oral;5;Come apenas alimentos de consistencia homogenea (so puree ou so crocante);;
j26-123;Protocolo Dr. Jadson — Sensibilidade Oral-Sensorial (J26-123);12–144 meses;Textura e temperatura oral;6;Recusa mistura de texturas no mesmo prato;;
j26-123;Protocolo Dr. Jadson — Sensibilidade Oral-Sensorial (J26-123);12–144 meses;Textura e temperatura oral;7;Mastiga muito mais do que o esperado ou cospe os alimentos;;
j26-123;Protocolo Dr. Jadson — Sensibilidade Oral-Sensorial (J26-123);12–144 meses;Textura e temperatura oral;8;Manipula os alimentos longamente antes de aceitar comer;;
j26-123;Protocolo Dr. Jadson — Sensibilidade Oral-Sensorial (J26-123);12–144 meses;Gosto e cheiro na alimentacao;1;Recusa alimentos por cheiro antes mesmo de prova-los;;
j26-123;Protocolo Dr. Jadson — Sensibilidade Oral-Sensorial (J26-123);12–144 meses;Gosto e cheiro na alimentacao;2;Incomoda-se com o cheiro da comida dos outros;;
j26-123;Protocolo Dr. Jadson — Sensibilidade Oral-Sensorial (J26-123);12–144 meses;Gosto e cheiro na alimentacao;3;Tem repertorio alimentar inferior a 20 alimentos aceitos;;
j26-123;Protocolo Dr. Jadson — Sensibilidade Oral-Sensorial (J26-123);12–144 meses;Gosto e cheiro na alimentacao;4;Nao aceita alimentos doces, azedos ou amargos por intensidade do gosto;;
j26-123;Protocolo Dr. Jadson — Sensibilidade Oral-Sensorial (J26-123);12–144 meses;Gosto e cheiro na alimentacao;5;Fica ansioso ou agressivo diante de um prato diferente do habitual;;
j26-123;Protocolo Dr. Jadson — Sensibilidade Oral-Sensorial (J26-123);12–144 meses;Gosto e cheiro na alimentacao;6;Nao aceita novos alimentos mesmo com exposicao repetida;;
j26-123;Protocolo Dr. Jadson — Sensibilidade Oral-Sensorial (J26-123);12–144 meses;Gosto e cheiro na alimentacao;7;A seletividade alimentar causa conflito significativo nas refeicoes;;
j26-123;Protocolo Dr. Jadson — Sensibilidade Oral-Sensorial (J26-123);12–144 meses;Gosto e cheiro na alimentacao;8;A restricao alimentar impacta a nutricao ou o crescimento;;
j26-124;Protocolo Dr. Jadson — Comportamento Buscador Sensorial (J26-124);18–144 meses;Busca tatil e proprioceptiva;1;Toca objetos e pessoas de forma excessiva e incontrolada;;
j26-124;Protocolo Dr. Jadson — Comportamento Buscador Sensorial (J26-124);18–144 meses;Busca tatil e proprioceptiva;2;Lambe, cheira ou morde objetos nao alimentares alem da idade esperada;;
j26-124;Protocolo Dr. Jadson — Comportamento Buscador Sensorial (J26-124);18–144 meses;Busca tatil e proprioceptiva;3;Parece nao sentir dor ou se machucar sem reagir adequadamente;;
j26-124;Protocolo Dr. Jadson — Comportamento Buscador Sensorial (J26-124);18–144 meses;Busca tatil e proprioceptiva;4;Busca apertos ou pressao intensa no corpo (roupas apertadas, cobertores pesados);;
j26-124;Protocolo Dr. Jadson — Comportamento Buscador Sensorial (J26-124);18–144 meses;Busca tatil e proprioceptiva;5;Se joga em superficies, pessoas ou objetos de forma compulsiva;;
j26-124;Protocolo Dr. Jadson — Comportamento Buscador Sensorial (J26-124);18–144 meses;Busca tatil e proprioceptiva;6;Exerce pressao excessiva ao escrever, desenhar ou manusear objetos;;
j26-124;Protocolo Dr. Jadson — Comportamento Buscador Sensorial (J26-124);18–144 meses;Busca tatil e proprioceptiva;7;Busca movimentos intensos (pular, rolar, girar) de forma compulsiva;;
j26-124;Protocolo Dr. Jadson — Comportamento Buscador Sensorial (J26-124);18–144 meses;Busca vestibular auditiva e visual;1;Faz barulhos com a boca ou voz sem finalidade comunicativa;;
j26-124;Protocolo Dr. Jadson — Comportamento Buscador Sensorial (J26-124);18–144 meses;Busca vestibular auditiva e visual;2;Fica olhando para luzes, ventiladores ou objetos girando por longos periodos;;
j26-124;Protocolo Dr. Jadson — Comportamento Buscador Sensorial (J26-124);18–144 meses;Busca vestibular auditiva e visual;3;Busca sons altos ou vibrações de forma repetitiva;;
j26-124;Protocolo Dr. Jadson — Comportamento Buscador Sensorial (J26-124);18–144 meses;Busca vestibular auditiva e visual;4;Gira repetidamente sem parecer enjoar;;
j26-124;Protocolo Dr. Jadson — Comportamento Buscador Sensorial (J26-124);18–144 meses;Busca vestibular auditiva e visual;5;Balanca o corpo de forma repetitiva em situacoes de repouso;;
j26-124;Protocolo Dr. Jadson — Comportamento Buscador Sensorial (J26-124);18–144 meses;Busca vestibular auditiva e visual;6;Cheira pessoas, objetos ou alimentos de forma intensa e habitual;;
j26-124;Protocolo Dr. Jadson — Comportamento Buscador Sensorial (J26-124);18–144 meses;Busca vestibular auditiva e visual;7;Nao para de se mexer mesmo em situacoes que exigem quietude;;
j26-125;Protocolo Dr. Jadson — Sobrecarga Sensorial (J26-125);24–144 meses;Sinais de sobrecarga;1;Tampa os ouvidos com as maos em ambientes barulhentos;;
j26-125;Protocolo Dr. Jadson — Sobrecarga Sensorial (J26-125);24–144 meses;Sinais de sobrecarga;2;Cobre os olhos ou vira o rosto em resposta a luz intensa;;
j26-125;Protocolo Dr. Jadson — Sobrecarga Sensorial (J26-125);24–144 meses;Sinais de sobrecarga;3;Tenta escapar do ambiente quando ha muitos estimulos simultaneos;;
j26-125;Protocolo Dr. Jadson — Sobrecarga Sensorial (J26-125);24–144 meses;Sinais de sobrecarga;4;Entra em colapso (crise, choro intenso) em ambientes sensorialmente intensos;;
j26-125;Protocolo Dr. Jadson — Sobrecarga Sensorial (J26-125);24–144 meses;Sinais de sobrecarga;5;Fica agressivo ou autoagressivo em situacoes de sobrecarga sensorial;;
j26-125;Protocolo Dr. Jadson — Sobrecarga Sensorial (J26-125);24–144 meses;Sinais de sobrecarga;6;Se isola ou fica quieto de forma atipica em ambientes sensorialmente intensos;;
j26-125;Protocolo Dr. Jadson — Sobrecarga Sensorial (J26-125);24–144 meses;Sinais de sobrecarga;7;Apresenta sintomas fisicos (nausea, dor de cabeca, fadiga) em ambiente ruidoso;;
j26-125;Protocolo Dr. Jadson — Sobrecarga Sensorial (J26-125);24–144 meses;Sinais de sobrecarga;8;Recupera a regulacao apos sair do ambiente de sobrecarga;;
j26-125;Protocolo Dr. Jadson — Sobrecarga Sensorial (J26-125);24–144 meses;Gatilhos e impacto funcional;1;A sobrecarga ocorre em locais especificos (supermercado, escola, festa);;
j26-125;Protocolo Dr. Jadson — Sobrecarga Sensorial (J26-125);24–144 meses;Gatilhos e impacto funcional;2;A sobrecarga e pior com estimulos de varios sentidos ao mesmo tempo;;
j26-125;Protocolo Dr. Jadson — Sobrecarga Sensorial (J26-125);24–144 meses;Gatilhos e impacto funcional;3;A crise de sobrecarga dura mais de 20 minutos para ceder;;
j26-125;Protocolo Dr. Jadson — Sobrecarga Sensorial (J26-125);24–144 meses;Gatilhos e impacto funcional;4;A antecipacao do ambiente sensiorial causa ansiedade preventiva;;
j26-125;Protocolo Dr. Jadson — Sobrecarga Sensorial (J26-125);24–144 meses;Gatilhos e impacto funcional;5;A familia evita locais ou situacoes por causa da sobrecarga sensorial;;
j26-125;Protocolo Dr. Jadson — Sobrecarga Sensorial (J26-125);24–144 meses;Gatilhos e impacto funcional;6;A sobrecarga prejudica a participacao em atividades escolares;;
j26-125;Protocolo Dr. Jadson — Sobrecarga Sensorial (J26-125);24–144 meses;Gatilhos e impacto funcional;7;Estrategias de regulacao (abafador, oculos escuros) reduzem as crises;;
j26-125;Protocolo Dr. Jadson — Sobrecarga Sensorial (J26-125);24–144 meses;Gatilhos e impacto funcional;8;A frequencia das crises de sobrecarga aumentou nos ultimos 3 meses;;
j26-126;Protocolo Dr. Jadson — Dieta Sensorial Eficácia (J26-126);24–144 meses;Resposta às estratégias sensoriais;1;As estratégias sensoriais ajudam a criança a se regular;;
j26-126;Protocolo Dr. Jadson — Dieta Sensorial Eficácia (J26-126);24–144 meses;Resposta às estratégias sensoriais;2;A criança fica mais calma após as atividades sensoriais;;
j26-126;Protocolo Dr. Jadson — Dieta Sensorial Eficácia (J26-126);24–144 meses;Resposta às estratégias sensoriais;3;Melhorou o foco com a dieta sensorial;;
j26-126;Protocolo Dr. Jadson — Dieta Sensorial Eficácia (J26-126);24–144 meses;Resposta às estratégias sensoriais;4;Melhorou o comportamento em casa;;
j26-126;Protocolo Dr. Jadson — Dieta Sensorial Eficácia (J26-126);24–144 meses;Resposta às estratégias sensoriais;5;Melhorou o comportamento na escola;;
j26-126;Protocolo Dr. Jadson — Dieta Sensorial Eficácia (J26-126);24–144 meses;Resposta às estratégias sensoriais;6;Reduziram as crises de sobrecarga;;
j26-126;Protocolo Dr. Jadson — Dieta Sensorial Eficácia (J26-126);24–144 meses;Resposta às estratégias sensoriais;7;A criança aceita bem as estratégias;;
j26-126;Protocolo Dr. Jadson — Dieta Sensorial Eficácia (J26-126);24–144 meses;Resposta às estratégias sensoriais;8;As estratégias são usadas na rotina diária;;
j26-126;Protocolo Dr. Jadson — Dieta Sensorial Eficácia (J26-126);24–144 meses;Resposta às estratégias sensoriais;9;Melhorou o sono;;
j26-126;Protocolo Dr. Jadson — Dieta Sensorial Eficácia (J26-126);24–144 meses;Resposta às estratégias sensoriais;10;Melhorou a alimentação;;
j26-126;Protocolo Dr. Jadson — Dieta Sensorial Eficácia (J26-126);24–144 meses;Resposta às estratégias sensoriais;11;A família consegue aplicar as estratégias;;
j26-126;Protocolo Dr. Jadson — Dieta Sensorial Eficácia (J26-126);24–144 meses;Resposta às estratégias sensoriais;12;No geral, a dieta sensorial está funcionando;;
j26-127;Protocolo Dr. Jadson — Hipersensibilidade Olfativa (J26-127);18–144 meses;Hipersensibilidade olfativa;1;Sai ou evita ambientes por causa do cheiro;;
j26-127;Protocolo Dr. Jadson — Hipersensibilidade Olfativa (J26-127);18–144 meses;Hipersensibilidade olfativa;2;Cheira a comida antes de aceitar comer;;
j26-127;Protocolo Dr. Jadson — Hipersensibilidade Olfativa (J26-127);18–144 meses;Hipersensibilidade olfativa;3;Vomita ou engasga com o cheiro de alimentos especificos;;
j26-127;Protocolo Dr. Jadson — Hipersensibilidade Olfativa (J26-127);18–144 meses;Hipersensibilidade olfativa;4;Nao tolera perfumes, desodorantes ou produtos de limpeza;;
j26-127;Protocolo Dr. Jadson — Hipersensibilidade Olfativa (J26-127);18–144 meses;Hipersensibilidade olfativa;5;Reclama de cheiros que os outros nao percebem;;
j26-127;Protocolo Dr. Jadson — Hipersensibilidade Olfativa (J26-127);18–144 meses;Hipersensibilidade olfativa;6;Recusa visitar locais especificos por causa do cheiro;;
j26-127;Protocolo Dr. Jadson — Hipersensibilidade Olfativa (J26-127);18–144 meses;Hipersensibilidade olfativa;7;Nao tolera o cheiro de animais de estimacao ou ambientes fechados;;
j26-127;Protocolo Dr. Jadson — Hipersensibilidade Olfativa (J26-127);18–144 meses;Hipersensibilidade olfativa;8;Fica agitado ou se retira quando alguem usa perfume ao lado;;
j26-127;Protocolo Dr. Jadson — Hipersensibilidade Olfativa (J26-127);18–144 meses;Hipersensibilidade olfativa;9;Recusa usar produtos de higiene pessoal com fragancia;;
j26-127;Protocolo Dr. Jadson — Hipersensibilidade Olfativa (J26-127);18–144 meses;Hipersensibilidade olfativa;10;O cheiro de determinados alimentos cozidos causa mal-estar;;
j26-127;Protocolo Dr. Jadson — Hipersensibilidade Olfativa (J26-127);18–144 meses;Busca olfativa e impacto funcional;1;Cheira pessoas, roupas ou objetos de forma habitual e intensa;;
j26-127;Protocolo Dr. Jadson — Hipersensibilidade Olfativa (J26-127);18–144 meses;Busca olfativa e impacto funcional;2;Busca odores especificos de forma compulsiva;;
j26-127;Protocolo Dr. Jadson — Hipersensibilidade Olfativa (J26-127);18–144 meses;Busca olfativa e impacto funcional;3;A hipersensibilidade olfativa limita atividades sociais ou escolares;;
j26-127;Protocolo Dr. Jadson — Hipersensibilidade Olfativa (J26-127);18–144 meses;Busca olfativa e impacto funcional;4;A familia adapta a rotina para evitar gatilhos olfativos;;
j26-128;Protocolo Dr. Jadson — Regulação Sensorial Escolar (J26-128);48–144 meses;Regulacao motora e atencional em sala;1;Agita-se na cadeira — mexe, balanca ou levanta sem autorizacao;;
j26-128;Protocolo Dr. Jadson — Regulação Sensorial Escolar (J26-128);48–144 meses;Regulacao motora e atencional em sala;2;Tem dificuldade de ficar sentado por 15 minutos na atividade;;
j26-128;Protocolo Dr. Jadson — Regulação Sensorial Escolar (J26-128);48–144 meses;Regulacao motora e atencional em sala;3;Procura toque ou contato fisico com colegas de forma excessiva;;
j26-128;Protocolo Dr. Jadson — Regulação Sensorial Escolar (J26-128);48–144 meses;Regulacao motora e atencional em sala;4;Manipula objetos da mesa de forma compulsiva (lapis, borracha, estojo);;
j26-128;Protocolo Dr. Jadson — Regulação Sensorial Escolar (J26-128);48–144 meses;Regulacao motora e atencional em sala;5;Faz barulhos com a boca ou corpo durante as atividades;;
j26-128;Protocolo Dr. Jadson — Regulação Sensorial Escolar (J26-128);48–144 meses;Regulacao motora e atencional em sala;6;Tem dificuldade de manter o foco em ambiente com estimulos visuais no mural;;
j26-128;Protocolo Dr. Jadson — Regulação Sensorial Escolar (J26-128);48–144 meses;Regulacao motora e atencional em sala;7;Apresenta rendimento muito melhor em ambiente calmo e reduzido;;
j26-128;Protocolo Dr. Jadson — Regulação Sensorial Escolar (J26-128);48–144 meses;Regulacao motora e atencional em sala;8;Exerce pressao excessiva ao escrever (rompe o papel ou quebra o lapis);;
j26-128;Protocolo Dr. Jadson — Regulação Sensorial Escolar (J26-128);48–144 meses;Tolerancia sensorial no ambiente escolar;1;Tapa os ouvidos ao toque da campainha ou barulho coletivo;;
j26-128;Protocolo Dr. Jadson — Regulação Sensorial Escolar (J26-128);48–144 meses;Tolerancia sensorial no ambiente escolar;2;Nao tolera a sala de aula barulhenta sem reagir visivelmente;;
j26-128;Protocolo Dr. Jadson — Regulação Sensorial Escolar (J26-128);48–144 meses;Tolerancia sensorial no ambiente escolar;3;Fica agitado em atividades em grupo que envolvem contato fisico;;
j26-128;Protocolo Dr. Jadson — Regulação Sensorial Escolar (J26-128);48–144 meses;Tolerancia sensorial no ambiente escolar;4;Recusa o refeitorio, a quadra ou outros ambientes sensorialmente intensos;;
j26-128;Protocolo Dr. Jadson — Regulação Sensorial Escolar (J26-128);48–144 meses;Tolerancia sensorial no ambiente escolar;5;Tem crise ou colapso em situacoes de transicao de ambiente;;
j26-128;Protocolo Dr. Jadson — Regulação Sensorial Escolar (J26-128);48–144 meses;Tolerancia sensorial no ambiente escolar;6;A tolerancia sensorial reduz visivelmente ao final do dia;;
j26-128;Protocolo Dr. Jadson — Regulação Sensorial Escolar (J26-128);48–144 meses;Tolerancia sensorial no ambiente escolar;7;Estrategias de adaptacao sensorial (fone, lugar quieto) melhoram a participacao;;
j26-128;Protocolo Dr. Jadson — Regulação Sensorial Escolar (J26-128);48–144 meses;Tolerancia sensorial no ambiente escolar;8;O professor identifica padrao sensorial claro nos comportamentos da crianca;;
j26-129;Protocolo Dr. Jadson — Perfil Sensorial Integrado (J26-129);24–168 meses;Tatil;1;Reage exageradamente a toque leve ou inesperado;;
j26-129;Protocolo Dr. Jadson — Perfil Sensorial Integrado (J26-129);24–168 meses;Tatil;2;Nao tolera etiquetas, costuras ou texturas especificas de roupa;;
j26-129;Protocolo Dr. Jadson — Perfil Sensorial Integrado (J26-129);24–168 meses;Tatil;3;Evita materiais tateis (areia, tinta, argila, cola);;
j26-129;Protocolo Dr. Jadson — Perfil Sensorial Integrado (J26-129);24–168 meses;Tatil;4;Busca ou evita contato fisico de forma atipica;;
j26-129;Protocolo Dr. Jadson — Perfil Sensorial Integrado (J26-129);24–168 meses;Tatil;5;A sensibilidade tatil interfere em AVDs (banho, corte de cabelo, vestuario);;
j26-129;Protocolo Dr. Jadson — Perfil Sensorial Integrado (J26-129);24–168 meses;Vestibular;1;Enjoa ou fica ansioso em veiculos ou elevadores;;
j26-129;Protocolo Dr. Jadson — Perfil Sensorial Integrado (J26-129);24–168 meses;Vestibular;2;Medo desproporcional de altura ou movimento;;
j26-129;Protocolo Dr. Jadson — Perfil Sensorial Integrado (J26-129);24–168 meses;Vestibular;3;Busca giros, balancoes ou movimentos intensos de forma compulsiva;;
j26-129;Protocolo Dr. Jadson — Perfil Sensorial Integrado (J26-129);24–168 meses;Vestibular;4;Dificuldade de ficar parado ou sentado por tempo adequado;;
j26-129;Protocolo Dr. Jadson — Perfil Sensorial Integrado (J26-129);24–168 meses;Vestibular;5;Desorientacao ou tontura em atividades de movimento comuns;;
j26-129;Protocolo Dr. Jadson — Perfil Sensorial Integrado (J26-129);24–168 meses;Proprioceptivo;1;Bate portas ou objetos com forca excessiva sem perceber;;
j26-129;Protocolo Dr. Jadson — Perfil Sensorial Integrado (J26-129);24–168 meses;Proprioceptivo;2;Busca apertos, pressao ou input intenso no corpo;;
j26-129;Protocolo Dr. Jadson — Perfil Sensorial Integrado (J26-129);24–168 meses;Proprioceptivo;3;Tonus postural fraco — escorrega da cadeira ou nao se sustenta;;
j26-129;Protocolo Dr. Jadson — Perfil Sensorial Integrado (J26-129);24–168 meses;Proprioceptivo;4;Nao gradua a forca ao manusear objetos frageis;;
j26-129;Protocolo Dr. Jadson — Perfil Sensorial Integrado (J26-129);24–168 meses;Proprioceptivo;5;Derruba ou quebra objetos sem perceber a propria forca;;
j26-129;Protocolo Dr. Jadson — Perfil Sensorial Integrado (J26-129);24–168 meses;Auditivo;1;Tampa os ouvidos em resposta a sons cotidianos;;
j26-129;Protocolo Dr. Jadson — Perfil Sensorial Integrado (J26-129);24–168 meses;Auditivo;2;Distrai-se com sons de fundo que os colegas ignoram;;
j26-129;Protocolo Dr. Jadson — Perfil Sensorial Integrado (J26-129);24–168 meses;Auditivo;3;Fala muito alto ou baixo sem ajustar o volume ao contexto;;
j26-129;Protocolo Dr. Jadson — Perfil Sensorial Integrado (J26-129);24–168 meses;Auditivo;4;Confunde palavras semelhantes ao ouvir;;
j26-129;Protocolo Dr. Jadson — Perfil Sensorial Integrado (J26-129);24–168 meses;Auditivo;5;Entra em crise ou foge em ambientes ruidosos;;
j26-129;Protocolo Dr. Jadson — Perfil Sensorial Integrado (J26-129);24–168 meses;Visual;1;Incomoda-se com luz intensa ou lampadas fluorescentes;;
j26-129;Protocolo Dr. Jadson — Perfil Sensorial Integrado (J26-129);24–168 meses;Visual;2;Perde o lugar na linha ao ler ou copiar;;
j26-129;Protocolo Dr. Jadson — Perfil Sensorial Integrado (J26-129);24–168 meses;Visual;3;Inverte letras ou numeros frequentemente;;
j26-129;Protocolo Dr. Jadson — Perfil Sensorial Integrado (J26-129);24–168 meses;Visual;4;Fica olhando para objetos girantes ou luzes por longos periodos;;
j26-129;Protocolo Dr. Jadson — Perfil Sensorial Integrado (J26-129);24–168 meses;Visual;5;Dificuldade de discriminar figura de fundo em ambientes visualmente poluidos;;
j26-129;Protocolo Dr. Jadson — Perfil Sensorial Integrado (J26-129);24–168 meses;Olfativo;1;Recusa alimentos por cheiro antes de prova-los;;
j26-129;Protocolo Dr. Jadson — Perfil Sensorial Integrado (J26-129);24–168 meses;Olfativo;2;Nao tolera perfumes ou produtos de limpeza comuns;;
j26-129;Protocolo Dr. Jadson — Perfil Sensorial Integrado (J26-129);24–168 meses;Olfativo;3;Cheira pessoas ou objetos de forma habitual e intensa;;
j26-129;Protocolo Dr. Jadson — Perfil Sensorial Integrado (J26-129);24–168 meses;Olfativo;4;Vomita ou engasga com odores especificos;;
j26-129;Protocolo Dr. Jadson — Perfil Sensorial Integrado (J26-129);24–168 meses;Olfativo;5;O cheiro de ambientes limita a participacao em atividades sociais;;
j26-129;Protocolo Dr. Jadson — Perfil Sensorial Integrado (J26-129);24–168 meses;Oral;1;Recusa alimentos por textura ou temperatura;;
j26-129;Protocolo Dr. Jadson — Perfil Sensorial Integrado (J26-129);24–168 meses;Oral;2;Masca ou lambe objetos nao alimentares alem da idade;;
j26-129;Protocolo Dr. Jadson — Perfil Sensorial Integrado (J26-129);24–168 meses;Oral;3;Repertorio alimentar muito restrito por via sensorial;;
j26-129;Protocolo Dr. Jadson — Perfil Sensorial Integrado (J26-129);24–168 meses;Oral;4;Vomita com texturas ou gostos especificos sem causa medica;;
j26-129;Protocolo Dr. Jadson — Perfil Sensorial Integrado (J26-129);24–168 meses;Oral;5;A sensibilidade oral causa conflito significativo nas refeicoes;;
j26-130;Protocolo Dr. Jadson — Higiene do Sono Infantil (J26-130);12–144 meses;Práticas de sono;1;Tem horário fixo para dormir;;
j26-130;Protocolo Dr. Jadson — Higiene do Sono Infantil (J26-130);12–144 meses;Práticas de sono;2;Tem horário fixo para acordar;;
j26-130;Protocolo Dr. Jadson — Higiene do Sono Infantil (J26-130);12–144 meses;Práticas de sono;3;Faz um ritual calmo antes de dormir (banho, leitura);;
j26-130;Protocolo Dr. Jadson — Higiene do Sono Infantil (J26-130);12–144 meses;Práticas de sono;4;O quarto é escuro na hora de dormir;;
j26-130;Protocolo Dr. Jadson — Higiene do Sono Infantil (J26-130);12–144 meses;Práticas de sono;5;O quarto é silencioso e tranquilo;;
j26-130;Protocolo Dr. Jadson — Higiene do Sono Infantil (J26-130);12–144 meses;Práticas de sono;6;Evita telas na hora antes de dormir;;
j26-130;Protocolo Dr. Jadson — Higiene do Sono Infantil (J26-130);12–144 meses;Práticas de sono;7;Evita cafeína ou refrigerante à noite;;
j26-130;Protocolo Dr. Jadson — Higiene do Sono Infantil (J26-130);12–144 meses;Práticas de sono;8;Não faz atividade agitada perto da hora de dormir;;
j26-130;Protocolo Dr. Jadson — Higiene do Sono Infantil (J26-130);12–144 meses;Práticas de sono;9;Dorme na própria cama;;
j26-130;Protocolo Dr. Jadson — Higiene do Sono Infantil (J26-130);12–144 meses;Práticas de sono;10;Tem ambiente com temperatura agradável;;
j26-130;Protocolo Dr. Jadson — Higiene do Sono Infantil (J26-130);12–144 meses;Práticas de sono;11;Evita refeições pesadas antes de dormir;;
j26-130;Protocolo Dr. Jadson — Higiene do Sono Infantil (J26-130);12–144 meses;Práticas de sono;12;Mantém a rotina de sono nos fins de semana;;
j26-131;Protocolo Dr. Jadson — Pesadelos e Terrores Noturnos (J26-131);24–144 meses;Pesadelos;1;A criança acorda assustada no meio da noite relatando sonho ruim;;
j26-131;Protocolo Dr. Jadson — Pesadelos e Terrores Noturnos (J26-131);24–144 meses;Pesadelos;2;Após o pesadelo, fica agitada e difícil de acalmar;;
j26-131;Protocolo Dr. Jadson — Pesadelos e Terrores Noturnos (J26-131);24–144 meses;Pesadelos;3;Recusa dormir novamente após o pesadelo;;
j26-131;Protocolo Dr. Jadson — Pesadelos e Terrores Noturnos (J26-131);24–144 meses;Pesadelos;4;Relata ter medo de dormir por causa dos sonhos ruins;;
j26-131;Protocolo Dr. Jadson — Pesadelos e Terrores Noturnos (J26-131);24–144 meses;Pesadelos;5;Os pesadelos interferem no humor do dia seguinte;;
j26-131;Protocolo Dr. Jadson — Pesadelos e Terrores Noturnos (J26-131);24–144 meses;Pesadelos;6;Tem pesadelos recorrentes com o mesmo tema ou conteúdo;;
j26-131;Protocolo Dr. Jadson — Pesadelos e Terrores Noturnos (J26-131);24–144 meses;Terrores Noturnos;1;Acorda gritando ou em pânico sem conseguir ser consolada;;
j26-131;Protocolo Dr. Jadson — Pesadelos e Terrores Noturnos (J26-131);24–144 meses;Terrores Noturnos;2;Durante o episódio, não reconhece os pais ou cuidadores;;
j26-131;Protocolo Dr. Jadson — Pesadelos e Terrores Noturnos (J26-131);24–144 meses;Terrores Noturnos;3;Apresenta sudorese, taquicardia ou agitação intensa no episódio;;
j26-131;Protocolo Dr. Jadson — Pesadelos e Terrores Noturnos (J26-131);24–144 meses;Terrores Noturnos;4;O episódio dura mais de 5 minutos sem resposta ao conforto;;
j26-131;Protocolo Dr. Jadson — Pesadelos e Terrores Noturnos (J26-131);24–144 meses;Terrores Noturnos;5;Não tem memória do episódio na manhã seguinte;;
j26-131;Protocolo Dr. Jadson — Pesadelos e Terrores Noturnos (J26-131);24–144 meses;Terrores Noturnos;6;Os episódios ocorrem no primeiro terço da noite (1–3 h após dormir);;
j26-132;Protocolo Dr. Jadson — Latência de Início do Sono (J26-132);36–216 meses;Dificuldade para Dormir;1;A criança leva mais de 30 minutos para adormecer após deitar;;
j26-132;Protocolo Dr. Jadson — Latência de Início do Sono (J26-132);36–216 meses;Dificuldade para Dormir;2;Precisa de presença do cuidador até pegar no sono;;
j26-132;Protocolo Dr. Jadson — Latência de Início do Sono (J26-132);36–216 meses;Dificuldade para Dormir;3;Levanta da cama repetidamente antes de adormecer;;
j26-132;Protocolo Dr. Jadson — Latência de Início do Sono (J26-132);36–216 meses;Dificuldade para Dormir;4;Pede água, comida ou pretextos para adiar o sono;;
j26-132;Protocolo Dr. Jadson — Latência de Início do Sono (J26-132);36–216 meses;Dificuldade para Dormir;5;Fica com os olhos abertos mesmo estando cansada;;
j26-132;Protocolo Dr. Jadson — Latência de Início do Sono (J26-132);36–216 meses;Dificuldade para Dormir;6;Apresenta agitação motora ou inquietação ao tentar dormir;;
j26-132;Protocolo Dr. Jadson — Latência de Início do Sono (J26-132);36–216 meses;Fatores Associados;1;Uso de telas (TV, tablet, celular) na hora de dormir;;
j26-132;Protocolo Dr. Jadson — Latência de Início do Sono (J26-132);36–216 meses;Fatores Associados;2;Quarto com claridade ou ruído excessivo;;
j26-132;Protocolo Dr. Jadson — Latência de Início do Sono (J26-132);36–216 meses;Fatores Associados;3;Horário de dormir irregular (varia mais de 1 hora entre dias);;
j26-132;Protocolo Dr. Jadson — Latência de Início do Sono (J26-132);36–216 meses;Fatores Associados;4;Pensamentos acelerados ou preocupações ao deitar;;
j26-132;Protocolo Dr. Jadson — Latência de Início do Sono (J26-132);36–216 meses;Fatores Associados;5;Conflito familiar ou estresse antes de dormir;;
j26-132;Protocolo Dr. Jadson — Latência de Início do Sono (J26-132);36–216 meses;Fatores Associados;6;Café, refrigerante ou chocolate após as 17 h;;
j26-133;Protocolo Dr. Jadson — Parassônias Checklist (J26-133);24–144 meses;Parassônias NREM;1;Sonambulismo — anda pela casa dormindo;;
j26-133;Protocolo Dr. Jadson — Parassônias Checklist (J26-133);24–144 meses;Parassônias NREM;2;Terror noturno — acorda gritando sem memória;;
j26-133;Protocolo Dr. Jadson — Parassônias Checklist (J26-133);24–144 meses;Parassônias NREM;3;Fala durante o sono (somniloquismo);;
j26-133;Protocolo Dr. Jadson — Parassônias Checklist (J26-133);24–144 meses;Parassônias NREM;4;Mastiga ou faz movimentos de engolir dormindo (síndrome de alimentação noturna);;
j26-133;Protocolo Dr. Jadson — Parassônias Checklist (J26-133);24–144 meses;Parassônias NREM;5;Enurese noturna — xixi na cama;;
j26-133;Protocolo Dr. Jadson — Parassônias Checklist (J26-133);24–144 meses;Parassônias NREM;6;Confusão ao despertar — não sabe onde está ao acordar;;
j26-133;Protocolo Dr. Jadson — Parassônias Checklist (J26-133);24–144 meses;Parassônias REM / Outras;1;Comportamento de agir o sonho — bate, grita no sono;;
j26-133;Protocolo Dr. Jadson — Parassônias Checklist (J26-133);24–144 meses;Parassônias REM / Outras;2;Paralisia do sono — fica imóvel ao acordar;;
j26-133;Protocolo Dr. Jadson — Parassônias Checklist (J26-133);24–144 meses;Parassônias REM / Outras;3;Alucinações hipnagógicas — vê ou ouve coisas ao adormecer;;
j26-133;Protocolo Dr. Jadson — Parassônias Checklist (J26-133);24–144 meses;Parassônias REM / Outras;4;Bruxismo — ranger de dentes durante o sono;;
j26-133;Protocolo Dr. Jadson — Parassônias Checklist (J26-133);24–144 meses;Parassônias REM / Outras;5;Mioclonias — soluços ou espasmos ao adormecer;;
j26-133;Protocolo Dr. Jadson — Parassônias Checklist (J26-133);24–144 meses;Parassônias REM / Outras;6;Movimentos rítmicos de balançar a cabeça ou o corpo no sono;;
j26-134;Protocolo Dr. Jadson — Tela e Sono (J26-134);48–216 meses;Exposição às Telas;1;Usa telas (TV, tablet, celular) na última hora antes de dormir;;
j26-134;Protocolo Dr. Jadson — Tela e Sono (J26-134);48–216 meses;Exposição às Telas;2;Dorme com a TV ligada no quarto;;
j26-134;Protocolo Dr. Jadson — Tela e Sono (J26-134);48–216 meses;Exposição às Telas;3;Usa o celular ou tablet na cama antes de adormecer;;
j26-134;Protocolo Dr. Jadson — Tela e Sono (J26-134);48–216 meses;Exposição às Telas;4;Joga videogame após as 20 h nos dias de semana;;
j26-134;Protocolo Dr. Jadson — Tela e Sono (J26-134);48–216 meses;Exposição às Telas;5;Assiste vídeos excitantes ou de terror próximo ao horário de dormir;;
j26-134;Protocolo Dr. Jadson — Tela e Sono (J26-134);48–216 meses;Exposição às Telas;6;O tempo de tela ultrapassa 2 horas por dia nos dias de semana;;
j26-134;Protocolo Dr. Jadson — Tela e Sono (J26-134);48–216 meses;Impacto no Sono;1;Fica agitada ou irritada quando se retira a tela para dormir;;
j26-134;Protocolo Dr. Jadson — Tela e Sono (J26-134);48–216 meses;Impacto no Sono;2;Demora para dormir nos dias com mais tempo de tela;;
j26-134;Protocolo Dr. Jadson — Tela e Sono (J26-134);48–216 meses;Impacto no Sono;3;Apresenta sono fragmentado nos dias de uso excessivo;;
j26-134;Protocolo Dr. Jadson — Tela e Sono (J26-134);48–216 meses;Impacto no Sono;4;Acorda de madrugada pedindo tela;;
j26-134;Protocolo Dr. Jadson — Tela e Sono (J26-134);48–216 meses;Impacto no Sono;5;Está com sonolência diurna por causa do sono ruim;;
j26-134;Protocolo Dr. Jadson — Tela e Sono (J26-134);48–216 meses;Impacto no Sono;6;Fica irritada, impulsiva ou com déficit de atenção após noite ruim;;
j26-135;Protocolo Dr. Jadson — Ansiedade Noturna (J26-135);36–168 meses;Medos e Preocupações Noturnas;1;Tem medo de ficar no quarto sozinha à noite;;
j26-135;Protocolo Dr. Jadson — Ansiedade Noturna (J26-135);36–168 meses;Medos e Preocupações Noturnas;2;Chora ou faz birra quando chega a hora de dormir;;
j26-135;Protocolo Dr. Jadson — Ansiedade Noturna (J26-135);36–168 meses;Medos e Preocupações Noturnas;3;Pede repetidamente para dormir na cama dos pais;;
j26-135;Protocolo Dr. Jadson — Ansiedade Noturna (J26-135);36–168 meses;Medos e Preocupações Noturnas;4;Tem medo do escuro, de monstros ou de ladrões;;
j26-135;Protocolo Dr. Jadson — Ansiedade Noturna (J26-135);36–168 meses;Medos e Preocupações Noturnas;5;Faz perguntas repetitivas sobre morte, doença ou separação ao deitar;;
j26-135;Protocolo Dr. Jadson — Ansiedade Noturna (J26-135);36–168 meses;Medos e Preocupações Noturnas;6;Apresenta queixas físicas (dor de barriga, cabeça) na hora de dormir;;
j26-135;Protocolo Dr. Jadson — Ansiedade Noturna (J26-135);36–168 meses;Comportamentos de Segurança;1;Precisa da luz acesa para conseguir dormir;;
j26-135;Protocolo Dr. Jadson — Ansiedade Noturna (J26-135);36–168 meses;Comportamentos de Segurança;2;Segura objetos específicos (urso, cobertor) para dormir;;
j26-135;Protocolo Dr. Jadson — Ansiedade Noturna (J26-135);36–168 meses;Comportamentos de Segurança;3;Acorda de madrugada e vai para a cama dos pais;;
j26-135;Protocolo Dr. Jadson — Ansiedade Noturna (J26-135);36–168 meses;Comportamentos de Segurança;4;Precisa checar que a casa está segura antes de dormir;;
j26-135;Protocolo Dr. Jadson — Ansiedade Noturna (J26-135);36–168 meses;Comportamentos de Segurança;5;Não consegue dormir em locais diferentes de casa;;
j26-135;Protocolo Dr. Jadson — Ansiedade Noturna (J26-135);36–168 meses;Comportamentos de Segurança;6;Fica em estado de alerta mesmo quando está cansada;;
j26-136;Protocolo Dr. Jadson — Resposta Melatonina (J26-136);24–216 meses;Resposta ao tratamento;1;Demora menos para pegar no sono desde a melatonina;;
j26-136;Protocolo Dr. Jadson — Resposta Melatonina (J26-136);24–216 meses;Resposta ao tratamento;2;Pega no sono em menos de 30 minutos;;
j26-136;Protocolo Dr. Jadson — Resposta Melatonina (J26-136);24–216 meses;Resposta ao tratamento;3;Acorda menos vezes durante a noite;;
j26-136;Protocolo Dr. Jadson — Resposta Melatonina (J26-136);24–216 meses;Resposta ao tratamento;4;Dorme mais horas no total;;
j26-136;Protocolo Dr. Jadson — Resposta Melatonina (J26-136);24–216 meses;Resposta ao tratamento;5;Acorda mais descansada de manhã;;
j26-136;Protocolo Dr. Jadson — Resposta Melatonina (J26-136);24–216 meses;Resposta ao tratamento;6;Está menos irritada durante o dia;;
j26-136;Protocolo Dr. Jadson — Resposta Melatonina (J26-136);24–216 meses;Resposta ao tratamento;7;Aceita bem a medicação;;
j26-136;Protocolo Dr. Jadson — Resposta Melatonina (J26-136);24–216 meses;Resposta ao tratamento;8;Não tem efeitos adversos (sonolência diurna, dor de cabeça);;
j26-136;Protocolo Dr. Jadson — Resposta Melatonina (J26-136);24–216 meses;Resposta ao tratamento;9;A rotina de sono melhorou;;
j26-136;Protocolo Dr. Jadson — Resposta Melatonina (J26-136);24–216 meses;Resposta ao tratamento;10;O comportamento diurno melhorou;;
j26-136;Protocolo Dr. Jadson — Resposta Melatonina (J26-136);24–216 meses;Resposta ao tratamento;11;A família está dormindo melhor também;;
j26-136;Protocolo Dr. Jadson — Resposta Melatonina (J26-136);24–216 meses;Resposta ao tratamento;12;No geral, a melatonina está ajudando;;
j26-137;Protocolo Dr. Jadson — Rotina Noturna (J26-137);12–120 meses;Estrutura da rotina;1;Tem horário definido para começar a rotina da noite;;
j26-137;Protocolo Dr. Jadson — Rotina Noturna (J26-137);12–120 meses;Estrutura da rotina;2;Faz o banho como parte da rotina;;
j26-137;Protocolo Dr. Jadson — Rotina Noturna (J26-137);12–120 meses;Estrutura da rotina;3;Janta em horário adequado;;
j26-137;Protocolo Dr. Jadson — Rotina Noturna (J26-137);12–120 meses;Estrutura da rotina;4;Tem um período de brincadeira calma antes de dormir;;
j26-137;Protocolo Dr. Jadson — Rotina Noturna (J26-137);12–120 meses;Estrutura da rotina;5;Faz leitura ou história antes de dormir;;
j26-137;Protocolo Dr. Jadson — Rotina Noturna (J26-137);12–120 meses;Estrutura da rotina;6;Diminui as luzes e os estímulos ao se aproximar a hora;;
j26-137;Protocolo Dr. Jadson — Rotina Noturna (J26-137);12–120 meses;Estrutura da rotina;7;Apaga a luz em horário consistente;;
j26-137;Protocolo Dr. Jadson — Rotina Noturna (J26-137);12–120 meses;Estrutura da rotina;8;A criança sabe o que vem a seguir na rotina;;
j26-137;Protocolo Dr. Jadson — Rotina Noturna (J26-137);12–120 meses;Estrutura da rotina;9;A rotina é tranquila (sem brigas);;
j26-137;Protocolo Dr. Jadson — Rotina Noturna (J26-137);12–120 meses;Estrutura da rotina;10;A rotina é mantida todos os dias;;
j26-137;Protocolo Dr. Jadson — Rotina Noturna (J26-137);12–120 meses;Estrutura da rotina;11;A rotina é mantida nos fins de semana;;
j26-137;Protocolo Dr. Jadson — Rotina Noturna (J26-137);12–120 meses;Estrutura da rotina;12;A rotina ajuda a criança a dormir melhor;;
j26-138;Protocolo Dr. Jadson — Sono e Neurodesenvolvimento (J26-138);0–72 meses;Qualidade do Sono;1;Dorme menos horas que o recomendado para a idade;;
j26-138;Protocolo Dr. Jadson — Sono e Neurodesenvolvimento (J26-138);0–72 meses;Qualidade do Sono;2;O sono é fragmentado com múltiplos despertares noturnos;;
j26-138;Protocolo Dr. Jadson — Sono e Neurodesenvolvimento (J26-138);0–72 meses;Qualidade do Sono;3;Apresenta sonolência diurna excessiva;;
j26-138;Protocolo Dr. Jadson — Sono e Neurodesenvolvimento (J26-138);0–72 meses;Qualidade do Sono;4;Ronca ou apresenta pausas respiratórias durante o sono;;
j26-138;Protocolo Dr. Jadson — Sono e Neurodesenvolvimento (J26-138);0–72 meses;Qualidade do Sono;5;Tem dificuldade para acordar no horário escolar;;
j26-138;Protocolo Dr. Jadson — Sono e Neurodesenvolvimento (J26-138);0–72 meses;Impacto Diurno;1;Apresenta irritabilidade ou labilidade emocional por causa do sono ruim;;
j26-138;Protocolo Dr. Jadson — Sono e Neurodesenvolvimento (J26-138);0–72 meses;Impacto Diurno;2;Tem déficit de atenção ou hiperatividade relacionados ao sono insuficiente;;
j26-138;Protocolo Dr. Jadson — Sono e Neurodesenvolvimento (J26-138);0–72 meses;Impacto Diurno;3;A aprendizagem escolar está comprometida pela privação de sono;;
j26-138;Protocolo Dr. Jadson — Sono e Neurodesenvolvimento (J26-138);0–72 meses;Impacto Diurno;4;Tem dificuldade de regulação emocional nos dias de sono ruim;;
j26-138;Protocolo Dr. Jadson — Sono e Neurodesenvolvimento (J26-138);0–72 meses;Impacto Diurno;5;O comportamento piora significativamente após noites mal dormidas;;
j26-138;Protocolo Dr. Jadson — Sono e Neurodesenvolvimento (J26-138);0–72 meses;Impacto Diurno;6;Apresenta queda de memória ou dificuldade de consolidação de aprendizado;;
j26-139;Protocolo Dr. Jadson — SAOS Triagem Infantil (J26-139);12–144 meses;Sintomas Noturnos;1;Ronca durante o sono (audível do corredor);;
j26-139;Protocolo Dr. Jadson — SAOS Triagem Infantil (J26-139);12–144 meses;Sintomas Noturnos;2;Apresenta pausas respiratórias observadas pelos pais;;
j26-139;Protocolo Dr. Jadson — SAOS Triagem Infantil (J26-139);12–144 meses;Sintomas Noturnos;3;Respira pela boca durante o sono;;
j26-139;Protocolo Dr. Jadson — SAOS Triagem Infantil (J26-139);12–144 meses;Sintomas Noturnos;4;Dorme em posição estranha (hiperextensão do pescoço);;
j26-139;Protocolo Dr. Jadson — SAOS Triagem Infantil (J26-139);12–144 meses;Sintomas Noturnos;5;Apresenta agitação noturna e sudorese intensa;;
j26-139;Protocolo Dr. Jadson — SAOS Triagem Infantil (J26-139);12–144 meses;Sintomas Noturnos;6;Acorda com engasgo, tosse ou sensação de sufocamento;;
j26-139;Protocolo Dr. Jadson — SAOS Triagem Infantil (J26-139);12–144 meses;Sintomas Diurnos;1;Tem sonolência diurna excessiva mesmo dormindo o suficiente;;
j26-139;Protocolo Dr. Jadson — SAOS Triagem Infantil (J26-139);12–144 meses;Sintomas Diurnos;2;Respira pela boca durante o dia;;
j26-139;Protocolo Dr. Jadson — SAOS Triagem Infantil (J26-139);12–144 meses;Sintomas Diurnos;3;Apresenta hiperatividade ou déficit de atenção;;
j26-139;Protocolo Dr. Jadson — SAOS Triagem Infantil (J26-139);12–144 meses;Sintomas Diurnos;4;Tem enurese noturna (xixi na cama após 5 anos);;
j26-139;Protocolo Dr. Jadson — SAOS Triagem Infantil (J26-139);12–144 meses;Sintomas Diurnos;5;Acorda com cefaleia matinal;;
j26-139;Protocolo Dr. Jadson — SAOS Triagem Infantil (J26-139);12–144 meses;Sintomas Diurnos;6;Apresenta voz anasalada ou obstrução nasal crônica;;
j26-140;Protocolo Dr. Jadson — Seletividade Alimentar (J26-140);18–144 meses;Recusa e Restrição;1;Recusa alimentos por causa da textura (mole, crocante, fibroso);;
j26-140;Protocolo Dr. Jadson — Seletividade Alimentar (J26-140);18–144 meses;Recusa e Restrição;2;Recusa alimentos por causa da cor (alimentos verdes, coloridos);;
j26-140;Protocolo Dr. Jadson — Seletividade Alimentar (J26-140);18–144 meses;Recusa e Restrição;3;Come menos de 20 alimentos diferentes regularmente;;
j26-140;Protocolo Dr. Jadson — Seletividade Alimentar (J26-140);18–144 meses;Recusa e Restrição;4;Apresenta reação intensa (choro, vômito) ao ver alimentos rejeitados;;
j26-140;Protocolo Dr. Jadson — Seletividade Alimentar (J26-140);18–144 meses;Recusa e Restrição;5;Recusa experimentar qualquer alimento novo;;
j26-140;Protocolo Dr. Jadson — Seletividade Alimentar (J26-140);18–144 meses;Recusa e Restrição;6;Come apenas marcas específicas do mesmo alimento;;
j26-140;Protocolo Dr. Jadson — Seletividade Alimentar (J26-140);18–144 meses;Impacto Nutricional e Social;1;A dieta restrita causa preocupação nutricional (vitaminas, proteínas);;
j26-140;Protocolo Dr. Jadson — Seletividade Alimentar (J26-140);18–144 meses;Impacto Nutricional e Social;2;Não consegue comer em festas, restaurantes ou escola por causa da seletividade;;
j26-140;Protocolo Dr. Jadson — Seletividade Alimentar (J26-140);18–144 meses;Impacto Nutricional e Social;3;A seletividade gera conflito ou estresse nas refeições familiares;;
j26-140;Protocolo Dr. Jadson — Seletividade Alimentar (J26-140);18–144 meses;Impacto Nutricional e Social;4;Perdeu peso ou não ganhou peso adequadamente por causa da restrição;;
j26-140;Protocolo Dr. Jadson — Seletividade Alimentar (J26-140);18–144 meses;Impacto Nutricional e Social;5;Prefere alimentos de textura uniforme (industrializados, purês);;
j26-140;Protocolo Dr. Jadson — Seletividade Alimentar (J26-140);18–144 meses;Impacto Nutricional e Social;6;A seletividade piorou nos últimos 6 meses;;
j26-141;Protocolo Dr. Jadson — Comportamento na Refeição (J26-141);12–120 meses;Comportamento na Mesa;1;Fica em pé, corre ou sai da mesa durante as refeições;;
j26-141;Protocolo Dr. Jadson — Comportamento na Refeição (J26-141);12–120 meses;Comportamento na Mesa;2;Usa telas (tablet, TV) para conseguir comer;;
j26-141;Protocolo Dr. Jadson — Comportamento na Refeição (J26-141);12–120 meses;Comportamento na Mesa;3;A refeição dura mais de 45 minutos;;
j26-141;Protocolo Dr. Jadson — Comportamento na Refeição (J26-141);12–120 meses;Comportamento na Mesa;4;Cospe alimentos ou os retira da boca;;
j26-141;Protocolo Dr. Jadson — Comportamento na Refeição (J26-141);12–120 meses;Comportamento na Mesa;5;Faz birra ou chora no horário das refeições;;
j26-141;Protocolo Dr. Jadson — Comportamento na Refeição (J26-141);12–120 meses;Comportamento na Mesa;6;Precisa de distração para aceitar a comida;;
j26-141;Protocolo Dr. Jadson — Comportamento na Refeição (J26-141);12–120 meses;Dinâmica Familiar;1;Os pais/cuidadores ficam ansiosos ou estressados durante as refeições;;
j26-141;Protocolo Dr. Jadson — Comportamento na Refeição (J26-141);12–120 meses;Dinâmica Familiar;2;A família tem rotinas diferentes para a criança e os demais;;
j26-141;Protocolo Dr. Jadson — Comportamento na Refeição (J26-141);12–120 meses;Dinâmica Familiar;3;Os pais usam pressão ou força para que a criança coma;;
j26-141;Protocolo Dr. Jadson — Comportamento na Refeição (J26-141);12–120 meses;Dinâmica Familiar;4;Existem conflitos frequentes durante o momento das refeições;;
j26-141;Protocolo Dr. Jadson — Comportamento na Refeição (J26-141);12–120 meses;Dinâmica Familiar;5;A rotina de horários das refeições é muito irregular;;
j26-141;Protocolo Dr. Jadson — Comportamento na Refeição (J26-141);12–120 meses;Dinâmica Familiar;6;A criança controla o que os pais oferecem por choro ou recusa;;
j26-142;Protocolo Dr. Jadson — Motor Oral e Deglutição (J26-142);0–144 meses;Sucção e Mastigação;1;Mama no peito ou na mamadeira sem engasgo ou fadiga;;
j26-142;Protocolo Dr. Jadson — Motor Oral e Deglutição (J26-142);0–144 meses;Sucção e Mastigação;2;Mastiga alimentos sólidos sem cuspir em excesso;;
j26-142;Protocolo Dr. Jadson — Motor Oral e Deglutição (J26-142);0–144 meses;Sucção e Mastigação;3;Mastiga com a boca fechada sem vazamento de alimentos;;
j26-142;Protocolo Dr. Jadson — Motor Oral e Deglutição (J26-142);0–144 meses;Sucção e Mastigação;4;Consegue mastigar alimentos de consistência firme (carne, cenoura crua);;
j26-142;Protocolo Dr. Jadson — Motor Oral e Deglutição (J26-142);0–144 meses;Sucção e Mastigação;5;Transita adequadamente de purê para sólidos conforme a idade;;
j26-142;Protocolo Dr. Jadson — Motor Oral e Deglutição (J26-142);0–144 meses;Deglutição e Coordenação;1;Deglute sem tosse ou engasgo frequente;;
j26-142;Protocolo Dr. Jadson — Motor Oral e Deglutição (J26-142);0–144 meses;Deglutição e Coordenação;2;Não apresenta voz úmida/borbulhante após engolir;;
j26-142;Protocolo Dr. Jadson — Motor Oral e Deglutição (J26-142);0–144 meses;Deglutição e Coordenação;3;Come sem excesso de salivação ou bavação após 18 meses;;
j26-142;Protocolo Dr. Jadson — Motor Oral e Deglutição (J26-142);0–144 meses;Deglutição e Coordenação;4;Coordena adequadamente sucção-deglutição-respiração;;
j26-142;Protocolo Dr. Jadson — Motor Oral e Deglutição (J26-142);0–144 meses;Deglutição e Coordenação;5;Não apresenta refluxo ou regurgitação frequente associada à alimentação;;
j26-142;Protocolo Dr. Jadson — Motor Oral e Deglutição (J26-142);0–144 meses;Deglutição e Coordenação;6;Aceita diferentes consistências (líquido, pastoso, sólido) sem dificuldade;;
j26-143;Protocolo Dr. Jadson — ARFID Expandido (J26-143);24–216 meses;Evitação Alimentar;1;Evita alimentos por características sensoriais (textura, cor, cheiro, aparência);;
j26-143;Protocolo Dr. Jadson — ARFID Expandido (J26-143);24–216 meses;Evitação Alimentar;2;Evita alimentos por medo de engasgar, vomitar ou ficar doente;;
j26-143;Protocolo Dr. Jadson — ARFID Expandido (J26-143);24–216 meses;Evitação Alimentar;3;Falta de interesse em comer — não sente fome ou não liga para comida;;
j26-143;Protocolo Dr. Jadson — ARFID Expandido (J26-143);24–216 meses;Evitação Alimentar;4;Restringe a menos de 20 alimentos na dieta habitual;;
j26-143;Protocolo Dr. Jadson — ARFID Expandido (J26-143);24–216 meses;Evitação Alimentar;5;Recusa sistematicamente grupos alimentares inteiros (vegetais, carnes, frutas);;
j26-143;Protocolo Dr. Jadson — ARFID Expandido (J26-143);24–216 meses;Evitação Alimentar;6;A recusa não está relacionada a restrição cultural ou religiosa;;
j26-143;Protocolo Dr. Jadson — ARFID Expandido (J26-143);24–216 meses;Impacto Clínico;1;Perda de peso significativa ou falha no ganho esperado;;
j26-143;Protocolo Dr. Jadson — ARFID Expandido (J26-143);24–216 meses;Impacto Clínico;2;Deficiência nutricional documentada (ferro, zinco, vitaminas);;
j26-143;Protocolo Dr. Jadson — ARFID Expandido (J26-143);24–216 meses;Impacto Clínico;3;Dependência de suplementos ou fórmulas por recusa alimentar;;
j26-143;Protocolo Dr. Jadson — ARFID Expandido (J26-143);24–216 meses;Impacto Clínico;4;Impacto psicossocial grave — evita eventos, festas, escola por causa da alimentação;;
j26-143;Protocolo Dr. Jadson — ARFID Expandido (J26-143);24–216 meses;Impacto Clínico;5;Sofrimento significativo relacionado às refeições;;
j26-143;Protocolo Dr. Jadson — ARFID Expandido (J26-143);24–216 meses;Impacto Clínico;6;O comportamento alimentar interfere no funcionamento diário da criança e família;;
j26-144;Protocolo Dr. Jadson — Aversão a Textura (J26-144);12–120 meses;Texturas Problemáticas;1;Alimentos viscosos ou grudosos (iogurte, gelatina, quiabo);;
j26-144;Protocolo Dr. Jadson — Aversão a Textura (J26-144);12–120 meses;Texturas Problemáticas;2;Alimentos com múltiplas texturas misturadas (sopa com pedaços);;
j26-144;Protocolo Dr. Jadson — Aversão a Textura (J26-144);12–120 meses;Texturas Problemáticas;3;Alimentos crocantes que fazem barulho ao mastigar (biscoito, cenoura crua);;
j26-144;Protocolo Dr. Jadson — Aversão a Textura (J26-144);12–120 meses;Texturas Problemáticas;4;Alimentos fibrosos ou com fios (carne, manga, brócolis);;
j26-144;Protocolo Dr. Jadson — Aversão a Textura (J26-144);12–120 meses;Texturas Problemáticas;5;Alimentos pastosos ou amolecidos (banana madura, inhame);;
j26-144;Protocolo Dr. Jadson — Aversão a Textura (J26-144);12–120 meses;Texturas Problemáticas;6;Alimentos com casca ou sementes (uva com caroço, pimentão);;
j26-144;Protocolo Dr. Jadson — Aversão a Textura (J26-144);12–120 meses;Reações ao Contato;1;Reage ao toque de alimentos nas mãos durante a refeição;;
j26-144;Protocolo Dr. Jadson — Aversão a Textura (J26-144);12–120 meses;Reações ao Contato;2;Apresenta reações de náusea ou engasgo ao contato com texturas aversivas;;
j26-144;Protocolo Dr. Jadson — Aversão a Textura (J26-144);12–120 meses;Reações ao Contato;3;Evita tocar a comida mesmo sem precisar colocar na boca;;
j26-144;Protocolo Dr. Jadson — Aversão a Textura (J26-144);12–120 meses;Reações ao Contato;4;A reação de aversão se estende a outros contextos (barro, tinta, areia);;
j26-144;Protocolo Dr. Jadson — Aversão a Textura (J26-144);12–120 meses;Reações ao Contato;5;A criança não gosta de sujar as mãos de modo geral;;
j26-145;Protocolo Dr. Jadson — Neofobia Alimentar (J26-145);18–120 meses;Recusa de Novos Alimentos;1;Recusa provar qualquer alimento que não conhece;;
j26-145;Protocolo Dr. Jadson — Neofobia Alimentar (J26-145);18–120 meses;Recusa de Novos Alimentos;2;Reage com choro ou pânico quando apresentam um alimento novo;;
j26-145;Protocolo Dr. Jadson — Neofobia Alimentar (J26-145);18–120 meses;Recusa de Novos Alimentos;3;Examina o alimento novo longamente antes de sequer tocá-lo;;
j26-145;Protocolo Dr. Jadson — Neofobia Alimentar (J26-145);18–120 meses;Recusa de Novos Alimentos;4;Tenta convencer os pais a não oferecer novos alimentos;;
j26-145;Protocolo Dr. Jadson — Neofobia Alimentar (J26-145);18–120 meses;Recusa de Novos Alimentos;5;Associa alimentos novos a experiências negativas sem ter provado;;
j26-145;Protocolo Dr. Jadson — Neofobia Alimentar (J26-145);18–120 meses;Recusa de Novos Alimentos;6;A neofobia impede variedade mínima na dieta;;
j26-145;Protocolo Dr. Jadson — Neofobia Alimentar (J26-145);18–120 meses;Contexto e Evolução;1;A neofobia está piorando em vez de melhorar com a idade;;
j26-145;Protocolo Dr. Jadson — Neofobia Alimentar (J26-145);18–120 meses;Contexto e Evolução;2;Afeta também outros contextos (recusa novos brinquedos, locais, situações);;
j26-145;Protocolo Dr. Jadson — Neofobia Alimentar (J26-145);18–120 meses;Contexto e Evolução;3;A criança nunca aceita alimentos novos mesmo após múltiplas exposições;;
j26-145;Protocolo Dr. Jadson — Neofobia Alimentar (J26-145);18–120 meses;Contexto e Evolução;4;Os pais desistiram de oferecer novos alimentos por causa das reações;;
j26-145;Protocolo Dr. Jadson — Neofobia Alimentar (J26-145);18–120 meses;Contexto e Evolução;5;A neofobia causa isolamento social nas refeições fora de casa;;
j26-146;Protocolo Dr. Jadson — Autonomia Alimentar (J26-146);6–36 meses;Marcos de autonomia alimentar;1;Leva a mão ou objetos à boca (início da introdução);;
j26-146;Protocolo Dr. Jadson — Autonomia Alimentar (J26-146);6–36 meses;Marcos de autonomia alimentar;2;Come pedaços com a mão;;
j26-146;Protocolo Dr. Jadson — Autonomia Alimentar (J26-146);6–36 meses;Marcos de autonomia alimentar;3;Segura e bebe no copo;;
j26-146;Protocolo Dr. Jadson — Autonomia Alimentar (J26-146);6–36 meses;Marcos de autonomia alimentar;4;Segura a colher (mesmo sem precisão);;
j26-146;Protocolo Dr. Jadson — Autonomia Alimentar (J26-146);6–36 meses;Marcos de autonomia alimentar;5;Leva a colher à boca sozinha;;
j26-146;Protocolo Dr. Jadson — Autonomia Alimentar (J26-146);6–36 meses;Marcos de autonomia alimentar;6;Come sozinha derramando pouco;;
j26-146;Protocolo Dr. Jadson — Autonomia Alimentar (J26-146);6–36 meses;Marcos de autonomia alimentar;7;Mastiga alimentos em pedaços;;
j26-146;Protocolo Dr. Jadson — Autonomia Alimentar (J26-146);6–36 meses;Marcos de autonomia alimentar;8;Senta na cadeirinha para comer;;
j26-146;Protocolo Dr. Jadson — Autonomia Alimentar (J26-146);6–36 meses;Marcos de autonomia alimentar;9;Aceita texturas progressivamente mais complexas;;
j26-146;Protocolo Dr. Jadson — Autonomia Alimentar (J26-146);6–36 meses;Marcos de autonomia alimentar;10;Sinaliza fome e saciedade;;
j26-146;Protocolo Dr. Jadson — Autonomia Alimentar (J26-146);6–36 meses;Marcos de autonomia alimentar;11;Participa da refeição da família;;
j26-146;Protocolo Dr. Jadson — Autonomia Alimentar (J26-146);6–36 meses;Marcos de autonomia alimentar;12;Usa garfo (conforme a idade);;
j26-147;Protocolo Dr. Jadson — Preocupações Nutricionais (J26-147);18–144 meses;Ingestão Alimentar;1;Come menos de 3 porções de frutas e vegetais por dia;;
j26-147;Protocolo Dr. Jadson — Preocupações Nutricionais (J26-147);18–144 meses;Ingestão Alimentar;2;Consome mais de 3 porções de ultraprocessados por dia;;
j26-147;Protocolo Dr. Jadson — Preocupações Nutricionais (J26-147);18–144 meses;Ingestão Alimentar;3;Bebe mais de 200 ml de suco artificial ou refrigerante por dia;;
j26-147;Protocolo Dr. Jadson — Preocupações Nutricionais (J26-147);18–144 meses;Ingestão Alimentar;4;Não toma café da manhã regularmente;;
j26-147;Protocolo Dr. Jadson — Preocupações Nutricionais (J26-147);18–144 meses;Ingestão Alimentar;5;A ingestão de proteína parece insuficiente para a faixa etária;;
j26-147;Protocolo Dr. Jadson — Preocupações Nutricionais (J26-147);18–144 meses;Ingestão Alimentar;6;Ingere pouco líquido ao longo do dia (menos de 4 copos d'água);;
j26-147;Protocolo Dr. Jadson — Preocupações Nutricionais (J26-147);18–144 meses;Sinais Clínicos;1;Apresenta cansaço fácil ou palidez (possível anemia);;
j26-147;Protocolo Dr. Jadson — Preocupações Nutricionais (J26-147);18–144 meses;Sinais Clínicos;2;Tem cabelo quebradiço, unhas fracas ou queda de cabelo;;
j26-147;Protocolo Dr. Jadson — Preocupações Nutricionais (J26-147);18–144 meses;Sinais Clínicos;3;Apresenta crescimento abaixo do esperado para a faixa etária;;
j26-147;Protocolo Dr. Jadson — Preocupações Nutricionais (J26-147);18–144 meses;Sinais Clínicos;4;Tem frequência aumentada de infecções (possível deficiência de vitaminas);;
j26-147;Protocolo Dr. Jadson — Preocupações Nutricionais (J26-147);18–144 meses;Sinais Clínicos;5;Apresenta irritabilidade intensa que pode estar relacionada à alimentação;;
j26-148;Protocolo Dr. Jadson — Alimentação Amamentação (J26-148);0–6 meses;Amamentação;1;A pega do bebê está correta (boca aberta, língua abaixo do mamilo);;
j26-148;Protocolo Dr. Jadson — Alimentação Amamentação (J26-148);0–6 meses;Amamentação;2;A amamentação ocorre sem dor intensa na mãe;;
j26-148;Protocolo Dr. Jadson — Alimentação Amamentação (J26-148);0–6 meses;Amamentação;3;O bebê ganha peso adequadamente para a faixa etária;;
j26-148;Protocolo Dr. Jadson — Alimentação Amamentação (J26-148);0–6 meses;Amamentação;4;A amamentação ocorre em livre demanda sem horários rígidos;;
j26-148;Protocolo Dr. Jadson — Alimentação Amamentação (J26-148);0–6 meses;Amamentação;5;A mãe não apresenta mastite ou fissuras repetidas;;
j26-148;Protocolo Dr. Jadson — Alimentação Amamentação (J26-148);0–6 meses;Introdução Alimentar;1;A introdução alimentar foi iniciada no momento correto (6 meses);;
j26-148;Protocolo Dr. Jadson — Alimentação Amamentação (J26-148);0–6 meses;Introdução Alimentar;2;Os alimentos são oferecidos em forma e consistência adequadas para a idade;;
j26-148;Protocolo Dr. Jadson — Alimentação Amamentação (J26-148);0–6 meses;Introdução Alimentar;3;A criança aceita alimentos novos com curiosidade;;
j26-148;Protocolo Dr. Jadson — Alimentação Amamentação (J26-148);0–6 meses;Introdução Alimentar;4;Não há recusa alimentar intensa durante a introdução;;
j26-148;Protocolo Dr. Jadson — Alimentação Amamentação (J26-148);0–6 meses;Introdução Alimentar;5;A família segue orientações de introdução alimentar responsiva;;
j26-148;Protocolo Dr. Jadson — Alimentação Amamentação (J26-148);0–6 meses;Introdução Alimentar;6;O bebê não apresenta reações alérgicas ao introduzir novos alimentos;;
j26-149;Protocolo Dr. Jadson — Recusa Alimentar Bebê (J26-149);6–18 meses;Comportamentos de Recusa;1;Vira a cabeça ou fecha a boca quando a colher se aproxima;;
j26-149;Protocolo Dr. Jadson — Recusa Alimentar Bebê (J26-149);6–18 meses;Comportamentos de Recusa;2;Chora, arqueja ou se agita durante a oferta de alimento;;
j26-149;Protocolo Dr. Jadson — Recusa Alimentar Bebê (J26-149);6–18 meses;Comportamentos de Recusa;3;Cospe ou expele sistematicamente o alimento oferecido;;
j26-149;Protocolo Dr. Jadson — Recusa Alimentar Bebê (J26-149);6–18 meses;Comportamentos de Recusa;4;Mastiga mas não engole (rumina o alimento);;
j26-149;Protocolo Dr. Jadson — Recusa Alimentar Bebê (J26-149);6–18 meses;Comportamentos de Recusa;5;A refeição é interrompida frequentemente pelo comportamento de recusa;;
j26-149;Protocolo Dr. Jadson — Recusa Alimentar Bebê (J26-149);6–18 meses;Comportamentos de Recusa;6;O tempo de refeição se estende por mais de 30 minutos por causa da recusa;;
j26-149;Protocolo Dr. Jadson — Recusa Alimentar Bebê (J26-149);6–18 meses;Fatores Associados;1;A recusa surgiu ou piorou após evento específico (refluxo, engasgo, doença);;
j26-149;Protocolo Dr. Jadson — Recusa Alimentar Bebê (J26-149);6–18 meses;Fatores Associados;2;O bebê aceita um cuidador mas não outro;;
j26-149;Protocolo Dr. Jadson — Recusa Alimentar Bebê (J26-149);6–18 meses;Fatores Associados;3;Aceita apenas uma forma de oferta (mamadeira mas não colher);;
j26-149;Protocolo Dr. Jadson — Recusa Alimentar Bebê (J26-149);6–18 meses;Fatores Associados;4;Apresenta sinais de dor ou desconforto durante a alimentação;;
j26-149;Protocolo Dr. Jadson — Recusa Alimentar Bebê (J26-149);6–18 meses;Fatores Associados;5;A recusa causa sofrimento intenso nos cuidadores;;
j26-150;Protocolo Dr. Jadson — Diário de Cefaleia Expandido (J26-150);60–216 meses;Características da Dor;1;A dor de cabeça ocorre mais de 4 vezes por mês;;
j26-150;Protocolo Dr. Jadson — Diário de Cefaleia Expandido (J26-150);60–216 meses;Características da Dor;2;A dor é de intensidade forte (impede atividades);;
j26-150;Protocolo Dr. Jadson — Diário de Cefaleia Expandido (J26-150);60–216 meses;Características da Dor;3;A dor dura mais de 2 horas sem medicação;;
j26-150;Protocolo Dr. Jadson — Diário de Cefaleia Expandido (J26-150);60–216 meses;Características da Dor;4;A dor é pulsátil ou latejante (como batida);;
j26-150;Protocolo Dr. Jadson — Diário de Cefaleia Expandido (J26-150);60–216 meses;Características da Dor;5;A dor piora com esforço físico ou movimento;;
j26-150;Protocolo Dr. Jadson — Diário de Cefaleia Expandido (J26-150);60–216 meses;Características da Dor;6;Há náusea ou vômito associados à cefaleia;;
j26-150;Protocolo Dr. Jadson — Diário de Cefaleia Expandido (J26-150);60–216 meses;Fatores e Impacto;1;Há sensibilidade à luz (fotofobia) durante a crise;;
j26-150;Protocolo Dr. Jadson — Diário de Cefaleia Expandido (J26-150);60–216 meses;Fatores e Impacto;2;Há sensibilidade ao som (fonofobia) durante a crise;;
j26-150;Protocolo Dr. Jadson — Diário de Cefaleia Expandido (J26-150);60–216 meses;Fatores e Impacto;3;A criança precisa deitar no escuro durante as crises;;
j26-150;Protocolo Dr. Jadson — Diário de Cefaleia Expandido (J26-150);60–216 meses;Fatores e Impacto;4;A cefaleia faz a criança faltar à escola;;
j26-150;Protocolo Dr. Jadson — Diário de Cefaleia Expandido (J26-150);60–216 meses;Fatores e Impacto;5;A cefaleia interfere nas atividades de lazer e esportes;;
j26-150;Protocolo Dr. Jadson — Diário de Cefaleia Expandido (J26-150);60–216 meses;Fatores e Impacto;6;A família organiza a rotina em torno das crises de cefaleia;;
j26-151;Protocolo Dr. Jadson — Impacto Dor Crônica Criança (J26-151);60–216 meses;Impacto Funcional;1;A dor faz a criança faltar à escola;;
j26-151;Protocolo Dr. Jadson — Impacto Dor Crônica Criança (J26-151);60–216 meses;Impacto Funcional;2;A dor impede a participação em atividades físicas e esportes;;
j26-151;Protocolo Dr. Jadson — Impacto Dor Crônica Criança (J26-151);60–216 meses;Impacto Funcional;3;A criança evita atividades de lazer por causa da dor;;
j26-151;Protocolo Dr. Jadson — Impacto Dor Crônica Criança (J26-151);60–216 meses;Impacto Funcional;4;A dor interfere no sono da criança;;
j26-151;Protocolo Dr. Jadson — Impacto Dor Crônica Criança (J26-151);60–216 meses;Impacto Funcional;5;A criança tem dificuldade de concentração na escola por causa da dor;;
j26-151;Protocolo Dr. Jadson — Impacto Dor Crônica Criança (J26-151);60–216 meses;Impacto Funcional;6;A dor impede atividades diárias básicas (vestir, higiene, comer);;
j26-151;Protocolo Dr. Jadson — Impacto Dor Crônica Criança (J26-151);60–216 meses;Impacto Emocional e Social;1;A criança está irritada, triste ou ansiosa por causa da dor;;
j26-151;Protocolo Dr. Jadson — Impacto Dor Crônica Criança (J26-151);60–216 meses;Impacto Emocional e Social;2;Há isolamento social relacionado à dor crônica;;
j26-151;Protocolo Dr. Jadson — Impacto Dor Crônica Criança (J26-151);60–216 meses;Impacto Emocional e Social;3;A criança expressa desesperança quanto à melhora;;
j26-151;Protocolo Dr. Jadson — Impacto Dor Crônica Criança (J26-151);60–216 meses;Impacto Emocional e Social;4;Os pais estão sobrecarregados ou ansiosos por causa da dor do filho;;
j26-151;Protocolo Dr. Jadson — Impacto Dor Crônica Criança (J26-151);60–216 meses;Impacto Emocional e Social;5;A família mudou significativamente sua rotina por causa da dor;;
j26-152;Protocolo Dr. Jadson — Catastrofização da Dor Infantil (J26-152);72–216 meses;Pensamentos Catastróficos;1;Pensa que a dor nunca vai parar;;
j26-152;Protocolo Dr. Jadson — Catastrofização da Dor Infantil (J26-152);72–216 meses;Pensamentos Catastróficos;2;Acredita que algo muito sério e grave está acontecendo com ela;;
j26-152;Protocolo Dr. Jadson — Catastrofização da Dor Infantil (J26-152);72–216 meses;Pensamentos Catastróficos;3;Fica preocupada com o que pode ter causado a dor;;
j26-152;Protocolo Dr. Jadson — Catastrofização da Dor Infantil (J26-152);72–216 meses;Pensamentos Catastróficos;4;Sente que não vai conseguir suportar a dor;;
j26-152;Protocolo Dr. Jadson — Catastrofização da Dor Infantil (J26-152);72–216 meses;Pensamentos Catastróficos;5;Fica com medo que a dor piore cada vez mais;;
j26-152;Protocolo Dr. Jadson — Catastrofização da Dor Infantil (J26-152);72–216 meses;Comportamentos de Evitação;1;Evita atividades por medo de provocar ou piorar a dor;;
j26-152;Protocolo Dr. Jadson — Catastrofização da Dor Infantil (J26-152);72–216 meses;Comportamentos de Evitação;2;Fica rígida ou imóvel com medo de movimentar e sentir mais dor;;
j26-152;Protocolo Dr. Jadson — Catastrofização da Dor Infantil (J26-152);72–216 meses;Comportamentos de Evitação;3;Chora ou grita de forma intensa mesmo para dores leves;;
j26-152;Protocolo Dr. Jadson — Catastrofização da Dor Infantil (J26-152);72–216 meses;Comportamentos de Evitação;4;Pede para ir ao médico ou pronto-socorro frequentemente por causa da dor;;
j26-152;Protocolo Dr. Jadson — Catastrofização da Dor Infantil (J26-152);72–216 meses;Comportamentos de Evitação;5;Falta à escola preventivamente com medo de sentir dor lá;;
j26-152;Protocolo Dr. Jadson — Catastrofização da Dor Infantil (J26-152);72–216 meses;Comportamentos de Evitação;6;Os pais reforçam a catastrofização ao superproteger a criança;;
j26-153;Protocolo Dr. Jadson — Aura de Enxaqueca (J26-153);60–216 meses;Aura Visual;1;Ve pontos de luz, flashes ou faíscas antes da crise;;
j26-153;Protocolo Dr. Jadson — Aura de Enxaqueca (J26-153);60–216 meses;Aura Visual;2;Tem pontos cegos ou áreas de visão perdida (escotoma);;
j26-153;Protocolo Dr. Jadson — Aura de Enxaqueca (J26-153);60–216 meses;Aura Visual;3;Ve linhas em ziguezague ou figuras geométricas que se expandem;;
j26-153;Protocolo Dr. Jadson — Aura de Enxaqueca (J26-153);60–216 meses;Aura Visual;4;A visão fica borrada ou distorcida antes da dor;;
j26-153;Protocolo Dr. Jadson — Aura de Enxaqueca (J26-153);60–216 meses;Aura Visual;5;Tem visão dupla ou perda transitória de visão;;
j26-153;Protocolo Dr. Jadson — Aura de Enxaqueca (J26-153);60–216 meses;Aura Sensorial e Motora;1;Sente formigamento ou dormência em rosto, braço ou perna;;
j26-153;Protocolo Dr. Jadson — Aura de Enxaqueca (J26-153);60–216 meses;Aura Sensorial e Motora;2;Tem dificuldade para falar ou encontrar palavras antes da crise;;
j26-153;Protocolo Dr. Jadson — Aura de Enxaqueca (J26-153);60–216 meses;Aura Sensorial e Motora;3;Sente fraqueza em um lado do corpo antes da crise;;
j26-153;Protocolo Dr. Jadson — Aura de Enxaqueca (J26-153);60–216 meses;Aura Sensorial e Motora;4;Fica confusa, desorientada ou parece estar em outro lugar;;
j26-153;Protocolo Dr. Jadson — Aura de Enxaqueca (J26-153);60–216 meses;Aura Sensorial e Motora;5;Apresenta tonteira ou sensação de rotação antes da dor;;
j26-153;Protocolo Dr. Jadson — Aura de Enxaqueca (J26-153);60–216 meses;Aura Sensorial e Motora;6;Os sintomas da aura duram entre 5 e 60 minutos;;
j26-154;Protocolo Dr. Jadson — Dor Abdominal Funcional (J26-154);36–168 meses;Características da Dor;1;A dor abdominal ocorre mais de uma vez por semana;;
j26-154;Protocolo Dr. Jadson — Dor Abdominal Funcional (J26-154);36–168 meses;Características da Dor;2;A dor esta localizada ao redor do umbigo (periumbilical);;
j26-154;Protocolo Dr. Jadson — Dor Abdominal Funcional (J26-154);36–168 meses;Características da Dor;3;A dor nao tem causa organica identificada apos investigacao;;
j26-154;Protocolo Dr. Jadson — Dor Abdominal Funcional (J26-154);36–168 meses;Características da Dor;4;A dor ocorre mais em momentos de estresse ou ansiedade;;
j26-154;Protocolo Dr. Jadson — Dor Abdominal Funcional (J26-154);36–168 meses;Características da Dor;5;A criança para completamente as atividades durante a dor;;
j26-154;Protocolo Dr. Jadson — Dor Abdominal Funcional (J26-154);36–168 meses;Características da Dor;6;A dor dura mais de 1 hora por episodio;;
j26-154;Protocolo Dr. Jadson — Dor Abdominal Funcional (J26-154);36–168 meses;Impacto e Fatores Associados;1;A dor faz a criança faltar a escola com frequencia;;
j26-154;Protocolo Dr. Jadson — Dor Abdominal Funcional (J26-154);36–168 meses;Impacto e Fatores Associados;2;Ha historia familiar de intestino irritavel ou enxaqueca;;
j26-154;Protocolo Dr. Jadson — Dor Abdominal Funcional (J26-154);36–168 meses;Impacto e Fatores Associados;3;A criança tem constipacao ou diarreia associadas a dor;;
j26-154;Protocolo Dr. Jadson — Dor Abdominal Funcional (J26-154);36–168 meses;Impacto e Fatores Associados;4;A dor piora antes de eventos estressantes (prova, apresentacao);;
j26-154;Protocolo Dr. Jadson — Dor Abdominal Funcional (J26-154);36–168 meses;Impacto e Fatores Associados;5;A criança esta ansiosa ou tem medo de ficar longe de casa;;
j26-154;Protocolo Dr. Jadson — Dor Abdominal Funcional (J26-154);36–168 meses;Impacto e Fatores Associados;6;A dor melhora nos fins de semana ou nas ferias;;
j26-155;Protocolo Dr. Jadson — Comunicação da Dor (J26-155);24–120 meses;Comunicacao da Dor;1;Consegue dizer onde sente a dor;;
j26-155;Protocolo Dr. Jadson — Comunicação da Dor (J26-155);24–120 meses;Comunicacao da Dor;2;Consegue descrever o tipo de dor (queimacao, pressao, pontada);;
j26-155;Protocolo Dr. Jadson — Comunicação da Dor (J26-155);24–120 meses;Comunicacao da Dor;3;Consegue dizer quando a dor comeca e termina;;
j26-155;Protocolo Dr. Jadson — Comunicação da Dor (J26-155);24–120 meses;Comunicacao da Dor;4;Consegue comparar a intensidade da dor (mais forte, menos forte);;
j26-155;Protocolo Dr. Jadson — Comunicação da Dor (J26-155);24–120 meses;Comunicacao da Dor;5;Consegue usar escala de dor (faces ou numérica) com orientacao;;
j26-155;Protocolo Dr. Jadson — Comunicação da Dor (J26-155);24–120 meses;Estrategias de Enfrentamento;1;Usa respiracao ou relaxamento para lidar com a dor;;
j26-155;Protocolo Dr. Jadson — Comunicação da Dor (J26-155);24–120 meses;Estrategias de Enfrentamento;2;Pede ajuda de forma adequada quando sente dor;;
j26-155;Protocolo Dr. Jadson — Comunicação da Dor (J26-155);24–120 meses;Estrategias de Enfrentamento;3;Consegue manter algumas atividades mesmo com dor leve;;
j26-155;Protocolo Dr. Jadson — Comunicação da Dor (J26-155);24–120 meses;Estrategias de Enfrentamento;4;Nao entra em panico diante de dor moderada;;
j26-155;Protocolo Dr. Jadson — Comunicação da Dor (J26-155);24–120 meses;Estrategias de Enfrentamento;5;A criança confia que a dor vai melhorar;;
j26-155;Protocolo Dr. Jadson — Comunicação da Dor (J26-155);24–120 meses;Estrategias de Enfrentamento;6;A familia apoia sem superproteger a criança com dor;;
j26-156;Protocolo Dr. Jadson — Dor Neuropática Criança (J26-156);60–216 meses;Qualidade da Dor;1;A dor e descrita como queimacao ou ardencia;;
j26-156;Protocolo Dr. Jadson — Dor Neuropática Criança (J26-156);60–216 meses;Qualidade da Dor;2;A dor e descrita como choque eletrico ou facada;;
j26-156;Protocolo Dr. Jadson — Dor Neuropática Criança (J26-156);60–216 meses;Qualidade da Dor;3;A dor e descrita como formigamento ou dormencia;;
j26-156;Protocolo Dr. Jadson — Dor Neuropática Criança (J26-156);60–216 meses;Qualidade da Dor;4;A dor ocorre de forma espontanea, sem causa aparente;;
j26-156;Protocolo Dr. Jadson — Dor Neuropática Criança (J26-156);60–216 meses;Qualidade da Dor;5;A dor e continua ou muito frequente (nao episodica);;
j26-156;Protocolo Dr. Jadson — Dor Neuropática Criança (J26-156);60–216 meses;Qualidade da Dor;6;A dor e intensa e desproporcional ao estimulo;;
j26-156;Protocolo Dr. Jadson — Dor Neuropática Criança (J26-156);60–216 meses;Fenomenos Sensoriais;1;Toque leve causa dor intensa (alodinia);;
j26-156;Protocolo Dr. Jadson — Dor Neuropática Criança (J26-156);60–216 meses;Fenomenos Sensoriais;2;Temperatura (frio ou calor) piora a dor;;
j26-156;Protocolo Dr. Jadson — Dor Neuropática Criança (J26-156);60–216 meses;Fenomenos Sensoriais;3;A area dolorosa tem sensibilidade alterada (dormencia ou hipersensibilidade);;
j26-156;Protocolo Dr. Jadson — Dor Neuropática Criança (J26-156);60–216 meses;Fenomenos Sensoriais;4;A dor esta associada a fraqueza ou alteracao motora;;
j26-156;Protocolo Dr. Jadson — Dor Neuropática Criança (J26-156);60–216 meses;Fenomenos Sensoriais;5;Ha historia de lesao neural ou condicao neurologica previa;;
j26-157;Protocolo Dr. Jadson — Triagem Cefaleias Secundárias (J26-157);12–216 meses;Sinais de Alerta Primários;1;Inicio subito e intenso (a pior dor de cabeca da vida);;
j26-157;Protocolo Dr. Jadson — Triagem Cefaleias Secundárias (J26-157);12–216 meses;Sinais de Alerta Primários;2;Piora progressiva ao longo de dias ou semanas;;
j26-157;Protocolo Dr. Jadson — Triagem Cefaleias Secundárias (J26-157);12–216 meses;Sinais de Alerta Primários;3;Desacorda a criança do sono pela dor;;
j26-157;Protocolo Dr. Jadson — Triagem Cefaleias Secundárias (J26-157);12–216 meses;Sinais de Alerta Primários;4;Associada a febre, rigidez de nuca ou fotofobia intensa;;
j26-157;Protocolo Dr. Jadson — Triagem Cefaleias Secundárias (J26-157);12–216 meses;Sinais de Alerta Primários;5;Associada a vomito em jato sem nausea previa;;
j26-157;Protocolo Dr. Jadson — Triagem Cefaleias Secundárias (J26-157);12–216 meses;Sinais de Alerta Secundários;1;Mudanca recente no padrao ou carater habitual da cefaleia;;
j26-157;Protocolo Dr. Jadson — Triagem Cefaleias Secundárias (J26-157);12–216 meses;Sinais de Alerta Secundários;2;Associada a alteracoes neurologicas (fraqueza, visao dupla, ataxia);;
j26-157;Protocolo Dr. Jadson — Triagem Cefaleias Secundárias (J26-157);12–216 meses;Sinais de Alerta Secundários;3;Piora com manobra de Valsalva (espirro, evacuacao, agachar);;
j26-157;Protocolo Dr. Jadson — Triagem Cefaleias Secundárias (J26-157);12–216 meses;Sinais de Alerta Secundários;4;Cefaleia em criança menor de 3 anos;;
j26-157;Protocolo Dr. Jadson — Triagem Cefaleias Secundárias (J26-157);12–216 meses;Sinais de Alerta Secundários;5;Cefaleia em criança com historia de neoplasia, HIV ou imunossupressao;;
j26-157;Protocolo Dr. Jadson — Triagem Cefaleias Secundárias (J26-157);12–216 meses;Sinais de Alerta Secundários;6;Associada a papiledema ao exame de fundo de olho;;
j26-158;Protocolo Dr. Jadson — Gravidade das Crises (Pais) (J26-158);0–216 meses;Frequência e Duração das Crises;1;As crises ocorrem mais de uma vez por semana;;
j26-158;Protocolo Dr. Jadson — Gravidade das Crises (Pais) (J26-158);0–216 meses;Frequência e Duração das Crises;2;As crises têm duração superior a 5 minutos;;
j26-158;Protocolo Dr. Jadson — Gravidade das Crises (Pais) (J26-158);0–216 meses;Frequência e Duração das Crises;3;Houve crises em série (2 ou mais crises sem recuperação entre elas);;
j26-158;Protocolo Dr. Jadson — Gravidade das Crises (Pais) (J26-158);0–216 meses;Frequência e Duração das Crises;4;Precisou usar medicação de resgate (diazepam, midazolam) no último mês;;
j26-158;Protocolo Dr. Jadson — Gravidade das Crises (Pais) (J26-158);0–216 meses;Frequência e Duração das Crises;5;Houve internação por causa das crises nos últimos 6 meses;;
j26-158;Protocolo Dr. Jadson — Gravidade das Crises (Pais) (J26-158);0–216 meses;Impacto das Crises;1;As crises causam quedas com risco de lesão;;
j26-158;Protocolo Dr. Jadson — Gravidade das Crises (Pais) (J26-158);0–216 meses;Impacto das Crises;2;A criança fica muito sonolenta ou confusa por longo tempo após a crise;;
j26-158;Protocolo Dr. Jadson — Gravidade das Crises (Pais) (J26-158);0–216 meses;Impacto das Crises;3;As crises ocorrem em momentos de risco (banho, piscina, altura);;
j26-158;Protocolo Dr. Jadson — Gravidade das Crises (Pais) (J26-158);0–216 meses;Impacto das Crises;4;Os pais ficam em pânico ou com ansiedade intensa durante as crises;;
j26-158;Protocolo Dr. Jadson — Gravidade das Crises (Pais) (J26-158);0–216 meses;Impacto das Crises;5;A vida familiar foi drasticamente reorganizada por causa das crises;;
j26-158;Protocolo Dr. Jadson — Gravidade das Crises (Pais) (J26-158);0–216 meses;Impacto das Crises;6;A criança esta com medo de ter crises em público;;
j26-159;Protocolo Dr. Jadson — Adesão Medicação Epilepsia (J26-159);0–216 meses;Uso da Medicação;1;A criança toma a medicação todos os dias nos horários corretos;;
j26-159;Protocolo Dr. Jadson — Adesão Medicação Epilepsia (J26-159);0–216 meses;Uso da Medicação;2;Nunca ha esquecimento de dose no ultimo mes;;
j26-159;Protocolo Dr. Jadson — Adesão Medicação Epilepsia (J26-159);0–216 meses;Uso da Medicação;3;A familia mantem estoque suficiente da medicacao;;
j26-159;Protocolo Dr. Jadson — Adesão Medicação Epilepsia (J26-159);0–216 meses;Uso da Medicação;4;A criança consegue engolir o medicamento adequadamente;;
j26-159;Protocolo Dr. Jadson — Adesão Medicação Epilepsia (J26-159);0–216 meses;Uso da Medicação;5;A medicação e administrada pela mesma via sempre (oral, etc.);;
j26-159;Protocolo Dr. Jadson — Adesão Medicação Epilepsia (J26-159);0–216 meses;Seguimento e Comprometimento;1;A familia comparece a todas as consultas programadas;;
j26-159;Protocolo Dr. Jadson — Adesão Medicação Epilepsia (J26-159);0–216 meses;Seguimento e Comprometimento;2;Os pais compreendem o porquê do tratamento continuo;;
j26-159;Protocolo Dr. Jadson — Adesão Medicação Epilepsia (J26-159);0–216 meses;Seguimento e Comprometimento;3;A familia sabe o que fazer em caso de crise (plano de emergencia);;
j26-159;Protocolo Dr. Jadson — Adesão Medicação Epilepsia (J26-159);0–216 meses;Seguimento e Comprometimento;4;Nao ha automedicacao ou suspensao sem orientacao medica;;
j26-159;Protocolo Dr. Jadson — Adesão Medicação Epilepsia (J26-159);0–216 meses;Seguimento e Comprometimento;5;A familia monitora a frequencia das crises em diario;;
j26-159;Protocolo Dr. Jadson — Adesão Medicação Epilepsia (J26-159);0–216 meses;Seguimento e Comprometimento;6;Os pais comunicam ao medico qualquer mudanca no padrao das crises;;
j26-160;Protocolo Dr. Jadson — Qualidade de Vida Epilepsia Criança (J26-160);36–168 meses;Funcionalidade Diária;1;A criança participa de atividades escolares normalmente;;
j26-160;Protocolo Dr. Jadson — Qualidade de Vida Epilepsia Criança (J26-160);36–168 meses;Funcionalidade Diária;2;A criança pratica atividades físicas e esportes;;
j26-160;Protocolo Dr. Jadson — Qualidade de Vida Epilepsia Criança (J26-160);36–168 meses;Funcionalidade Diária;3;A criança tem amigos e participa de atividades sociais;;
j26-160;Protocolo Dr. Jadson — Qualidade de Vida Epilepsia Criança (J26-160);36–168 meses;Funcionalidade Diária;4;A criança dorme bem e acorda descansada;;
j26-160;Protocolo Dr. Jadson — Qualidade de Vida Epilepsia Criança (J26-160);36–168 meses;Funcionalidade Diária;5;A criança se alimenta e tem peso adequado;;
j26-160;Protocolo Dr. Jadson — Qualidade de Vida Epilepsia Criança (J26-160);36–168 meses;Bem-Estar Emocional;1;A criança esta feliz e satisfeita com a vida;;
j26-160;Protocolo Dr. Jadson — Qualidade de Vida Epilepsia Criança (J26-160);36–168 meses;Bem-Estar Emocional;2;A criança nao tem medo excessivo de ter crises;;
j26-160;Protocolo Dr. Jadson — Qualidade de Vida Epilepsia Criança (J26-160);36–168 meses;Bem-Estar Emocional;3;A familia nao superprotege a criança por causa da epilepsia;;
j26-160;Protocolo Dr. Jadson — Qualidade de Vida Epilepsia Criança (J26-160);36–168 meses;Bem-Estar Emocional;4;A criança nao se sente diferente dos colegas por causa da doenca;;
j26-160;Protocolo Dr. Jadson — Qualidade de Vida Epilepsia Criança (J26-160);36–168 meses;Bem-Estar Emocional;5;Os pais tem boa qualidade de vida e nao estao sobrecarregados;;
j26-160;Protocolo Dr. Jadson — Qualidade de Vida Epilepsia Criança (J26-160);36–168 meses;Bem-Estar Emocional;6;A escola conhece e sabe como lidar com a epilepsia da criança;;
j26-161;Protocolo Dr. Jadson — Cognição e Epilepsia (J26-161);36–216 meses;Atençao e Memória;1;Mantem atencao em tarefas escolares por tempo adequado para a idade;;
j26-161;Protocolo Dr. Jadson — Cognição e Epilepsia (J26-161);36–216 meses;Atençao e Memória;2;Memoriza conteudo escolar sem dificuldade desproporcional;;
j26-161;Protocolo Dr. Jadson — Cognição e Epilepsia (J26-161);36–216 meses;Atençao e Memória;3;Nao perde o fio da conversa com frequencia;;
j26-161;Protocolo Dr. Jadson — Cognição e Epilepsia (J26-161);36–216 meses;Atençao e Memória;4;Consegue seguir instrucoes em etapas multiplas;;
j26-161;Protocolo Dr. Jadson — Cognição e Epilepsia (J26-161);36–216 meses;Atençao e Memória;5;A memoria de curto prazo e funcional para a faixa etaria;;
j26-161;Protocolo Dr. Jadson — Cognição e Epilepsia (J26-161);36–216 meses;Aprendizagem e Linguagem;1;O desempenho escolar esta adequado para a faixa etaria;;
j26-161;Protocolo Dr. Jadson — Cognição e Epilepsia (J26-161);36–216 meses;Aprendizagem e Linguagem;2;Le e escreve conforme o esperado para a serie;;
j26-161;Protocolo Dr. Jadson — Cognição e Epilepsia (J26-161);36–216 meses;Aprendizagem e Linguagem;3;Realiza calculos matematicos adequados para a serie;;
j26-161;Protocolo Dr. Jadson — Cognição e Epilepsia (J26-161);36–216 meses;Aprendizagem e Linguagem;4;A linguagem expressiva e receptiva esta dentro do esperado;;
j26-161;Protocolo Dr. Jadson — Cognição e Epilepsia (J26-161);36–216 meses;Aprendizagem e Linguagem;5;Nao houve regressao de habilidades cognitivas apos inicio da epilepsia;;
j26-161;Protocolo Dr. Jadson — Cognição e Epilepsia (J26-161);36–216 meses;Aprendizagem e Linguagem;6;A medicacao antiepileptica nao parece impactar o desempenho escolar;;
j26-162;Protocolo Dr. Jadson — Gatilhos das Crises (J26-162);0–216 meses;Gatilhos Fisiológicos;1;Privacao de sono ou sono insuficiente;;
j26-162;Protocolo Dr. Jadson — Gatilhos das Crises (J26-162);0–216 meses;Gatilhos Fisiológicos;2;Febre ou infeccao;;
j26-162;Protocolo Dr. Jadson — Gatilhos das Crises (J26-162);0–216 meses;Gatilhos Fisiológicos;3;Hipoglicemia (ficar muito tempo sem comer);;
j26-162;Protocolo Dr. Jadson — Gatilhos das Crises (J26-162);0–216 meses;Gatilhos Fisiológicos;4;Estresse fisico intenso (esforco excessivo);;
j26-162;Protocolo Dr. Jadson — Gatilhos das Crises (J26-162);0–216 meses;Gatilhos Fisiológicos;5;Alteracoes hormonais (em adolescentes);;
j26-162;Protocolo Dr. Jadson — Gatilhos das Crises (J26-162);0–216 meses;Gatilhos Fisiológicos;6;Desidratacao;;
j26-162;Protocolo Dr. Jadson — Gatilhos das Crises (J26-162);0–216 meses;Gatilhos Ambientais e Comportamentais;1;Luzes piscando ou estroboscopicas (fotossensibilidade);;
j26-162;Protocolo Dr. Jadson — Gatilhos das Crises (J26-162);0–216 meses;Gatilhos Ambientais e Comportamentais;2;Estresse emocional intenso;;
j26-162;Protocolo Dr. Jadson — Gatilhos das Crises (J26-162);0–216 meses;Gatilhos Ambientais e Comportamentais;3;Esquecimento ou interrupcao da medicacao;;
j26-162;Protocolo Dr. Jadson — Gatilhos das Crises (J26-162);0–216 meses;Gatilhos Ambientais e Comportamentais;4;Uso de alcool ou substancias (em adolescentes);;
j26-162;Protocolo Dr. Jadson — Gatilhos das Crises (J26-162);0–216 meses;Gatilhos Ambientais e Comportamentais;5;Estimulacao sensorial intensa (som alto, temperatura extrema);;
j26-162;Protocolo Dr. Jadson — Gatilhos das Crises (J26-162);0–216 meses;Gatilhos Ambientais e Comportamentais;6;Padroes visuais especificos (televisao, video games);;
j26-163;Protocolo Dr. Jadson — Protocolo Crise de Emergência (J26-163);0–216 meses;Conhecimento e Plano;1;Sabe reconhecer os diferentes tipos de crise desta criança;;
j26-163;Protocolo Dr. Jadson — Protocolo Crise de Emergência (J26-163);0–216 meses;Conhecimento e Plano;2;Tem plano escrito de acao para crise em casa;;
j26-163;Protocolo Dr. Jadson — Protocolo Crise de Emergência (J26-163);0–216 meses;Conhecimento e Plano;3;A escola tem o plano de emergencia e sabe como agir;;
j26-163;Protocolo Dr. Jadson — Protocolo Crise de Emergência (J26-163);0–216 meses;Conhecimento e Plano;4;Sabe quando ligar para o SAMU/190 (crise > 5 min);;
j26-163;Protocolo Dr. Jadson — Protocolo Crise de Emergência (J26-163);0–216 meses;Conhecimento e Plano;5;Conhece a contraindicacao de colocar objeto na boca durante a crise;;
j26-163;Protocolo Dr. Jadson — Protocolo Crise de Emergência (J26-163);0–216 meses;Recursos e Prática;1;Tem medicacao de resgate em casa e na escola (diazepam, midazolam);;
j26-163;Protocolo Dr. Jadson — Protocolo Crise de Emergência (J26-163);0–216 meses;Recursos e Prática;2;Sabe administrar a medicacao de resgate corretamente;;
j26-163;Protocolo Dr. Jadson — Protocolo Crise de Emergência (J26-163);0–216 meses;Recursos e Prática;3;Ja administrou a medicacao de resgate com sucesso ao menos uma vez;;
j26-163;Protocolo Dr. Jadson — Protocolo Crise de Emergência (J26-163);0–216 meses;Recursos e Prática;4;Mantem registro das crises (data, horario, duracao, tipo);;
j26-163;Protocolo Dr. Jadson — Protocolo Crise de Emergência (J26-163);0–216 meses;Recursos e Prática;5;Tem contato direto com o medico para duvidas urgentes;;
j26-163;Protocolo Dr. Jadson — Protocolo Crise de Emergência (J26-163);0–216 meses;Recursos e Prática;6;Revisa o plano de emergencia com o medico a cada consulta;;
j26-164;Protocolo Dr. Jadson — Monitorização Dieta Cetogênica (J26-164);0–144 meses;Adesao e Implementação;1;A relacao gordura:proteinas+carboidratos esta sendo mantida (ex: 4:1);;
j26-164;Protocolo Dr. Jadson — Monitorização Dieta Cetogênica (J26-164);0–144 meses;Adesao e Implementação;2;A familia pesa e mede os alimentos com precisao;;
j26-164;Protocolo Dr. Jadson — Monitorização Dieta Cetogênica (J26-164);0–144 meses;Adesao e Implementação;3;A criança esta em cetose verificada (cetonas urinárias ou sanguineas);;
j26-164;Protocolo Dr. Jadson — Monitorização Dieta Cetogênica (J26-164);0–144 meses;Adesao e Implementação;4;Nao ha ingesta acidental de carboidratos em excesso;;
j26-164;Protocolo Dr. Jadson — Monitorização Dieta Cetogênica (J26-164);0–144 meses;Adesao e Implementação;5;A suplementacao de vitaminas e minerais esta sendo feita;;
j26-164;Protocolo Dr. Jadson — Monitorização Dieta Cetogênica (J26-164);0–144 meses;Adesao e Implementação;6;A ingestao hidrica esta adequada;;
j26-164;Protocolo Dr. Jadson — Monitorização Dieta Cetogênica (J26-164);0–144 meses;Efeitos e Monitorização;1;Houve reducao significativa das crises desde o inicio da dieta;;
j26-164;Protocolo Dr. Jadson — Monitorização Dieta Cetogênica (J26-164);0–144 meses;Efeitos e Monitorização;2;A criança esta crescendo e ganhando peso adequadamente;;
j26-164;Protocolo Dr. Jadson — Monitorização Dieta Cetogênica (J26-164);0–144 meses;Efeitos e Monitorização;3;Nao apresenta calculos renais (dor lombar, sangue na urina);;
j26-164;Protocolo Dr. Jadson — Monitorização Dieta Cetogênica (J26-164);0–144 meses;Efeitos e Monitorização;4;Nao apresenta dislipidemia significativa (colesterol, triglicerides);;
j26-164;Protocolo Dr. Jadson — Monitorização Dieta Cetogênica (J26-164);0–144 meses;Efeitos e Monitorização;5;A criança aceita a dieta sem recusa intensa;;
j26-164;Protocolo Dr. Jadson — Monitorização Dieta Cetogênica (J26-164);0–144 meses;Efeitos e Monitorização;6;A familia tem suporte de nutricionista experiente em dieta cetogenica;;
j26-165;Protocolo Dr. Jadson — Efeitos Antiepilépticos (J26-165);0–216 meses;Efeitos Cognitivos e Comportamentais;1;Lentidao de raciocinio ou dificuldade de concentracao;;
j26-165;Protocolo Dr. Jadson — Efeitos Antiepilépticos (J26-165);0–216 meses;Efeitos Cognitivos e Comportamentais;2;Sonolencia excessiva durante o dia;;
j26-165;Protocolo Dr. Jadson — Efeitos Antiepilépticos (J26-165);0–216 meses;Efeitos Cognitivos e Comportamentais;3;Irritabilidade, agressividade ou mudanca de humor;;
j26-165;Protocolo Dr. Jadson — Efeitos Antiepilépticos (J26-165);0–216 meses;Efeitos Cognitivos e Comportamentais;4;Dificuldade de linguagem ou de encontrar palavras;;
j26-165;Protocolo Dr. Jadson — Efeitos Antiepilépticos (J26-165);0–216 meses;Efeitos Cognitivos e Comportamentais;5;Piora do desempenho escolar desde o inicio da medicacao;;
j26-165;Protocolo Dr. Jadson — Efeitos Antiepilépticos (J26-165);0–216 meses;Efeitos Cognitivos e Comportamentais;6;Agitacao, hiperatividade ou insonia (efeito paradoxal);;
j26-165;Protocolo Dr. Jadson — Efeitos Antiepilépticos (J26-165);0–216 meses;Efeitos Físicos;1;Tontura ou ataxia (dificuldade de equilibrio);;
j26-165;Protocolo Dr. Jadson — Efeitos Antiepilépticos (J26-165);0–216 meses;Efeitos Físicos;2;Ganho ou perda de peso significativo;;
j26-165;Protocolo Dr. Jadson — Efeitos Antiepilépticos (J26-165);0–216 meses;Efeitos Físicos;3;Tremor nas maos;;
j26-165;Protocolo Dr. Jadson — Efeitos Antiepilépticos (J26-165);0–216 meses;Efeitos Físicos;4;Nausea, vomito ou dor abdominal;;
j26-165;Protocolo Dr. Jadson — Efeitos Antiepilépticos (J26-165);0–216 meses;Efeitos Físicos;5;Visao dupla ou alteracao visual;;
j26-165;Protocolo Dr. Jadson — Efeitos Antiepilépticos (J26-165);0–216 meses;Efeitos Físicos;6;Reacao cutanea (rash, urticaria);;
j26-166;Protocolo Dr. Jadson — Depressão e Epilepsia (J26-166);72–216 meses;Sintomas Depressivos;1;Esta triste, apatico ou sem energia com frequencia;;
j26-166;Protocolo Dr. Jadson — Depressão e Epilepsia (J26-166);72–216 meses;Sintomas Depressivos;2;Perdeu interesse em atividades que antes gostava;;
j26-166;Protocolo Dr. Jadson — Depressão e Epilepsia (J26-166);72–216 meses;Sintomas Depressivos;3;Isola-se socialmente e evita amigos;;
j26-166;Protocolo Dr. Jadson — Depressão e Epilepsia (J26-166);72–216 meses;Sintomas Depressivos;4;Apresenta baixa autoestima relacionada a epilepsia;;
j26-166;Protocolo Dr. Jadson — Depressão e Epilepsia (J26-166);72–216 meses;Sintomas Depressivos;5;Sente vergonha ou humilhacao por causa da epilepsia;;
j26-166;Protocolo Dr. Jadson — Depressão e Epilepsia (J26-166);72–216 meses;Sintomas Depressivos;6;Tem pensamentos negativos sobre o futuro por causa da doenca;;
j26-166;Protocolo Dr. Jadson — Depressão e Epilepsia (J26-166);72–216 meses;Impacto e Fatores de Risco;1;A epilepsia impede a participacao em atividades que valoriza;;
j26-166;Protocolo Dr. Jadson — Depressão e Epilepsia (J26-166);72–216 meses;Impacto e Fatores de Risco;2;Foi vitima de bullying ou discriminacao por causa das crises;;
j26-166;Protocolo Dr. Jadson — Depressão e Epilepsia (J26-166);72–216 meses;Impacto e Fatores de Risco;3;Nao se identifica com colegas por causa das limitacoes da epilepsia;;
j26-166;Protocolo Dr. Jadson — Depressão e Epilepsia (J26-166);72–216 meses;Impacto e Fatores de Risco;4;Os antiepileticos podem estar contribuindo para o humor deprimido;;
j26-166;Protocolo Dr. Jadson — Depressão e Epilepsia (J26-166);72–216 meses;Impacto e Fatores de Risco;5;Ha historia familiar de depressao;;
j26-167;Protocolo Dr. Jadson — Epilepsia e Escola (J26-167);48–192 meses;Participação Escolar;1;Frequenta a escola regularmente (poucas faltas por causa da epilepsia);;
j26-167;Protocolo Dr. Jadson — Epilepsia e Escola (J26-167);48–192 meses;Participação Escolar;2;Participa de aulas de educacao fisica com seguranca;;
j26-167;Protocolo Dr. Jadson — Epilepsia e Escola (J26-167);48–192 meses;Participação Escolar;3;Participa de atividades extracurriculares com os colegas;;
j26-167;Protocolo Dr. Jadson — Epilepsia e Escola (J26-167);48–192 meses;Participação Escolar;4;A criança sente-se segura e acolhida na escola;;
j26-167;Protocolo Dr. Jadson — Epilepsia e Escola (J26-167);48–192 meses;Participação Escolar;5;Nao sofre bullying ou discriminacao na escola;;
j26-167;Protocolo Dr. Jadson — Epilepsia e Escola (J26-167);48–192 meses;Preparo da Escola;1;A escola tem o plano de acao para crises da criança;;
j26-167;Protocolo Dr. Jadson — Epilepsia e Escola (J26-167);48–192 meses;Preparo da Escola;2;Os professores sabem reconhecer uma crise e como agir;;
j26-167;Protocolo Dr. Jadson — Epilepsia e Escola (J26-167);48–192 meses;Preparo da Escola;3;A escola tem a medicacao de resgate e sabe como usa-la;;
j26-167;Protocolo Dr. Jadson — Epilepsia e Escola (J26-167);48–192 meses;Preparo da Escola;4;A escola faz adaptacoes quando necessario (tempo extra, nao dormir em campo);;
j26-167;Protocolo Dr. Jadson — Epilepsia e Escola (J26-167);48–192 meses;Preparo da Escola;5;Os colegas foram educados sobre a epilepsia de forma adequada;;
j26-167;Protocolo Dr. Jadson — Epilepsia e Escola (J26-167);48–192 meses;Preparo da Escola;6;Ha comunicacao efetiva entre familia e escola sobre a epilepsia;;
j26-168;Protocolo Dr. Jadson — TOC Infantil Triagem (J26-168);60–216 meses;Obsessoes;1;Tem pensamentos ruins, feios ou assustadores que entram na cabeca sem querer;;
j26-168;Protocolo Dr. Jadson — TOC Infantil Triagem (J26-168);60–216 meses;Obsessoes;2;Tem medo excessivo de contaminar ou ser contaminada por germes;;
j26-168;Protocolo Dr. Jadson — TOC Infantil Triagem (J26-168);60–216 meses;Obsessoes;3;Fica com duvida excessiva se fez algo certo (fechou a porta, apagou a luz);;
j26-168;Protocolo Dr. Jadson — TOC Infantil Triagem (J26-168);60–216 meses;Obsessoes;4;Tem medo excessivo de fazer algo de errado ou pecado;;
j26-168;Protocolo Dr. Jadson — TOC Infantil Triagem (J26-168);60–216 meses;Obsessoes;5;Pensa demais em coisas simetricas, organizadas ou na ordem exata;;
j26-168;Protocolo Dr. Jadson — TOC Infantil Triagem (J26-168);60–216 meses;Compulsoes e Impacto;1;Precisa lavar as maos repetidamente (mais de 10 vezes ao dia);;
j26-168;Protocolo Dr. Jadson — TOC Infantil Triagem (J26-168);60–216 meses;Compulsoes e Impacto;2;Verifica repetidamente tomadas, portas, objetos;;
j26-168;Protocolo Dr. Jadson — TOC Infantil Triagem (J26-168);60–216 meses;Compulsoes e Impacto;3;Organiza ou arranja objetos de forma muito rigida e repete se nao ficou certo;;
j26-168;Protocolo Dr. Jadson — TOC Infantil Triagem (J26-168);60–216 meses;Compulsoes e Impacto;4;Repete acoes, palavras ou oracoes de forma ritual;;
j26-168;Protocolo Dr. Jadson — TOC Infantil Triagem (J26-168);60–216 meses;Compulsoes e Impacto;5;Os rituais tomam mais de 1 hora por dia;;
j26-168;Protocolo Dr. Jadson — TOC Infantil Triagem (J26-168);60–216 meses;Compulsoes e Impacto;6;Fica muito angustiada se interrompida nos rituais;;
j26-169;Protocolo Dr. Jadson — PTSD Criança (J26-169);36–144 meses;Revivência e Evitação;1;Tem pesadelos ou sonhos assustadores sobre o evento traumatico;;
j26-169;Protocolo Dr. Jadson — PTSD Criança (J26-169);36–144 meses;Revivência e Evitação;2;Age ou sente como se o evento fosse acontecer de novo (flashback);;
j26-169;Protocolo Dr. Jadson — PTSD Criança (J26-169);36–144 meses;Revivência e Evitação;3;Fica muito angustiada ao ver ou ouvir coisas que lembram o evento;;
j26-169;Protocolo Dr. Jadson — PTSD Criança (J26-169);36–144 meses;Revivência e Evitação;4;Evita falar, pensar ou ir a lugares que lembram o que aconteceu;;
j26-169;Protocolo Dr. Jadson — PTSD Criança (J26-169);36–144 meses;Revivência e Evitação;5;Nao consegue lembrar de partes importantes do evento traumatico;;
j26-169;Protocolo Dr. Jadson — PTSD Criança (J26-169);36–144 meses;Alterações de Humor e Reatividade;1;Perdeu interesse em brincar ou em atividades que antes gostava;;
j26-169;Protocolo Dr. Jadson — PTSD Criança (J26-169);36–144 meses;Alterações de Humor e Reatividade;2;Parece distante, entorpecida emocionalmente ou desconectada;;
j26-169;Protocolo Dr. Jadson — PTSD Criança (J26-169);36–144 meses;Alterações de Humor e Reatividade;3;Tem dificuldade de sentir emocoes positivas (alegria, amor);;
j26-169;Protocolo Dr. Jadson — PTSD Criança (J26-169);36–144 meses;Alterações de Humor e Reatividade;4;Fica com medo ou em estado de alerta constante sem motivo claro;;
j26-169;Protocolo Dr. Jadson — PTSD Criança (J26-169);36–144 meses;Alterações de Humor e Reatividade;5;Apresenta reacoes exageradas a ruidos ou surpresas (hipervigilancia);;
j26-169;Protocolo Dr. Jadson — PTSD Criança (J26-169);36–144 meses;Alterações de Humor e Reatividade;6;Tem dificuldade de dormir ou de se concentrar;;
j26-170;Protocolo Dr. Jadson — Mania Infantil (J26-170);72–216 meses;Humor e Energia;1;Apresenta humor euforico ou irritavel intenso e persistente (dias seguidos);;
j26-170;Protocolo Dr. Jadson — Mania Infantil (J26-170);72–216 meses;Humor e Energia;2;Fica com energia excessiva, nao cansa mesmo dormindo pouco;;
j26-170;Protocolo Dr. Jadson — Mania Infantil (J26-170);72–216 meses;Humor e Energia;3;Diminuiu significativamente a necessidade de sono sem ficar cansada;;
j26-170;Protocolo Dr. Jadson — Mania Infantil (J26-170);72–216 meses;Humor e Energia;4;Fala muito mais que o habitual, sem conseguir parar;;
j26-170;Protocolo Dr. Jadson — Mania Infantil (J26-170);72–216 meses;Humor e Energia;5;Os pensamentos parecem acelerados e ela pula de assunto em assunto;;
j26-170;Protocolo Dr. Jadson — Mania Infantil (J26-170);72–216 meses;Humor e Energia;6;Tem grandiosidade — diz que e especial, poderosa ou que pode fazer tudo;;
j26-170;Protocolo Dr. Jadson — Mania Infantil (J26-170);72–216 meses;Comportamento e Impulsividade;1;Tem impulsividade extrema e age sem pensar nas consequencias;;
j26-170;Protocolo Dr. Jadson — Mania Infantil (J26-170);72–216 meses;Comportamento e Impulsividade;2;Engaja em comportamentos de risco (escalar coisas, gastos excessivos);;
j26-170;Protocolo Dr. Jadson — Mania Infantil (J26-170);72–216 meses;Comportamento e Impulsividade;3;Fica muito irritada, explosiva e dificil de controlar;;
j26-170;Protocolo Dr. Jadson — Mania Infantil (J26-170);72–216 meses;Comportamento e Impulsividade;4;O comportamento muda drasticamente em relacao ao habitual;;
j26-170;Protocolo Dr. Jadson — Mania Infantil (J26-170);72–216 meses;Comportamento e Impulsividade;5;O episodio dura mais de 3 dias de forma persistente;;
j26-171;Protocolo Dr. Jadson — Psicose Risco Adolescente (J26-171);132–216 meses;Sintomas Psicóticos Atenuados;1;Tem percepcoes incomuns — ve, ouve ou sente coisas que outros nao percebem;;
j26-171;Protocolo Dr. Jadson — Psicose Risco Adolescente (J26-171);132–216 meses;Sintomas Psicóticos Atenuados;2;Tem pensamentos estranhos ou magicos que ele sabe que sao improvayeis;;
j26-171;Protocolo Dr. Jadson — Psicose Risco Adolescente (J26-171);132–216 meses;Sintomas Psicóticos Atenuados;3;Parece desconfiado ou acredita que as pessoas estao falando mal ou conspirando;;
j26-171;Protocolo Dr. Jadson — Psicose Risco Adolescente (J26-171);132–216 meses;Sintomas Psicóticos Atenuados;4;A comunicacao ficou confusa, dificil de entender ou com saltos ilogicos;;
j26-171;Protocolo Dr. Jadson — Psicose Risco Adolescente (J26-171);132–216 meses;Sintomas Psicóticos Atenuados;5;Experimenta momentos em que a realidade parece estranha ou irreal;;
j26-171;Protocolo Dr. Jadson — Psicose Risco Adolescente (J26-171);132–216 meses;Declínio Funcional;1;Houve queda significativa no desempenho escolar;;
j26-171;Protocolo Dr. Jadson — Psicose Risco Adolescente (J26-171);132–216 meses;Declínio Funcional;2;Isolou-se socialmente de amigos e familia;;
j26-171;Protocolo Dr. Jadson — Psicose Risco Adolescente (J26-171);132–216 meses;Declínio Funcional;3;A higiene pessoal e o autocuidado pioraram significativamente;;
j26-171;Protocolo Dr. Jadson — Psicose Risco Adolescente (J26-171);132–216 meses;Declínio Funcional;4;Houve mudanca dramatica na personalidade ou no funcionamento;;
j26-171;Protocolo Dr. Jadson — Psicose Risco Adolescente (J26-171);132–216 meses;Declínio Funcional;5;Ha uso de cannabis ou outras substancias psicoativas;;
j26-171;Protocolo Dr. Jadson — Psicose Risco Adolescente (J26-171);132–216 meses;Declínio Funcional;6;Ha historia familiar de esquizofrenia ou transtorno bipolar;;
j26-172;Protocolo Dr. Jadson — Substâncias Adolescente (J26-172);132–216 meses;Tipo de Substância;1;Alcool (cerveja, vinho, destilados);;
j26-172;Protocolo Dr. Jadson — Substâncias Adolescente (J26-172);132–216 meses;Tipo de Substância;2;Tabaco ou cigarro eletronico;;
j26-172;Protocolo Dr. Jadson — Substâncias Adolescente (J26-172);132–216 meses;Tipo de Substância;3;Cannabis (maconha, skunk);;
j26-172;Protocolo Dr. Jadson — Substâncias Adolescente (J26-172);132–216 meses;Tipo de Substância;4;Inalantes (cola, thinner, lanca-perfume);;
j26-172;Protocolo Dr. Jadson — Substâncias Adolescente (J26-172);132–216 meses;Tipo de Substância;5;Estimulantes (cocaina, crack, anfetaminas);;
j26-172;Protocolo Dr. Jadson — Substâncias Adolescente (J26-172);132–216 meses;Tipo de Substância;6;Medicamentos sem prescricao usados para alterar o estado mental;;
j26-172;Protocolo Dr. Jadson — Substâncias Adolescente (J26-172);132–216 meses;Impacto e Risco;1;O uso de substancias interfere no desempenho escolar;;
j26-172;Protocolo Dr. Jadson — Substâncias Adolescente (J26-172);132–216 meses;Impacto e Risco;2;O uso ocorre para lidar com emocoes dificeis (ansiedade, tristeza, raiva);;
j26-172;Protocolo Dr. Jadson — Substâncias Adolescente (J26-172);132–216 meses;Impacto e Risco;3;Ja teve problemas com a lei ou familia por causa do uso;;
j26-172;Protocolo Dr. Jadson — Substâncias Adolescente (J26-172);132–216 meses;Impacto e Risco;4;Tenta parar ou reduzir mas nao consegue;;
j26-172;Protocolo Dr. Jadson — Substâncias Adolescente (J26-172);132–216 meses;Impacto e Risco;5;O uso esta associado a comportamentos de risco (sexo sem protecao, direcao);;
j26-172;Protocolo Dr. Jadson — Substâncias Adolescente (J26-172);132–216 meses;Impacto e Risco;6;Ha dependencia fisica — mal-estar ao parar de usar;;
j26-173;Protocolo Dr. Jadson — Dissociação Infantil (J26-173);60–216 meses;Experiências Dissociativas;1;Parece estar em outro mundo, devaneando por longos periodos;;
j26-173;Protocolo Dr. Jadson — Dissociação Infantil (J26-173);60–216 meses;Experiências Dissociativas;2;Nao recorda de acoes ou eventos recentes (amnesia dissociativa);;
j26-173;Protocolo Dr. Jadson — Dissociação Infantil (J26-173);60–216 meses;Experiências Dissociativas;3;Parece ter identidades ou estados diferentes (muda de nome, comportamento, voz);;
j26-173;Protocolo Dr. Jadson — Dissociação Infantil (J26-173);60–216 meses;Experiências Dissociativas;4;Fala sobre si mesma na terceira pessoa ou com nomes diferentes;;
j26-173;Protocolo Dr. Jadson — Dissociação Infantil (J26-173);60–216 meses;Experiências Dissociativas;5;Descreve experiencias de estar fora do corpo ou vendo a si mesma de fora;;
j26-173;Protocolo Dr. Jadson — Dissociação Infantil (J26-173);60–216 meses;Experiências Dissociativas;6;Refere que objetos, pessoas ou o proprio corpo parecem irreais;;
j26-173;Protocolo Dr. Jadson — Dissociação Infantil (J26-173);60–216 meses;Impacto e Contexto;1;Os episodios ocorrem em situacao de estresse ou ansiedade;;
j26-173;Protocolo Dr. Jadson — Dissociação Infantil (J26-173);60–216 meses;Impacto e Contexto;2;Ha historia de trauma fisico ou emocional;;
j26-173;Protocolo Dr. Jadson — Dissociação Infantil (J26-173);60–216 meses;Impacto e Contexto;3;Os episodios interferem no funcionamento escolar;;
j26-173;Protocolo Dr. Jadson — Dissociação Infantil (J26-173);60–216 meses;Impacto e Contexto;4;A criança nao tem memoria do que fez durante os episodios;;
j26-173;Protocolo Dr. Jadson — Dissociação Infantil (J26-173);60–216 meses;Impacto e Contexto;5;Ha relatos de alucinacoes auditivas (vozes) sem base organica;;
j26-174;Protocolo Dr. Jadson — Traços de Personalidade Adolescente (J26-174);144–216 meses;Instabilidade Emocional;1;Humor muda rapidamente e de forma intensa (euforia para tristeza em minutos);;
j26-174;Protocolo Dr. Jadson — Traços de Personalidade Adolescente (J26-174);144–216 meses;Instabilidade Emocional;2;Pequenas frustracoes geram reacoes emocionais desproporcionais;;
j26-174;Protocolo Dr. Jadson — Traços de Personalidade Adolescente (J26-174);144–216 meses;Instabilidade Emocional;3;Tem dificuldade de tolerar a solidao ou estar sem alguem proximo;;
j26-174;Protocolo Dr. Jadson — Traços de Personalidade Adolescente (J26-174);144–216 meses;Instabilidade Emocional;4;Oscila entre idealizar e desvalorizar as pessoas proximas;;
j26-174;Protocolo Dr. Jadson — Traços de Personalidade Adolescente (J26-174);144–216 meses;Instabilidade Emocional;5;O senso de identidade parece instavel ou confuso;;
j26-174;Protocolo Dr. Jadson — Traços de Personalidade Adolescente (J26-174);144–216 meses;Instabilidade Emocional;6;Toma decisoes impulsivas que depois lamenta;;
j26-174;Protocolo Dr. Jadson — Traços de Personalidade Adolescente (J26-174);144–216 meses;Relacionamentos e Comportamento;1;Tem relacionamentos intensos e instaveis;;
j26-174;Protocolo Dr. Jadson — Traços de Personalidade Adolescente (J26-174);144–216 meses;Relacionamentos e Comportamento;2;Apresenta comportamento autodestrutivo (arranha, corta ou bate em si mesmo);;
j26-174;Protocolo Dr. Jadson — Traços de Personalidade Adolescente (J26-174);144–216 meses;Relacionamentos e Comportamento;3;Tem sentimentos cronicos de vazio ou inutilidade;;
j26-174;Protocolo Dr. Jadson — Traços de Personalidade Adolescente (J26-174);144–216 meses;Relacionamentos e Comportamento;4;Faz coisas extremas para evitar o abandono real ou imaginado;;
j26-174;Protocolo Dr. Jadson — Traços de Personalidade Adolescente (J26-174);144–216 meses;Relacionamentos e Comportamento;5;Tem raiva intensa e dificuldade de controla-la;;
j26-175;Protocolo Dr. Jadson — Inteligência Emocional Criança (J26-175);60–168 meses;Autoconhecimento e Regulacao;1;Reconhece e nomeia as proprias emocoes (alegria, tristeza, raiva, medo);;
j26-175;Protocolo Dr. Jadson — Inteligência Emocional Criança (J26-175);60–168 meses;Autoconhecimento e Regulacao;2;Sabe quando esta com raiva antes de explodir;;
j26-175;Protocolo Dr. Jadson — Inteligência Emocional Criança (J26-175);60–168 meses;Autoconhecimento e Regulacao;3;Usa estrategias para se acalmar (respirar, contar, se afastar);;
j26-175;Protocolo Dr. Jadson — Inteligência Emocional Criança (J26-175);60–168 meses;Autoconhecimento e Regulacao;4;Pede ajuda quando se sente sobrecarregada emocionalmente;;
j26-175;Protocolo Dr. Jadson — Inteligência Emocional Criança (J26-175);60–168 meses;Autoconhecimento e Regulacao;5;Demonstra empatia — se coloca no lugar do outro;;
j26-175;Protocolo Dr. Jadson — Inteligência Emocional Criança (J26-175);60–168 meses;Autoconhecimento e Regulacao;6;Reconhece emocoes nas expressoes faciais de outras pessoas;;
j26-175;Protocolo Dr. Jadson — Inteligência Emocional Criança (J26-175);60–168 meses;Habilidades Socioemocionais;1;Resolve conflitos com colegas sem agressao fisica ou verbal;;
j26-175;Protocolo Dr. Jadson — Inteligência Emocional Criança (J26-175);60–168 meses;Habilidades Socioemocionais;2;Aceita regras e limites sem reacao desproporcional;;
j26-175;Protocolo Dr. Jadson — Inteligência Emocional Criança (J26-175);60–168 meses;Habilidades Socioemocionais;3;Consegue esperar sua vez em situacoes de grupo;;
j26-175;Protocolo Dr. Jadson — Inteligência Emocional Criança (J26-175);60–168 meses;Habilidades Socioemocionais;4;Demonstra gratidao e reconhece quando alguem a ajuda;;
j26-175;Protocolo Dr. Jadson — Inteligência Emocional Criança (J26-175);60–168 meses;Habilidades Socioemocionais;5;Adapta o comportamento conforme o contexto (escola, casa, festa);;
j26-176;Protocolo Dr. Jadson — Resiliência Infantil (J26-176);60–216 meses;Fatores protetores;1;Tem um vínculo seguro com um cuidador;;
j26-176;Protocolo Dr. Jadson — Resiliência Infantil (J26-176);60–216 meses;Fatores protetores;2;Tem ao menos um adulto de confiança;;
j26-176;Protocolo Dr. Jadson — Resiliência Infantil (J26-176);60–216 meses;Fatores protetores;3;Sente-se apoiada pela escola;;
j26-176;Protocolo Dr. Jadson — Resiliência Infantil (J26-176);60–216 meses;Fatores protetores;4;Tem amigos ou rede de apoio;;
j26-176;Protocolo Dr. Jadson — Resiliência Infantil (J26-176);60–216 meses;Fatores protetores;5;Acredita que pode superar dificuldades;;
j26-176;Protocolo Dr. Jadson — Resiliência Infantil (J26-176);60–216 meses;Fatores protetores;6;Tem um senso de propósito ou sonhos;;
j26-176;Protocolo Dr. Jadson — Resiliência Infantil (J26-176);60–216 meses;Fatores protetores;7;Recupera-se após situações difíceis;;
j26-176;Protocolo Dr. Jadson — Resiliência Infantil (J26-176);60–216 meses;Fatores protetores;8;Pede e aceita ajuda;;
j26-176;Protocolo Dr. Jadson — Resiliência Infantil (J26-176);60–216 meses;Fatores protetores;9;Tem autoestima razoável;;
j26-176;Protocolo Dr. Jadson — Resiliência Infantil (J26-176);60–216 meses;Fatores protetores;10;Consegue ver o lado bom das coisas;;
j26-176;Protocolo Dr. Jadson — Resiliência Infantil (J26-176);60–216 meses;Fatores protetores;11;Tem rotinas e estrutura que a apoiam;;
j26-176;Protocolo Dr. Jadson — Resiliência Infantil (J26-176);60–216 meses;Fatores protetores;12;Tem estratégias para lidar com o estresse;;
j26-177;Protocolo Dr. Jadson — PTSD Adolescente (J26-177);120–216 meses;Revivência e Evitação;1;Tem pesadelos ou flashbacks intrusivos sobre o evento traumatico;;
j26-177;Protocolo Dr. Jadson — PTSD Adolescente (J26-177);120–216 meses;Revivência e Evitação;2;Evita ativamente pensamentos, lugares ou pessoas ligados ao trauma;;
j26-177;Protocolo Dr. Jadson — PTSD Adolescente (J26-177);120–216 meses;Revivência e Evitação;3;Reage com angustia intensa a lembrancas do trauma;;
j26-177;Protocolo Dr. Jadson — PTSD Adolescente (J26-177);120–216 meses;Revivência e Evitação;4;Apresenta amnesia parcial ou total de aspectos importantes do trauma;;
j26-177;Protocolo Dr. Jadson — PTSD Adolescente (J26-177);120–216 meses;Revivência e Evitação;5;Sente culpa ou vergonha excessiva sobre o que aconteceu;;
j26-177;Protocolo Dr. Jadson — PTSD Adolescente (J26-177);120–216 meses;Revivência e Evitação;6;Tem visao negativa persistente de si mesmo e do mundo desde o trauma;;
j26-177;Protocolo Dr. Jadson — PTSD Adolescente (J26-177);120–216 meses;Hiperativacao e Impacto Funcional;1;Fica em estado de alerta constante, como se o perigo nao tivesse passado;;
j26-177;Protocolo Dr. Jadson — PTSD Adolescente (J26-177);120–216 meses;Hiperativacao e Impacto Funcional;2;Tem reacoes de susto exageradas;;
j26-177;Protocolo Dr. Jadson — PTSD Adolescente (J26-177);120–216 meses;Hiperativacao e Impacto Funcional;3;Tem dificuldade de concentracao na escola apos o trauma;;
j26-177;Protocolo Dr. Jadson — PTSD Adolescente (J26-177);120–216 meses;Hiperativacao e Impacto Funcional;4;Tem comportamento irritavel ou explosivo que nao tinha antes;;
j26-177;Protocolo Dr. Jadson — PTSD Adolescente (J26-177);120–216 meses;Hiperativacao e Impacto Funcional;5;Usa substancias para lidar com as memorias do trauma;;
j26-177;Protocolo Dr. Jadson — PTSD Adolescente (J26-177);120–216 meses;Hiperativacao e Impacto Funcional;6;O funcionamento escolar ou social piorou significativamente apos o trauma;;
j26-178;Protocolo Dr. Jadson — Suicídio Adolescente Avaliação (J26-178);120–216 meses;Pensamentos e Ideação;1;Pensa que seria melhor estar morto ou que outros estariam melhor sem ele/ela;;
j26-178;Protocolo Dr. Jadson — Suicídio Adolescente Avaliação (J26-178);120–216 meses;Pensamentos e Ideação;2;Tem pensamentos de se machucar ou de tirar a propria vida;;
j26-178;Protocolo Dr. Jadson — Suicídio Adolescente Avaliação (J26-178);120–216 meses;Pensamentos e Ideação;3;Tem plano especifico sobre como se machucar;;
j26-178;Protocolo Dr. Jadson — Suicídio Adolescente Avaliação (J26-178);120–216 meses;Pensamentos e Ideação;4;Tem acesso a meios para se machucar (remedios, objetos cortantes);;
j26-178;Protocolo Dr. Jadson — Suicídio Adolescente Avaliação (J26-178);120–216 meses;Pensamentos e Ideação;5;Ja tentou se machucar ou tentou suicidio anteriormente;;
j26-178;Protocolo Dr. Jadson — Suicídio Adolescente Avaliação (J26-178);120–216 meses;Fatores de Risco;1;Perdeu alguem por suicidio (luto por suicidio);;
j26-178;Protocolo Dr. Jadson — Suicídio Adolescente Avaliação (J26-178);120–216 meses;Fatores de Risco;2;Sente-se completamente desesperancoso — acredita que nada vai melhorar;;
j26-178;Protocolo Dr. Jadson — Suicídio Adolescente Avaliação (J26-178);120–216 meses;Fatores de Risco;3;Sente-se um fardo para a familia e amigos;;
j26-178;Protocolo Dr. Jadson — Suicídio Adolescente Avaliação (J26-178);120–216 meses;Fatores de Risco;4;Esta sozinho e isolado sem suporte social;;
j26-178;Protocolo Dr. Jadson — Suicídio Adolescente Avaliação (J26-178);120–216 meses;Fatores de Risco;5;Usa alcool ou drogas para lidar com a dor emocional;;
j26-178;Protocolo Dr. Jadson — Suicídio Adolescente Avaliação (J26-178);120–216 meses;Fatores de Risco;6;Comunica direta ou indiretamente o desejo de morrer;;
j26-179;Protocolo Dr. Jadson — Enurese e Encoprese (J26-179);48–168 meses;Enurese;1;Faz xixi na cama durante o sono (enurese noturna);;
j26-179;Protocolo Dr. Jadson — Enurese e Encoprese (J26-179);48–168 meses;Enurese;2;Faz xixi nas roupas durante o dia (enurese diurna);;
j26-179;Protocolo Dr. Jadson — Enurese e Encoprese (J26-179);48–168 meses;Enurese;3;Nao consegue segurar a urina com urgencia repentina;;
j26-179;Protocolo Dr. Jadson — Enurese e Encoprese (J26-179);48–168 meses;Enurese;4;A enurese noturna ocorre apos periodo de pelo menos 6 meses sem molhar a cama;;
j26-179;Protocolo Dr. Jadson — Enurese e Encoprese (J26-179);48–168 meses;Enurese;5;Ja tem mais de 5 anos e ainda molha a cama regularmente;;
j26-179;Protocolo Dr. Jadson — Enurese e Encoprese (J26-179);48–168 meses;Enurese;6;A enurese causa sofrimento ou constrangimento a criança;;
j26-179;Protocolo Dr. Jadson — Enurese e Encoprese (J26-179);48–168 meses;Encoprese e Impacto;1;Faz coco nas roupas sem perceber ou sem chegar ao banheiro a tempo;;
j26-179;Protocolo Dr. Jadson — Enurese e Encoprese (J26-179);48–168 meses;Encoprese e Impacto;2;Retém fezes por medo de ir ao banheiro ou de sentir dor;;
j26-179;Protocolo Dr. Jadson — Enurese e Encoprese (J26-179);48–168 meses;Encoprese e Impacto;3;Tem constipacao cronica associada a encoprese;;
j26-179;Protocolo Dr. Jadson — Enurese e Encoprese (J26-179);48–168 meses;Encoprese e Impacto;4;Evita ir a escola ou festas por medo de ter acidente;;
j26-179;Protocolo Dr. Jadson — Enurese e Encoprese (J26-179);48–168 meses;Encoprese e Impacto;5;Ha conflito familiar significativo em torno da enurese ou encoprese;;
j26-179;Protocolo Dr. Jadson — Enurese e Encoprese (J26-179);48–168 meses;Encoprese e Impacto;6;A criança ja foi avaliada e causas organicas foram descartadas;;
j26-180;Protocolo Dr. Jadson — AVDs Infantis (J26-180);24–216 meses;Atividades de vida diária;1;Alimenta-se sozinha (com a assistência esperada);;
j26-180;Protocolo Dr. Jadson — AVDs Infantis (J26-180);24–216 meses;Atividades de vida diária;2;Veste-se e despe-se (com a assistência esperada);;
j26-180;Protocolo Dr. Jadson — AVDs Infantis (J26-180);24–216 meses;Atividades de vida diária;3;Faz a própria higiene (mãos, dentes, banho);;
j26-180;Protocolo Dr. Jadson — AVDs Infantis (J26-180);24–216 meses;Atividades de vida diária;4;Usa o banheiro de forma independente;;
j26-180;Protocolo Dr. Jadson — AVDs Infantis (J26-180);24–216 meses;Atividades de vida diária;5;Desloca-se pelo ambiente;;
j26-180;Protocolo Dr. Jadson — AVDs Infantis (J26-180);24–216 meses;Atividades de vida diária;6;Comunica as suas necessidades;;
j26-180;Protocolo Dr. Jadson — AVDs Infantis (J26-180);24–216 meses;Atividades de vida diária;7;Participa das tarefas simples de casa;;
j26-180;Protocolo Dr. Jadson — AVDs Infantis (J26-180);24–216 meses;Atividades de vida diária;8;Move-se com segurança (transferências);;
j26-180;Protocolo Dr. Jadson — AVDs Infantis (J26-180);24–216 meses;Atividades de vida diária;9;Manuseia objetos do dia a dia;;
j26-180;Protocolo Dr. Jadson — AVDs Infantis (J26-180);24–216 meses;Atividades de vida diária;10;Organiza os seus pertences;;
j26-180;Protocolo Dr. Jadson — AVDs Infantis (J26-180);24–216 meses;Atividades de vida diária;11;Realiza a rotina diária com a autonomia possível;;
j26-180;Protocolo Dr. Jadson — AVDs Infantis (J26-180);24–216 meses;Atividades de vida diária;12;Pede ajuda quando necessário;;
j26-181;Protocolo Dr. Jadson — Participação Social Criança (J26-181);48–216 meses;Participação na comunidade;1;Participa de festas de aniversário;;
j26-181;Protocolo Dr. Jadson — Participação Social Criança (J26-181);48–216 meses;Participação na comunidade;2;Brinca com outras crianças;;
j26-181;Protocolo Dr. Jadson — Participação Social Criança (J26-181);48–216 meses;Participação na comunidade;3;Participa de atividades na escola;;
j26-181;Protocolo Dr. Jadson — Participação Social Criança (J26-181);48–216 meses;Participação na comunidade;4;Participa de esportes ou atividades de grupo;;
j26-181;Protocolo Dr. Jadson — Participação Social Criança (J26-181);48–216 meses;Participação na comunidade;5;Vai a passeios com a família;;
j26-181;Protocolo Dr. Jadson — Participação Social Criança (J26-181);48–216 meses;Participação na comunidade;6;Frequenta lugares públicos (praça, igreja, mercado);;
j26-181;Protocolo Dr. Jadson — Participação Social Criança (J26-181);48–216 meses;Participação na comunidade;7;Tem amigos;;
j26-181;Protocolo Dr. Jadson — Participação Social Criança (J26-181);48–216 meses;Participação na comunidade;8;Participa de atividades religiosas ou culturais;;
j26-181;Protocolo Dr. Jadson — Participação Social Criança (J26-181);48–216 meses;Participação na comunidade;9;Aceita convites sociais;;
j26-181;Protocolo Dr. Jadson — Participação Social Criança (J26-181);48–216 meses;Participação na comunidade;10;Comunica-se nas situações sociais;;
j26-181;Protocolo Dr. Jadson — Participação Social Criança (J26-181);48–216 meses;Participação na comunidade;11;Participa das rotinas familiares;;
j26-181;Protocolo Dr. Jadson — Participação Social Criança (J26-181);48–216 meses;Participação na comunidade;12;Tem oportunidades de participação na comunidade;;
j26-182;Protocolo Dr. Jadson — Sobrecarga Cuidador (J26-182);0–216 meses;Sobrecarga Fisica e Emocional;1;Sente-se exausto fisicamente por causa dos cuidados com a crianca;;
j26-182;Protocolo Dr. Jadson — Sobrecarga Cuidador (J26-182);0–216 meses;Sobrecarga Fisica e Emocional;2;Sente-se esgotado emocionalmente por causa da situacao;;
j26-182;Protocolo Dr. Jadson — Sobrecarga Cuidador (J26-182);0–216 meses;Sobrecarga Fisica e Emocional;3;Nao tem tempo para o proprio lazer ou descanso;;
j26-182;Protocolo Dr. Jadson — Sobrecarga Cuidador (J26-182);0–216 meses;Sobrecarga Fisica e Emocional;4;Negligencia a propria saude por causa dos cuidados com a crianca;;
j26-182;Protocolo Dr. Jadson — Sobrecarga Cuidador (J26-182);0–216 meses;Sobrecarga Fisica e Emocional;5;Sente que nao tem mais energia para continuar;;
j26-182;Protocolo Dr. Jadson — Sobrecarga Cuidador (J26-182);0–216 meses;Sobrecarga Fisica e Emocional;6;Tem sintomas de ansiedade ou depressao relacionados a situacao;;
j26-182;Protocolo Dr. Jadson — Sobrecarga Cuidador (J26-182);0–216 meses;Impacto Social e Familiar;1;Abdicou do trabalho ou reducao de carga para cuidar da crianca;;
j26-182;Protocolo Dr. Jadson — Sobrecarga Cuidador (J26-182);0–216 meses;Impacto Social e Familiar;2;Sente-se isolado socialmente por causa da situacao;;
j26-182;Protocolo Dr. Jadson — Sobrecarga Cuidador (J26-182);0–216 meses;Impacto Social e Familiar;3;A relacao conjugal esta comprometida pelos cuidados;;
j26-182;Protocolo Dr. Jadson — Sobrecarga Cuidador (J26-182);0–216 meses;Impacto Social e Familiar;4;Os outros filhos estao sendo afetados pela atencao dispensada a crianca especial;;
j26-182;Protocolo Dr. Jadson — Sobrecarga Cuidador (J26-182);0–216 meses;Impacto Social e Familiar;5;Sente culpa excessiva mesmo fazendo tudo que pode;;
j26-182;Protocolo Dr. Jadson — Sobrecarga Cuidador (J26-182);0–216 meses;Impacto Social e Familiar;6;Nao recebe apoio suficiente da familia ampliada;;
j26-183;Protocolo Dr. Jadson — QV Família TEA/TDAH (J26-183);0–216 meses;Dinamica e Funcionamento Familiar;1;A rotina familiar funciona apesar das demandas do filho com TEA/TDAH;;
j26-183;Protocolo Dr. Jadson — QV Família TEA/TDAH (J26-183);0–216 meses;Dinamica e Funcionamento Familiar;2;A relacao conjugal esta preservada apos o diagnostico;;
j26-183;Protocolo Dr. Jadson — QV Família TEA/TDAH (J26-183);0–216 meses;Dinamica e Funcionamento Familiar;3;Os irmaos nao estao sendo prejudicados pela atencao ao filho com TEA/TDAH;;
j26-183;Protocolo Dr. Jadson — QV Família TEA/TDAH (J26-183);0–216 meses;Dinamica e Funcionamento Familiar;4;A familia consegue sair e participar de atividades de lazer juntos;;
j26-183;Protocolo Dr. Jadson — QV Família TEA/TDAH (J26-183);0–216 meses;Dinamica e Funcionamento Familiar;5;Ha momentos de alegria e qualidade de vida positiva na familia;;
j26-183;Protocolo Dr. Jadson — QV Família TEA/TDAH (J26-183);0–216 meses;Suporte e Adaptação;1;A familia recebeu informacoes suficientes sobre o diagnostico;;
j26-183;Protocolo Dr. Jadson — QV Família TEA/TDAH (J26-183);0–216 meses;Suporte e Adaptação;2;A familia tem acesso aos servicos de saude e terapias necessarios;;
j26-183;Protocolo Dr. Jadson — QV Família TEA/TDAH (J26-183);0–216 meses;Suporte e Adaptação;3;A escola coopera com a familia no manejo do filho;;
j26-183;Protocolo Dr. Jadson — QV Família TEA/TDAH (J26-183);0–216 meses;Suporte e Adaptação;4;A familia tem rede de apoio (avos, amigos, grupos de pais);;
j26-183;Protocolo Dr. Jadson — QV Família TEA/TDAH (J26-183);0–216 meses;Suporte e Adaptação;5;Os pais sentem que estao progredindo no manejo do filho;;
j26-183;Protocolo Dr. Jadson — QV Família TEA/TDAH (J26-183);0–216 meses;Suporte e Adaptação;6;A familia nao sente vergonha ou esconde o diagnostico;;
j26-184;Protocolo Dr. Jadson — Satisfação Tratamento (J26-184);0–216 meses;Satisfação com a equipe e o cuidado;1;Sinto-me bem acolhido(a) no atendimento;;
j26-184;Protocolo Dr. Jadson — Satisfação Tratamento (J26-184);0–216 meses;Satisfação com a equipe e o cuidado;2;O médico explica de forma clara;;
j26-184;Protocolo Dr. Jadson — Satisfação Tratamento (J26-184);0–216 meses;Satisfação com a equipe e o cuidado;3;Tenho as minhas dúvidas respondidas;;
j26-184;Protocolo Dr. Jadson — Satisfação Tratamento (J26-184);0–216 meses;Satisfação com a equipe e o cuidado;4;Sinto que a minha opinião é considerada;;
j26-184;Protocolo Dr. Jadson — Satisfação Tratamento (J26-184);0–216 meses;Satisfação com a equipe e o cuidado;5;As terapias estão sendo úteis;;
j26-184;Protocolo Dr. Jadson — Satisfação Tratamento (J26-184);0–216 meses;Satisfação com a equipe e o cuidado;6;A equipe se comunica bem entre si;;
j26-184;Protocolo Dr. Jadson — Satisfação Tratamento (J26-184);0–216 meses;Satisfação com a equipe e o cuidado;7;Consigo contato quando preciso;;
j26-184;Protocolo Dr. Jadson — Satisfação Tratamento (J26-184);0–216 meses;Satisfação com a equipe e o cuidado;8;Os horários e o acesso são adequados;;
j26-184;Protocolo Dr. Jadson — Satisfação Tratamento (J26-184);0–216 meses;Satisfação com a equipe e o cuidado;9;Vejo evolução no meu filho;;
j26-184;Protocolo Dr. Jadson — Satisfação Tratamento (J26-184);0–216 meses;Satisfação com a equipe e o cuidado;10;Confio na equipe;;
j26-184;Protocolo Dr. Jadson — Satisfação Tratamento (J26-184);0–216 meses;Satisfação com a equipe e o cuidado;11;Recomendaria o atendimento;;
j26-184;Protocolo Dr. Jadson — Satisfação Tratamento (J26-184);0–216 meses;Satisfação com a equipe e o cuidado;12;No geral, estou satisfeito(a) com o tratamento;;
j26-185;Protocolo Dr. Jadson — Engajamento Terapias (J26-185);0–216 meses;Engajamento e acesso;1;Conseguimos manter a frequência das terapias;;
j26-185;Protocolo Dr. Jadson — Engajamento Terapias (J26-185);0–216 meses;Engajamento e acesso;2;Temos transporte para as terapias;;
j26-185;Protocolo Dr. Jadson — Engajamento Terapias (J26-185);0–216 meses;Engajamento e acesso;3;Conseguimos arcar com os custos;;
j26-185;Protocolo Dr. Jadson — Engajamento Terapias (J26-185);0–216 meses;Engajamento e acesso;4;A criança aceita e colabora nas terapias;;
j26-185;Protocolo Dr. Jadson — Engajamento Terapias (J26-185);0–216 meses;Engajamento e acesso;5;Fazemos as atividades de casa orientadas;;
j26-185;Protocolo Dr. Jadson — Engajamento Terapias (J26-185);0–216 meses;Engajamento e acesso;6;Vemos evolução com as terapias;;
j26-185;Protocolo Dr. Jadson — Engajamento Terapias (J26-185);0–216 meses;Engajamento e acesso;7;Conseguimos conciliar com a rotina;;
j26-185;Protocolo Dr. Jadson — Engajamento Terapias (J26-185);0–216 meses;Engajamento e acesso;8;Temos acesso aos serviços necessários;;
j26-185;Protocolo Dr. Jadson — Engajamento Terapias (J26-185);0–216 meses;Engajamento e acesso;9;A escola colabora com o tratamento;;
j26-185;Protocolo Dr. Jadson — Engajamento Terapias (J26-185);0–216 meses;Engajamento e acesso;10;A família está engajada no plano;;
j26-185;Protocolo Dr. Jadson — Engajamento Terapias (J26-185);0–216 meses;Engajamento e acesso;11;Não há barreiras importantes ao tratamento;;
j26-185;Protocolo Dr. Jadson — Engajamento Terapias (J26-185);0–216 meses;Engajamento e acesso;12;No geral, o engajamento está bom;;
j26-186;Protocolo Dr. Jadson — Inclusão Escolar Efetiva (J26-186);48–192 meses;Inclusão e participação ativa;1;A criança tem amigos na escola;;
j26-186;Protocolo Dr. Jadson — Inclusão Escolar Efetiva (J26-186);48–192 meses;Inclusão e participação ativa;2;Participa ativamente das aulas;;
j26-186;Protocolo Dr. Jadson — Inclusão Escolar Efetiva (J26-186);48–192 meses;Inclusão e participação ativa;3;O professor faz as adaptações necessárias;;
j26-186;Protocolo Dr. Jadson — Inclusão Escolar Efetiva (J26-186);48–192 meses;Inclusão e participação ativa;4;O AEE ou apoio funciona;;
j26-186;Protocolo Dr. Jadson — Inclusão Escolar Efetiva (J26-186);48–192 meses;Inclusão e participação ativa;5;A criança é aceita pelos colegas;;
j26-186;Protocolo Dr. Jadson — Inclusão Escolar Efetiva (J26-186);48–192 meses;Inclusão e participação ativa;6;A criança está avançando na aprendizagem;;
j26-186;Protocolo Dr. Jadson — Inclusão Escolar Efetiva (J26-186);48–192 meses;Inclusão e participação ativa;7;Há comunicação entre escola e família;;
j26-186;Protocolo Dr. Jadson — Inclusão Escolar Efetiva (J26-186);48–192 meses;Inclusão e participação ativa;8;A criança se sente bem na escola;;
j26-186;Protocolo Dr. Jadson — Inclusão Escolar Efetiva (J26-186);48–192 meses;Inclusão e participação ativa;9;As avaliações são adaptadas quando preciso;;
j26-186;Protocolo Dr. Jadson — Inclusão Escolar Efetiva (J26-186);48–192 meses;Inclusão e participação ativa;10;A escola tem postura inclusiva;;
j26-186;Protocolo Dr. Jadson — Inclusão Escolar Efetiva (J26-186);48–192 meses;Inclusão e participação ativa;11;A criança participa dos eventos escolares;;
j26-186;Protocolo Dr. Jadson — Inclusão Escolar Efetiva (J26-186);48–192 meses;Inclusão e participação ativa;12;No geral, a inclusão é efetiva;;
j26-187;Protocolo Dr. Jadson — Autonomia Adolescente Especial (J26-187);144–216 meses;Autonomia do adolescente;1;Realiza as AVDs com a autonomia possível;;
j26-187;Protocolo Dr. Jadson — Autonomia Adolescente Especial (J26-187);144–216 meses;Autonomia do adolescente;2;Cuida da própria higiene e aparência;;
j26-187;Protocolo Dr. Jadson — Autonomia Adolescente Especial (J26-187);144–216 meses;Autonomia do adolescente;3;Administra a própria rotina com o apoio adequado;;
j26-187;Protocolo Dr. Jadson — Autonomia Adolescente Especial (J26-187);144–216 meses;Autonomia do adolescente;4;Tem habilidades para tarefas domésticas;;
j26-187;Protocolo Dr. Jadson — Autonomia Adolescente Especial (J26-187);144–216 meses;Autonomia do adolescente;5;Comunica as suas necessidades e decisões;;
j26-187;Protocolo Dr. Jadson — Autonomia Adolescente Especial (J26-187);144–216 meses;Autonomia do adolescente;6;Tem vida social e amizades;;
j26-187;Protocolo Dr. Jadson — Autonomia Adolescente Especial (J26-187);144–216 meses;Autonomia do adolescente;7;Tem um projeto profissional ou ocupacional;;
j26-187;Protocolo Dr. Jadson — Autonomia Adolescente Especial (J26-187);144–216 meses;Autonomia do adolescente;8;Participa de atividades na comunidade;;
j26-187;Protocolo Dr. Jadson — Autonomia Adolescente Especial (J26-187);144–216 meses;Autonomia do adolescente;9;Tem noções de segurança e autocuidado;;
j26-187;Protocolo Dr. Jadson — Autonomia Adolescente Especial (J26-187);144–216 meses;Autonomia do adolescente;10;Lida com dinheiro e transações simples;;
j26-187;Protocolo Dr. Jadson — Autonomia Adolescente Especial (J26-187);144–216 meses;Autonomia do adolescente;11;Recebeu orientação sobre sexualidade e relações;;
j26-187;Protocolo Dr. Jadson — Autonomia Adolescente Especial (J26-187);144–216 meses;Autonomia do adolescente;12;Caminha para a maior independência possível;;
j26-188;Protocolo Dr. Jadson — Metas Terapêuticas (J26-188);0–216 meses;Metas Funcionais;1;Meta 1: habilidade de comunicacao definida na ultima consulta;;
j26-188;Protocolo Dr. Jadson — Metas Terapêuticas (J26-188);0–216 meses;Metas Funcionais;2;Meta 2: habilidade motora ou de AVD definida na ultima consulta;;
j26-188;Protocolo Dr. Jadson — Metas Terapêuticas (J26-188);0–216 meses;Metas Funcionais;3;Meta 3: habilidade escolar ou cognitiva definida na ultima consulta;;
j26-188;Protocolo Dr. Jadson — Metas Terapêuticas (J26-188);0–216 meses;Metas Funcionais;4;Meta 4: comportamento ou regulacao emocional definida na ultima consulta;;
j26-188;Protocolo Dr. Jadson — Metas Terapêuticas (J26-188);0–216 meses;Metas Funcionais;5;Meta 5: participacao social ou comunitaria definida na ultima consulta;;
j26-188;Protocolo Dr. Jadson — Metas Terapêuticas (J26-188);0–216 meses;Engajamento e Processo;1;A familia compreendeu e aceitou as metas estabelecidas;;
j26-188;Protocolo Dr. Jadson — Metas Terapêuticas (J26-188);0–216 meses;Engajamento e Processo;2;As metas foram trabalhadas nas terapias e na rotina em casa;;
j26-188;Protocolo Dr. Jadson — Metas Terapêuticas (J26-188);0–216 meses;Engajamento e Processo;3;Houve colaboracao entre os diferentes terapeutas nas metas;;
j26-188;Protocolo Dr. Jadson — Metas Terapêuticas (J26-188);0–216 meses;Engajamento e Processo;4;A escola foi envolvida nas metas escolares definidas;;
j26-188;Protocolo Dr. Jadson — Metas Terapêuticas (J26-188);0–216 meses;Engajamento e Processo;5;Ha registro do progresso ao longo do periodo (diario, fotos, videos);;
j26-188;Protocolo Dr. Jadson — Metas Terapêuticas (J26-188);0–216 meses;Engajamento e Processo;6;As metas serao revisadas e atualizadas nesta consulta;;
j26-189;Protocolo Dr. Jadson — Funcionalidade PC GMFCS (J26-189);0–216 meses;Função motora grossa;1;Controla a cabeça e o tronco;;
j26-189;Protocolo Dr. Jadson — Funcionalidade PC GMFCS (J26-189);0–216 meses;Função motora grossa;2;Senta-se com a estabilidade possível;;
j26-189;Protocolo Dr. Jadson — Funcionalidade PC GMFCS (J26-189);0–216 meses;Função motora grossa;3;Faz transferências com a assistência esperada;;
j26-189;Protocolo Dr. Jadson — Funcionalidade PC GMFCS (J26-189);0–216 meses;Função motora grossa;4;Desloca-se pelo ambiente (anda, cadeira, engatinha);;
j26-189;Protocolo Dr. Jadson — Funcionalidade PC GMFCS (J26-189);0–216 meses;Função motora grossa;5;Caminha em casa conforme o nível;;
j26-189;Protocolo Dr. Jadson — Funcionalidade PC GMFCS (J26-189);0–216 meses;Função motora grossa;6;Caminha fora de casa ou na comunidade conforme o nível;;
j26-189;Protocolo Dr. Jadson — Funcionalidade PC GMFCS (J26-189);0–216 meses;Função motora grossa;7;Sobe e desce superfícies ou degraus conforme o nível;;
j26-189;Protocolo Dr. Jadson — Funcionalidade PC GMFCS (J26-189);0–216 meses;Função motora grossa;8;Usa as mãos para tarefas funcionais;;
j26-189;Protocolo Dr. Jadson — Funcionalidade PC GMFCS (J26-189);0–216 meses;Função motora grossa;9;Usa dispositivos ou órteses de forma efetiva;;
j26-189;Protocolo Dr. Jadson — Funcionalidade PC GMFCS (J26-189);0–216 meses;Função motora grossa;10;Participa de atividades físicas adaptadas;;
j26-189;Protocolo Dr. Jadson — Funcionalidade PC GMFCS (J26-189);0–216 meses;Função motora grossa;11;Mantém posturas funcionais ao longo do dia;;
j26-189;Protocolo Dr. Jadson — Funcionalidade PC GMFCS (J26-189);0–216 meses;Função motora grossa;12;Tem a mobilidade necessária para a rotina;;
j26-190;Protocolo Dr. Jadson — Estratificação Risco Neonatal (J26-190);0–3 meses;Fatores Perinatais;1;Prematuridade (idade gestacional < 34 semanas);;
j26-190;Protocolo Dr. Jadson — Estratificação Risco Neonatal (J26-190);0–3 meses;Fatores Perinatais;2;Peso ao nascer < 1500 g (muito baixo peso);;
j26-190;Protocolo Dr. Jadson — Estratificação Risco Neonatal (J26-190);0–3 meses;Fatores Perinatais;3;Asfixia perinatal (Apgar < 7 no 5o minuto ou necessidade de reanimacao);;
j26-190;Protocolo Dr. Jadson — Estratificação Risco Neonatal (J26-190);0–3 meses;Fatores Perinatais;4;Convulsoes neonatais;;
j26-190;Protocolo Dr. Jadson — Estratificação Risco Neonatal (J26-190);0–3 meses;Fatores Perinatais;5;Hemorragia intraventricular graus III ou IV (EEG ou USG);;
j26-190;Protocolo Dr. Jadson — Estratificação Risco Neonatal (J26-190);0–3 meses;Fatores Perinatais;6;Leucomalacia periventricular na neuroimagem;;
j26-190;Protocolo Dr. Jadson — Estratificação Risco Neonatal (J26-190);0–3 meses;Fatores Clinicos e Ambientais;1;Infeccao congenita (TORSCH — toxoplasmose, rubeola, CMV, sifilis, herpes);;
j26-190;Protocolo Dr. Jadson — Estratificação Risco Neonatal (J26-190);0–3 meses;Fatores Clinicos e Ambientais;2;Hiperbilirrubinemia grave com necessidade de exsanguinotransfusao;;
j26-190;Protocolo Dr. Jadson — Estratificação Risco Neonatal (J26-190);0–3 meses;Fatores Clinicos e Ambientais;3;Malformacao cerebral identificada;;
j26-190;Protocolo Dr. Jadson — Estratificação Risco Neonatal (J26-190);0–3 meses;Fatores Clinicos e Ambientais;4;Internacao em UTI neonatal por mais de 7 dias;;
j26-190;Protocolo Dr. Jadson — Estratificação Risco Neonatal (J26-190);0–3 meses;Fatores Clinicos e Ambientais;5;Exposicao a drogas ou alcool na gestacao;;
j26-190;Protocolo Dr. Jadson — Estratificação Risco Neonatal (J26-190);0–3 meses;Fatores Clinicos e Ambientais;6;Vulnerabilidade social extrema — sem suporte familiar adequado;;
j26-191;Protocolo Dr. Jadson — Prontidão Alimentar Prematuro (J26-191);0–4 meses;Prontidão para via oral;1;Mantém estado de alerta adequado;;
j26-191;Protocolo Dr. Jadson — Prontidão Alimentar Prematuro (J26-191);0–4 meses;Prontidão para via oral;2;Tem estabilidade respiratória;;
j26-191;Protocolo Dr. Jadson — Prontidão Alimentar Prematuro (J26-191);0–4 meses;Prontidão para via oral;3;Tem reflexo de sucção presente;;
j26-191;Protocolo Dr. Jadson — Prontidão Alimentar Prematuro (J26-191);0–4 meses;Prontidão para via oral;4;Coordena sucção e deglutição;;
j26-191;Protocolo Dr. Jadson — Prontidão Alimentar Prematuro (J26-191);0–4 meses;Prontidão para via oral;5;Coordena sucção, deglutição e respiração;;
j26-191;Protocolo Dr. Jadson — Prontidão Alimentar Prematuro (J26-191);0–4 meses;Prontidão para via oral;6;Mantém a saturação durante a tentativa;;
j26-191;Protocolo Dr. Jadson — Prontidão Alimentar Prematuro (J26-191);0–4 meses;Prontidão para via oral;7;Não engasga nem aspira nas tentativas;;
j26-191;Protocolo Dr. Jadson — Prontidão Alimentar Prematuro (J26-191);0–4 meses;Prontidão para via oral;8;Demonstra sinais de fome ou procura;;
j26-191;Protocolo Dr. Jadson — Prontidão Alimentar Prematuro (J26-191);0–4 meses;Prontidão para via oral;9;Tem tônus oral adequado;;
j26-191;Protocolo Dr. Jadson — Prontidão Alimentar Prematuro (J26-191);0–4 meses;Prontidão para via oral;10;Ganha peso de forma adequada;;
j26-191;Protocolo Dr. Jadson — Prontidão Alimentar Prematuro (J26-191);0–4 meses;Prontidão para via oral;11;Tolera o volume oferecido;;
j26-191;Protocolo Dr. Jadson — Prontidão Alimentar Prematuro (J26-191);0–4 meses;Prontidão para via oral;12;Mostra prontidão para retirar a sonda;;
j26-192;Protocolo Dr. Jadson — Método Canguru Follow-Up (J26-192);0–6 meses;Vínculo, amamentação e evolução;1;Os pais fazem a posição canguru regularmente;;
j26-192;Protocolo Dr. Jadson — Método Canguru Follow-Up (J26-192);0–6 meses;Vínculo, amamentação e evolução;2;O vínculo pais-bebê está fortalecido;;
j26-192;Protocolo Dr. Jadson — Método Canguru Follow-Up (J26-192);0–6 meses;Vínculo, amamentação e evolução;3;A amamentação está estabelecida ou evoluindo;;
j26-192;Protocolo Dr. Jadson — Método Canguru Follow-Up (J26-192);0–6 meses;Vínculo, amamentação e evolução;4;O bebê ganha peso adequadamente;;
j26-192;Protocolo Dr. Jadson — Método Canguru Follow-Up (J26-192);0–6 meses;Vínculo, amamentação e evolução;5;O bebê regula bem a temperatura;;
j26-192;Protocolo Dr. Jadson — Método Canguru Follow-Up (J26-192);0–6 meses;Vínculo, amamentação e evolução;6;Os pais se sentem confiantes nos cuidados;;
j26-192;Protocolo Dr. Jadson — Método Canguru Follow-Up (J26-192);0–6 meses;Vínculo, amamentação e evolução;7;Os pais percebem os sinais do bebê;;
j26-192;Protocolo Dr. Jadson — Método Canguru Follow-Up (J26-192);0–6 meses;Vínculo, amamentação e evolução;8;O bebê tem bons períodos de sono;;
j26-192;Protocolo Dr. Jadson — Método Canguru Follow-Up (J26-192);0–6 meses;Vínculo, amamentação e evolução;9;O bebê está mais calmo e regulado;;
j26-192;Protocolo Dr. Jadson — Método Canguru Follow-Up (J26-192);0–6 meses;Vínculo, amamentação e evolução;10;A família tem rede de apoio;;
j26-192;Protocolo Dr. Jadson — Método Canguru Follow-Up (J26-192);0–6 meses;Vínculo, amamentação e evolução;11;O bebê comparece ao follow-up;;
j26-192;Protocolo Dr. Jadson — Método Canguru Follow-Up (J26-192);0–6 meses;Vínculo, amamentação e evolução;12;No geral, o seguimento do canguru vai bem;;
j26-193;Protocolo Dr. Jadson — Dor Neonatal Expandida (J26-193);0–3 meses;Indicadores Comportamentais;1;Expressao facial de dor (sobrancelhas franzidas, olhos cerrados, sulco nasolabial);;
j26-193;Protocolo Dr. Jadson — Dor Neonatal Expandida (J26-193);0–3 meses;Indicadores Comportamentais;2;Choro intenso ou grilos agudos de dor;;
j26-193;Protocolo Dr. Jadson — Dor Neonatal Expandida (J26-193);0–3 meses;Indicadores Comportamentais;3;Rigidez ou tremores corporais;;
j26-193;Protocolo Dr. Jadson — Dor Neonatal Expandida (J26-193);0–3 meses;Indicadores Comportamentais;4;Retracao ou flexao dos membros em resposta ao estimulo doloroso;;
j26-193;Protocolo Dr. Jadson — Dor Neonatal Expandida (J26-193);0–3 meses;Indicadores Comportamentais;5;Agitacao ou inquietacao intensa durante o procedimento;;
j26-193;Protocolo Dr. Jadson — Dor Neonatal Expandida (J26-193);0–3 meses;Indicadores Fisiológicos;1;Frequencia cardiaca > 180 bpm durante o procedimento;;
j26-193;Protocolo Dr. Jadson — Dor Neonatal Expandida (J26-193);0–3 meses;Indicadores Fisiológicos;2;Frequencia respiratoria > 60 irpm durante o procedimento;;
j26-193;Protocolo Dr. Jadson — Dor Neonatal Expandida (J26-193);0–3 meses;Indicadores Fisiológicos;3;Dessaturacao (SpO2 < 90%) durante o procedimento;;
j26-193;Protocolo Dr. Jadson — Dor Neonatal Expandida (J26-193);0–3 meses;Indicadores Fisiológicos;4;Palidez ou rubor intenso durante o procedimento;;
j26-193;Protocolo Dr. Jadson — Dor Neonatal Expandida (J26-193);0–3 meses;Indicadores Fisiológicos;5;Suor nas palmas das maos;;
j26-193;Protocolo Dr. Jadson — Dor Neonatal Expandida (J26-193);0–3 meses;Indicadores Fisiológicos;6;Recuperacao lenta apos o termino do estimulo doloroso (> 2 minutos);;
j26-194;Protocolo Dr. Jadson — Alta UTIN Prontidão (J26-194);0–4 meses;Prontidão de bebê e família;1;O bebê se alimenta o suficiente por via oral;;
j26-194;Protocolo Dr. Jadson — Alta UTIN Prontidão (J26-194);0–4 meses;Prontidão de bebê e família;2;Mantém a temperatura estável fora da incubadora;;
j26-194;Protocolo Dr. Jadson — Alta UTIN Prontidão (J26-194);0–4 meses;Prontidão de bebê e família;3;Tem ganho de peso consistente;;
j26-194;Protocolo Dr. Jadson — Alta UTIN Prontidão (J26-194);0–4 meses;Prontidão de bebê e família;4;Tem estabilidade respiratória e cardíaca;;
j26-194;Protocolo Dr. Jadson — Alta UTIN Prontidão (J26-194);0–4 meses;Prontidão de bebê e família;5;Não tem mais episódios de apneia significativos;;
j26-194;Protocolo Dr. Jadson — Alta UTIN Prontidão (J26-194);0–4 meses;Prontidão de bebê e família;6;A mãe ou o pai foi treinado(a) nos cuidados;;
j26-194;Protocolo Dr. Jadson — Alta UTIN Prontidão (J26-194);0–4 meses;Prontidão de bebê e família;7;A família sabe reconhecer sinais de alerta;;
j26-194;Protocolo Dr. Jadson — Alta UTIN Prontidão (J26-194);0–4 meses;Prontidão de bebê e família;8;A amamentação ou a alimentação está estabelecida;;
j26-194;Protocolo Dr. Jadson — Alta UTIN Prontidão (J26-194);0–4 meses;Prontidão de bebê e família;9;Há rede de apoio em casa;;
j26-194;Protocolo Dr. Jadson — Alta UTIN Prontidão (J26-194);0–4 meses;Prontidão de bebê e família;10;Os retornos e o seguimento estão agendados;;
j26-194;Protocolo Dr. Jadson — Alta UTIN Prontidão (J26-194);0–4 meses;Prontidão de bebê e família;11;As medicações de casa estão organizadas;;
j26-194;Protocolo Dr. Jadson — Alta UTIN Prontidão (J26-194);0–4 meses;Prontidão de bebê e família;12;No geral, bebê e família estão prontos para a alta;;
j26-195;Protocolo Dr. Jadson — Prematuro Follow-Up 2 Anos (J26-195);0–30 meses;Desenvolvimento (idade corrigida);1;Tem motor grosso adequado (idade corrigida);;
j26-195;Protocolo Dr. Jadson — Prematuro Follow-Up 2 Anos (J26-195);0–30 meses;Desenvolvimento (idade corrigida);2;Tem motor fino adequado;;
j26-195;Protocolo Dr. Jadson — Prematuro Follow-Up 2 Anos (J26-195);0–30 meses;Desenvolvimento (idade corrigida);3;Tem linguagem compatível (idade corrigida);;
j26-195;Protocolo Dr. Jadson — Prematuro Follow-Up 2 Anos (J26-195);0–30 meses;Desenvolvimento (idade corrigida);4;Tem desenvolvimento cognitivo adequado;;
j26-195;Protocolo Dr. Jadson — Prematuro Follow-Up 2 Anos (J26-195);0–30 meses;Desenvolvimento (idade corrigida);5;Tem desenvolvimento social adequado;;
j26-195;Protocolo Dr. Jadson — Prematuro Follow-Up 2 Anos (J26-195);0–30 meses;Desenvolvimento (idade corrigida);6;Anda com firmeza;;
j26-195;Protocolo Dr. Jadson — Prematuro Follow-Up 2 Anos (J26-195);0–30 meses;Desenvolvimento (idade corrigida);7;Fala palavras ou frases esperadas;;
j26-195;Protocolo Dr. Jadson — Prematuro Follow-Up 2 Anos (J26-195);0–30 meses;Desenvolvimento (idade corrigida);8;Brinca de forma simbólica;;
j26-195;Protocolo Dr. Jadson — Prematuro Follow-Up 2 Anos (J26-195);0–30 meses;Desenvolvimento (idade corrigida);9;Tem boa interação social;;
j26-195;Protocolo Dr. Jadson — Prematuro Follow-Up 2 Anos (J26-195);0–30 meses;Desenvolvimento (idade corrigida);10;Tem tônus e postura adequados;;
j26-195;Protocolo Dr. Jadson — Prematuro Follow-Up 2 Anos (J26-195);0–30 meses;Desenvolvimento (idade corrigida);11;Tem crescimento adequado (peso/altura/PC);;
j26-195;Protocolo Dr. Jadson — Prematuro Follow-Up 2 Anos (J26-195);0–30 meses;Desenvolvimento (idade corrigida);12;Acompanha os marcos para a idade corrigida;;
j26-196;Protocolo Dr. Jadson — Ansiedade Pais UTIN (J26-196);0–3 meses;Ansiedade e medo;1;Sinto medo de que meu bebe piore ou nao sobreviva;;
j26-196;Protocolo Dr. Jadson — Ansiedade Pais UTIN (J26-196);0–3 meses;Ansiedade e medo;2;Fico muito ansioso(a) a cada exame ou procedimento;;
j26-196;Protocolo Dr. Jadson — Ansiedade Pais UTIN (J26-196);0–3 meses;Ansiedade e medo;3;Tenho dificuldade de dormir por preocupacao com o bebe;;
j26-196;Protocolo Dr. Jadson — Ansiedade Pais UTIN (J26-196);0–3 meses;Ansiedade e medo;4;Meu coracao acelera ou fico tremendo ao ver o bebe na UTIN;;
j26-196;Protocolo Dr. Jadson — Ansiedade Pais UTIN (J26-196);0–3 meses;Tristeza e culpa;1;Me sinto culpado(a) pela internacao do meu filho;;
j26-196;Protocolo Dr. Jadson — Ansiedade Pais UTIN (J26-196);0–3 meses;Tristeza e culpa;2;Fico muito triste ou choro com frequencia;;
j26-196;Protocolo Dr. Jadson — Ansiedade Pais UTIN (J26-196);0–3 meses;Tristeza e culpa;3;Me sinto impotente por nao poder fazer mais;;
j26-196;Protocolo Dr. Jadson — Ansiedade Pais UTIN (J26-196);0–3 meses;Tristeza e culpa;4;Me sinto distante do meu bebe por nao poder cuidar como queria;;
j26-196;Protocolo Dr. Jadson — Ansiedade Pais UTIN (J26-196);0–3 meses;Funcionalidade e suporte;1;Tenho dificuldade de comer ou me cuidar;;
j26-196;Protocolo Dr. Jadson — Ansiedade Pais UTIN (J26-196);0–3 meses;Funcionalidade e suporte;2;Me sinto sem energia para enfrentar o dia;;
j26-196;Protocolo Dr. Jadson — Ansiedade Pais UTIN (J26-196);0–3 meses;Funcionalidade e suporte;3;Sinto que nao tenho apoio suficiente;;
j26-196;Protocolo Dr. Jadson — Ansiedade Pais UTIN (J26-196);0–3 meses;Funcionalidade e suporte;4;Tenho dificuldade de entender as informacoes da equipe;;
j26-197;Protocolo Dr. Jadson — Icterícia Neonatal Seguimento (J26-197);0–24 meses;Motor e tonus;1;Tem tonus muscular adequado para a idade;;
j26-197;Protocolo Dr. Jadson — Icterícia Neonatal Seguimento (J26-197);0–24 meses;Motor e tonus;2;Controla a cabeca conforme esperado;;
j26-197;Protocolo Dr. Jadson — Icterícia Neonatal Seguimento (J26-197);0–24 meses;Motor e tonus;3;Senta ou sustenta o tronco conforme a faixa etaria;;
j26-197;Protocolo Dr. Jadson — Icterícia Neonatal Seguimento (J26-197);0–24 meses;Motor e tonus;4;Tem movimentos simetricos dos membros;;
j26-197;Protocolo Dr. Jadson — Icterícia Neonatal Seguimento (J26-197);0–24 meses;Motor e tonus;5;Nao apresenta movimentos involuntarios ou coreoatetose;;
j26-197;Protocolo Dr. Jadson — Icterícia Neonatal Seguimento (J26-197);0–24 meses;Motor e tonus;6;Motor grosso compativel com a idade corrigida;;
j26-197;Protocolo Dr. Jadson — Icterícia Neonatal Seguimento (J26-197);0–24 meses;Audicao e linguagem;1;Passou a triagem auditiva neonatal;;
j26-197;Protocolo Dr. Jadson — Icterícia Neonatal Seguimento (J26-197);0–24 meses;Audicao e linguagem;2;Reage a sons do ambiente;;
j26-197;Protocolo Dr. Jadson — Icterícia Neonatal Seguimento (J26-197);0–24 meses;Audicao e linguagem;3;Balbucia ou vocaliza conforme a idade;;
j26-197;Protocolo Dr. Jadson — Icterícia Neonatal Seguimento (J26-197);0–24 meses;Audicao e linguagem;4;Linguagem em desenvolvimento adequado;;
j26-197;Protocolo Dr. Jadson — Icterícia Neonatal Seguimento (J26-197);0–24 meses;Audicao e linguagem;5;Sem sinais de perda auditiva identificados;;
j26-197;Protocolo Dr. Jadson — Icterícia Neonatal Seguimento (J26-197);0–24 meses;Audicao e linguagem;6;Nao apresenta disturbios de processamento auditivo;;
j26-197;Protocolo Dr. Jadson — Icterícia Neonatal Seguimento (J26-197);0–24 meses;Visual e cognitivo;1;Acompanha objetos com o olhar;;
j26-197;Protocolo Dr. Jadson — Icterícia Neonatal Seguimento (J26-197);0–24 meses;Visual e cognitivo;2;Tem acuidade visual adequada para a idade;;
j26-197;Protocolo Dr. Jadson — Icterícia Neonatal Seguimento (J26-197);0–24 meses;Visual e cognitivo;3;Sem nistagmo ou disturbio oculomotor evidente;;
j26-197;Protocolo Dr. Jadson — Icterícia Neonatal Seguimento (J26-197);0–24 meses;Visual e cognitivo;4;Desenvolvimento cognitivo compativel com a idade;;
j26-197;Protocolo Dr. Jadson — Icterícia Neonatal Seguimento (J26-197);0–24 meses;Visual e cognitivo;5;Interacao social e sorriso social presentes;;
j26-197;Protocolo Dr. Jadson — Icterícia Neonatal Seguimento (J26-197);0–24 meses;Visual e cognitivo;6;Sem sinais de encefalopatia cronica progressiva;;
j26-198;Protocolo Dr. Jadson — Estimulante Efeitos Acompanhamento (J26-198);48–216 meses;Apetite e crescimento;1;Reducao do apetite no almoco e no jantar;;
j26-198;Protocolo Dr. Jadson — Estimulante Efeitos Acompanhamento (J26-198);48–216 meses;Apetite e crescimento;2;Perda de peso ou desaceleracao do crescimento;;
j26-198;Protocolo Dr. Jadson — Estimulante Efeitos Acompanhamento (J26-198);48–216 meses;Apetite e crescimento;3;Recusa alimentar nos horarios de pico do remedio;;
j26-198;Protocolo Dr. Jadson — Estimulante Efeitos Acompanhamento (J26-198);48–216 meses;Apetite e crescimento;4;Queixa de dor de estomago ou nausea;;
j26-198;Protocolo Dr. Jadson — Estimulante Efeitos Acompanhamento (J26-198);48–216 meses;Apetite e crescimento;5;Bebe menos liquidos durante o dia;;
j26-198;Protocolo Dr. Jadson — Estimulante Efeitos Acompanhamento (J26-198);48–216 meses;Sono;1;Dificuldade de adormecer no horario habitual;;
j26-198;Protocolo Dr. Jadson — Estimulante Efeitos Acompanhamento (J26-198);48–216 meses;Sono;2;Sono mais superficial ou agitado;;
j26-198;Protocolo Dr. Jadson — Estimulante Efeitos Acompanhamento (J26-198);48–216 meses;Sono;3;Acorda mais vezes durante a noite;;
j26-198;Protocolo Dr. Jadson — Estimulante Efeitos Acompanhamento (J26-198);48–216 meses;Sono;4;Irritabilidade ao acordar pela manha;;
j26-198;Protocolo Dr. Jadson — Estimulante Efeitos Acompanhamento (J26-198);48–216 meses;Humor e comportamento;1;Choro facil ou irritabilidade no fim do efeito (rebound);;
j26-198;Protocolo Dr. Jadson — Estimulante Efeitos Acompanhamento (J26-198);48–216 meses;Humor e comportamento;2;Ansiedade ou agitacao apos a dose;;
j26-198;Protocolo Dr. Jadson — Estimulante Efeitos Acompanhamento (J26-198);48–216 meses;Humor e comportamento;3;Aparecimento ou piora de tiques;;
j26-198;Protocolo Dr. Jadson — Estimulante Efeitos Acompanhamento (J26-198);48–216 meses;Humor e comportamento;4;Comportamento robotico ou rigido demais;;
j26-198;Protocolo Dr. Jadson — Estimulante Efeitos Acompanhamento (J26-198);48–216 meses;Humor e comportamento;5;Aparecimento de tiquismo ou caretas;;
j26-198;Protocolo Dr. Jadson — Estimulante Efeitos Acompanhamento (J26-198);48–216 meses;Cardiovascular;1;Queixa de palpitacao ou coracao acelerado;;
j26-198;Protocolo Dr. Jadson — Estimulante Efeitos Acompanhamento (J26-198);48–216 meses;Cardiovascular;2;Dor ou desconforto no peito;;
j26-199;Protocolo Dr. Jadson — Antiepiléptico Monitorização Ampla (J26-199);0–216 meses;Neurologico;1;Sonolencia excessiva durante o dia;;
j26-199;Protocolo Dr. Jadson — Antiepiléptico Monitorização Ampla (J26-199);0–216 meses;Neurologico;2;Tontura ou sensacao de desequilibrio;;
j26-199;Protocolo Dr. Jadson — Antiepiléptico Monitorização Ampla (J26-199);0–216 meses;Neurologico;3;Visao dupla ou borrada;;
j26-199;Protocolo Dr. Jadson — Antiepiléptico Monitorização Ampla (J26-199);0–216 meses;Neurologico;4;Dor de cabeca frequente;;
j26-199;Protocolo Dr. Jadson — Antiepiléptico Monitorização Ampla (J26-199);0–216 meses;Neurologico;5;Formigamento nas maos ou nos pes;;
j26-199;Protocolo Dr. Jadson — Antiepiléptico Monitorização Ampla (J26-199);0–216 meses;Comportamental e cognitivo;1;Lentidao de raciocinio ou piora da memoria;;
j26-199;Protocolo Dr. Jadson — Antiepiléptico Monitorização Ampla (J26-199);0–216 meses;Comportamental e cognitivo;2;Irritabilidade ou agressividade;;
j26-199;Protocolo Dr. Jadson — Antiepiléptico Monitorização Ampla (J26-199);0–216 meses;Comportamental e cognitivo;3;Tristeza ou humor deprimido;;
j26-199;Protocolo Dr. Jadson — Antiepiléptico Monitorização Ampla (J26-199);0–216 meses;Comportamental e cognitivo;4;Agitacao ou ansiedade aumentada;;
j26-199;Protocolo Dr. Jadson — Antiepiléptico Monitorização Ampla (J26-199);0–216 meses;Comportamental e cognitivo;5;Dificuldade de atencao na escola;;
j26-199;Protocolo Dr. Jadson — Antiepiléptico Monitorização Ampla (J26-199);0–216 meses;Gastrointestinal e metabolico;1;Nausea ou vomito;;
j26-199;Protocolo Dr. Jadson — Antiepiléptico Monitorização Ampla (J26-199);0–216 meses;Gastrointestinal e metabolico;2;Perda de apetite;;
j26-199;Protocolo Dr. Jadson — Antiepiléptico Monitorização Ampla (J26-199);0–216 meses;Gastrointestinal e metabolico;3;Dor abdominal;;
j26-199;Protocolo Dr. Jadson — Antiepiléptico Monitorização Ampla (J26-199);0–216 meses;Gastrointestinal e metabolico;4;Ganho excessivo de peso;;
j26-199;Protocolo Dr. Jadson — Antiepiléptico Monitorização Ampla (J26-199);0–216 meses;Gastrointestinal e metabolico;5;Queda de cabelo;;
j26-199;Protocolo Dr. Jadson — Antiepiléptico Monitorização Ampla (J26-199);0–216 meses;Gastrointestinal e metabolico;6;Erupcao cutanea ou alergia;;
j26-199;Protocolo Dr. Jadson — Antiepiléptico Monitorização Ampla (J26-199);0–216 meses;Gastrointestinal e metabolico;7;Reducao na sudorese ou aumento de temperatura;;
j26-200;Protocolo Dr. Jadson — Antipsicótico Metabólico (J26-200);60–216 meses;Peso e composicao corporal;1;Ganho de peso acima do esperado para a faixa etaria;;
j26-200;Protocolo Dr. Jadson — Antipsicótico Metabólico (J26-200);60–216 meses;Peso e composicao corporal;2;IMC em sobrepeso ou obesidade;;
j26-200;Protocolo Dr. Jadson — Antipsicótico Metabólico (J26-200);60–216 meses;Peso e composicao corporal;3;Aumento visivel de circunferencia abdominal;;
j26-200;Protocolo Dr. Jadson — Antipsicótico Metabólico (J26-200);60–216 meses;Peso e composicao corporal;4;Apetite muito aumentado (hiperfagia);;
j26-200;Protocolo Dr. Jadson — Antipsicótico Metabólico (J26-200);60–216 meses;Metabolismo e laboratorio;1;Glicemia de jejum acima do normal;;
j26-200;Protocolo Dr. Jadson — Antipsicótico Metabólico (J26-200);60–216 meses;Metabolismo e laboratorio;2;Triglicerides ou colesterol alterados;;
j26-200;Protocolo Dr. Jadson — Antipsicótico Metabólico (J26-200);60–216 meses;Metabolismo e laboratorio;3;Pressao arterial elevada para a idade;;
j26-200;Protocolo Dr. Jadson — Antipsicótico Metabólico (J26-200);60–216 meses;Metabolismo e laboratorio;4;Sinais de resistencia a insulina (acanthosis);;
j26-200;Protocolo Dr. Jadson — Antipsicótico Metabólico (J26-200);60–216 meses;Metabolismo e laboratorio;5;Hormonio prolatico elevado nos exames;;
j26-200;Protocolo Dr. Jadson — Antipsicótico Metabólico (J26-200);60–216 meses;Movimento e neurologico;1;Rigidez ou lentidao de movimentos (parkinsonismo);;
j26-200;Protocolo Dr. Jadson — Antipsicótico Metabólico (J26-200);60–216 meses;Movimento e neurologico;2;Inquietacao ou necessidade de ficar se movendo (acatisia);;
j26-200;Protocolo Dr. Jadson — Antipsicótico Metabólico (J26-200);60–216 meses;Movimento e neurologico;3;Movimentos involuntarios da face ou lingua;;
j26-200;Protocolo Dr. Jadson — Antipsicótico Metabólico (J26-200);60–216 meses;Movimento e neurologico;4;Sonolencia intensa durante o dia;;
j26-200;Protocolo Dr. Jadson — Antipsicótico Metabólico (J26-200);60–216 meses;Movimento e neurologico;5;Espasmo agudo de musculo (distonia aguda);;
j26-201;Protocolo Dr. Jadson — Adesão Medicação Criança (J26-201);36–216 meses;Adesão à medicação;1;Dá o remédio todos os dias;;
j26-201;Protocolo Dr. Jadson — Adesão Medicação Criança (J26-201);36–216 meses;Adesão à medicação;2;Dá nos horários certos;;
j26-201;Protocolo Dr. Jadson — Adesão Medicação Criança (J26-201);36–216 meses;Adesão à medicação;3;Dá a dose correta;;
j26-201;Protocolo Dr. Jadson — Adesão Medicação Criança (J26-201);36–216 meses;Adesão à medicação;4;Não esquece doses;;
j26-201;Protocolo Dr. Jadson — Adesão Medicação Criança (J26-201);36–216 meses;Adesão à medicação;5;A criança aceita ou engole o remédio;;
j26-201;Protocolo Dr. Jadson — Adesão Medicação Criança (J26-201);36–216 meses;Adesão à medicação;6;Mantém estoque (não falta);;
j26-201;Protocolo Dr. Jadson — Adesão Medicação Criança (J26-201);36–216 meses;Adesão à medicação;7;Não interrompe por conta própria;;
j26-201;Protocolo Dr. Jadson — Adesão Medicação Criança (J26-201);36–216 meses;Adesão à medicação;8;Consegue arcar com o custo;;
j26-201;Protocolo Dr. Jadson — Adesão Medicação Criança (J26-201);36–216 meses;Adesão à medicação;9;Continua mesmo quando a criança está bem;;
j26-201;Protocolo Dr. Jadson — Adesão Medicação Criança (J26-201);36–216 meses;Adesão à medicação;10;Sabe o que fazer se esquecer uma dose;;
j26-201;Protocolo Dr. Jadson — Adesão Medicação Criança (J26-201);36–216 meses;Adesão à medicação;11;Comparece às consultas e exames;;
j26-201;Protocolo Dr. Jadson — Adesão Medicação Criança (J26-201);36–216 meses;Adesão à medicação;12;No geral, segue o tratamento corretamente;;
j26-202;Protocolo Dr. Jadson — Polifarmácia Risco Pediátrico (J26-202);0–216 meses;Perfil da prescricao;1;Usa 3 ou mais medicacoes de forma continua;;
j26-202;Protocolo Dr. Jadson — Polifarmácia Risco Pediátrico (J26-202);0–216 meses;Perfil da prescricao;2;Ha remedios com indicacao questionavel ou desatualizada;;
j26-202;Protocolo Dr. Jadson — Polifarmácia Risco Pediátrico (J26-202);0–216 meses;Perfil da prescricao;3;Dois ou mais remedios tem mecanismo de acao sobreposto;;
j26-202;Protocolo Dr. Jadson — Polifarmácia Risco Pediátrico (J26-202);0–216 meses;Perfil da prescricao;4;Ha remedio sendo usado para tratar efeito colateral de outro;;
j26-202;Protocolo Dr. Jadson — Polifarmácia Risco Pediátrico (J26-202);0–216 meses;Perfil da prescricao;5;Algum remedio nao tem dose ajustada para o peso atual;;
j26-202;Protocolo Dr. Jadson — Polifarmácia Risco Pediátrico (J26-202);0–216 meses;Perfil da prescricao;6;Ha remedios de prescricao recente sem avaliacao das interacoes;;
j26-202;Protocolo Dr. Jadson — Polifarmácia Risco Pediátrico (J26-202);0–216 meses;Risco de interacao;1;Ha combinacao com risco de prolongamento do QT;;
j26-202;Protocolo Dr. Jadson — Polifarmácia Risco Pediátrico (J26-202);0–216 meses;Risco de interacao;2;Ha combinacao que aumenta o risco de sangramento ou hematoligico;;
j26-202;Protocolo Dr. Jadson — Polifarmácia Risco Pediátrico (J26-202);0–216 meses;Risco de interacao;3;Ha combinacao com potencial de hepatotoxicidade aditiva;;
j26-202;Protocolo Dr. Jadson — Polifarmácia Risco Pediátrico (J26-202);0–216 meses;Risco de interacao;4;Ha interacao que reduz a eficacia de um dos remedios;;
j26-202;Protocolo Dr. Jadson — Polifarmácia Risco Pediátrico (J26-202);0–216 meses;Risco de interacao;5;Ha interacao que aumenta o nivel serico de um dos remedios;;
j26-202;Protocolo Dr. Jadson — Polifarmácia Risco Pediátrico (J26-202);0–216 meses;Risco de interacao;6;Ha combinacao com risco de sedacao excessiva ou depressao respiratoria;;
j26-202;Protocolo Dr. Jadson — Polifarmácia Risco Pediátrico (J26-202);0–216 meses;Adesao e seguranca familiar;1;A familia tem dificuldade de controlar tantos horarios;;
j26-202;Protocolo Dr. Jadson — Polifarmácia Risco Pediátrico (J26-202);0–216 meses;Adesao e seguranca familiar;2;Houve erro de dose ou troca de remedio nos ultimos meses;;
j26-202;Protocolo Dr. Jadson — Polifarmácia Risco Pediátrico (J26-202);0–216 meses;Adesao e seguranca familiar;3;A familia nao sabe a indicacao de algum dos remedios;;
j26-202;Protocolo Dr. Jadson — Polifarmácia Risco Pediátrico (J26-202);0–216 meses;Adesao e seguranca familiar;4;Algum remedio precisa de monitorizacao laboratorial que nao esta sendo feita;;
j26-202;Protocolo Dr. Jadson — Polifarmácia Risco Pediátrico (J26-202);0–216 meses;Adesao e seguranca familiar;5;Ha risco de automedicacao ou uso de remedios de terceiros;;
j26-202;Protocolo Dr. Jadson — Polifarmácia Risco Pediátrico (J26-202);0–216 meses;Adesao e seguranca familiar;6;A familia nao sabe o que fazer em caso de reacao adversa;;
j26-202;Protocolo Dr. Jadson — Polifarmácia Risco Pediátrico (J26-202);0–216 meses;Adesao e seguranca familiar;7;Ha custo alto dificultando a adesao completa;;
j26-202;Protocolo Dr. Jadson — Polifarmácia Risco Pediátrico (J26-202);0–216 meses;Adesao e seguranca familiar;8;O beneficio do regime atual supera claramente os riscos;;
j26-203;Protocolo Dr. Jadson — Comunicação Social 3-7 Anos (J26-203);36–84 meses;Comunicação social;1;Responde ao nome;;
j26-203;Protocolo Dr. Jadson — Comunicação Social 3-7 Anos (J26-203);36–84 meses;Comunicação social;2;Mantém contato visual na interação;;
j26-203;Protocolo Dr. Jadson — Comunicação Social 3-7 Anos (J26-203);36–84 meses;Comunicação social;3;Espera e respeita os turnos na conversa;;
j26-203;Protocolo Dr. Jadson — Comunicação Social 3-7 Anos (J26-203);36–84 meses;Comunicação social;4;Mantém um assunto compartilhado;;
j26-203;Protocolo Dr. Jadson — Comunicação Social 3-7 Anos (J26-203);36–84 meses;Comunicação social;5;Pede ajuda quando precisa;;
j26-203;Protocolo Dr. Jadson — Comunicação Social 3-7 Anos (J26-203);36–84 meses;Comunicação social;6;Inicia interação com outras crianças;;
j26-203;Protocolo Dr. Jadson — Comunicação Social 3-7 Anos (J26-203);36–84 meses;Comunicação social;7;Responde a perguntas de forma pertinente;;
j26-203;Protocolo Dr. Jadson — Comunicação Social 3-7 Anos (J26-203);36–84 meses;Comunicação social;8;Usa e entende gestos sociais;;
j26-203;Protocolo Dr. Jadson — Comunicação Social 3-7 Anos (J26-203);36–84 meses;Comunicação social;9;Compartilha interesse (mostra coisas);;
j26-203;Protocolo Dr. Jadson — Comunicação Social 3-7 Anos (J26-203);36–84 meses;Comunicação social;10;Brinca de forma cooperativa;;
j26-203;Protocolo Dr. Jadson — Comunicação Social 3-7 Anos (J26-203);36–84 meses;Comunicação social;11;Entende regras sociais simples;;
j26-203;Protocolo Dr. Jadson — Comunicação Social 3-7 Anos (J26-203);36–84 meses;Comunicação social;12;Comunica-se de forma funcional no grupo;;
j26-204;Protocolo Dr. Jadson — Tiques Monitorização (J26-204);36–216 meses;Frequencia e tipos;1;Tem tiques motores simples (piscar, encolher ombro, careta);;
j26-204;Protocolo Dr. Jadson — Tiques Monitorização (J26-204);36–216 meses;Frequencia e tipos;2;Tem tiques motores complexos (sequencias de movimentos);;
j26-204;Protocolo Dr. Jadson — Tiques Monitorização (J26-204);36–216 meses;Frequencia e tipos;3;Tem tiques vocais simples (tosse, fungada, ruido);;
j26-204;Protocolo Dr. Jadson — Tiques Monitorização (J26-204);36–216 meses;Frequencia e tipos;4;Tem tiques vocais complexos (palavras, frases);;
j26-204;Protocolo Dr. Jadson — Tiques Monitorização (J26-204);36–216 meses;Frequencia e tipos;5;Os tiques aparecem varios vezes por dia;;
j26-204;Protocolo Dr. Jadson — Tiques Monitorização (J26-204);36–216 meses;Frequencia e tipos;6;Os tiques pioram com estresse, cansaco ou excitacao;;
j26-204;Protocolo Dr. Jadson — Tiques Monitorização (J26-204);36–216 meses;Frequencia e tipos;7;Os tiques pioram com o retorno da escola ou provas;;
j26-204;Protocolo Dr. Jadson — Tiques Monitorização (J26-204);36–216 meses;Frequencia e tipos;8;Apareceram novos tipos de tiques desde a ultima consulta;;
j26-204;Protocolo Dr. Jadson — Tiques Monitorização (J26-204);36–216 meses;Impacto funcional;1;Os tiques causam constrangimento social;;
j26-204;Protocolo Dr. Jadson — Tiques Monitorização (J26-204);36–216 meses;Impacto funcional;2;Os tiques atrapalham a concentracao na escola;;
j26-204;Protocolo Dr. Jadson — Tiques Monitorização (J26-204);36–216 meses;Impacto funcional;3;Outras criancas perguntam ou zombam dos tiques;;
j26-204;Protocolo Dr. Jadson — Tiques Monitorização (J26-204);36–216 meses;Impacto funcional;4;A crianca tenta suprimir os tiques com esforco;;
j26-204;Protocolo Dr. Jadson — Tiques Monitorização (J26-204);36–216 meses;Impacto funcional;5;Os tiques causam dor ou desconforto fisico;;
j26-204;Protocolo Dr. Jadson — Tiques Monitorização (J26-204);36–216 meses;Impacto funcional;6;Os tiques provocam conflito em casa ou na escola;;
j26-204;Protocolo Dr. Jadson — Tiques Monitorização (J26-204);36–216 meses;Impacto funcional;7;Ha impacto na autoestima por causa dos tiques;;
j26-204;Protocolo Dr. Jadson — Tiques Monitorização (J26-204);36–216 meses;Impacto funcional;8;Os tiques estao piores do que no retorno anterior;;
j26-205;Protocolo Dr. Jadson — Cognição Social TEA (J26-205);48–168 meses;Cognição social;1;Reconhece emoções básicas em faces;;
j26-205;Protocolo Dr. Jadson — Cognição Social TEA (J26-205);48–168 meses;Cognição social;2;Reconhece emoções complexas;;
j26-205;Protocolo Dr. Jadson — Cognição Social TEA (J26-205);48–168 meses;Cognição social;3;Entende a intenção dos outros;;
j26-205;Protocolo Dr. Jadson — Cognição Social TEA (J26-205);48–168 meses;Cognição social;4;Lê a linguagem corporal;;
j26-205;Protocolo Dr. Jadson — Cognição Social TEA (J26-205);48–168 meses;Cognição social;5;Tem empatia cognitiva (entende o que o outro sente);;
j26-205;Protocolo Dr. Jadson — Cognição Social TEA (J26-205);48–168 meses;Cognição social;6;Entende perspectivas diferentes da sua;;
j26-205;Protocolo Dr. Jadson — Cognição Social TEA (J26-205);48–168 meses;Cognição social;7;Percebe quando alguém está brincando ou sendo irônico;;
j26-205;Protocolo Dr. Jadson — Cognição Social TEA (J26-205);48–168 meses;Cognição social;8;Ajusta o comportamento ao contexto social;;
j26-205;Protocolo Dr. Jadson — Cognição Social TEA (J26-205);48–168 meses;Cognição social;9;Reconhece expressões pela voz e pelo tom;;
j26-205;Protocolo Dr. Jadson — Cognição Social TEA (J26-205);48–168 meses;Cognição social;10;Antecipa as reações dos outros;;
j26-205;Protocolo Dr. Jadson — Cognição Social TEA (J26-205);48–168 meses;Cognição social;11;Entende regras sociais implícitas;;
j26-205;Protocolo Dr. Jadson — Cognição Social TEA (J26-205);48–168 meses;Cognição social;12;Aplica a cognição social no dia a dia;;
j26-206;Protocolo Dr. Jadson — Irmão Criança com NEE (J26-206);48–216 meses;Emocional e social;1;Demonstra ciume ou ressentimento pelo irmao com NEE;;
j26-206;Protocolo Dr. Jadson — Irmão Criança com NEE (J26-206);48–216 meses;Emocional e social;2;Fica triste ou chora por se sentir negligenciado;;
j26-206;Protocolo Dr. Jadson — Irmão Criança com NEE (J26-206);48–216 meses;Emocional e social;3;Tem dificuldade de trazer amigos em casa por vergonha;;
j26-206;Protocolo Dr. Jadson — Irmão Criança com NEE (J26-206);48–216 meses;Emocional e social;4;Demonstra ansiedade ou preocupacao excessiva com o irmao;;
j26-206;Protocolo Dr. Jadson — Irmão Criança com NEE (J26-206);48–216 meses;Emocional e social;5;Tem dificuldade de falar sobre a condicao do irmao;;
j26-206;Protocolo Dr. Jadson — Irmão Criança com NEE (J26-206);48–216 meses;Emocional e social;6;Sente que precisa ser bom demais para nao dar trabalho;;
j26-206;Protocolo Dr. Jadson — Irmão Criança com NEE (J26-206);48–216 meses;Comportamento e escola;1;Apresenta quedas no desempenho escolar;;
j26-206;Protocolo Dr. Jadson — Irmão Criança com NEE (J26-206);48–216 meses;Comportamento e escola;2;Tem comportamento mais agitado ou agressivo em casa;;
j26-206;Protocolo Dr. Jadson — Irmão Criança com NEE (J26-206);48–216 meses;Comportamento e escola;3;Se isola ou fica retraido;;
j26-206;Protocolo Dr. Jadson — Irmão Criança com NEE (J26-206);48–216 meses;Comportamento e escola;4;Mostra comportamentos regressivos (choro excessivo, xixi na cama);;
j26-206;Protocolo Dr. Jadson — Irmão Criança com NEE (J26-206);48–216 meses;Comportamento e escola;5;Tem dificuldade de dormir ou de manter rotinas;;
j26-206;Protocolo Dr. Jadson — Irmão Criança com NEE (J26-206);48–216 meses;Comportamento e escola;6;Quer mais atencao dos pais de forma exagerada;;
j26-206;Protocolo Dr. Jadson — Irmão Criança com NEE (J26-206);48–216 meses;Comportamento e escola;7;Questiona por que o irmao e diferente;;
j26-206;Protocolo Dr. Jadson — Irmão Criança com NEE (J26-206);48–216 meses;Comportamento e escola;8;No geral, parece impactado pela situacao do irmao;;
j26-207;Protocolo Dr. Jadson — Privação Social e Negligência (J26-207);0–72 meses;Estimulacao e vinculo;1;O cuidador principal raramente conversa ou brinca com a crianca;;
j26-207;Protocolo Dr. Jadson — Privação Social e Negligência (J26-207);0–72 meses;Estimulacao e vinculo;2;Nao ha brinquedos ou livros em casa;;
j26-207;Protocolo Dr. Jadson — Privação Social e Negligência (J26-207);0–72 meses;Estimulacao e vinculo;3;A crianca fica sozinha ou na frente da TV por longos periodos;;
j26-207;Protocolo Dr. Jadson — Privação Social e Negligência (J26-207);0–72 meses;Estimulacao e vinculo;4;Nao ha rotinas de horario de dormir, comer ou brincar;;
j26-207;Protocolo Dr. Jadson — Privação Social e Negligência (J26-207);0–72 meses;Estimulacao e vinculo;5;O cuidador demonstra pouca responsividade aos sinais da crianca;;
j26-207;Protocolo Dr. Jadson — Privação Social e Negligência (J26-207);0–72 meses;Estimulacao e vinculo;6;Ha sinais de depressao ou disturbio mental grave no cuidador;;
j26-207;Protocolo Dr. Jadson — Privação Social e Negligência (J26-207);0–72 meses;Estimulacao e vinculo;7;A crianca tem pouco contato com outras criancas ou adultos externos;;
j26-207;Protocolo Dr. Jadson — Privação Social e Negligência (J26-207);0–72 meses;Seguranca e necessidades basicas;1;A crianca aparece com fome, suja ou mal vestida nas consultas;;
j26-207;Protocolo Dr. Jadson — Privação Social e Negligência (J26-207);0–72 meses;Seguranca e necessidades basicas;2;Ha relato ou suspeita de uso de alcool/drogas pelo cuidador;;
j26-207;Protocolo Dr. Jadson — Privação Social e Negligência (J26-207);0–72 meses;Seguranca e necessidades basicas;3;Ha violencia domestica no ambiente da crianca;;
j26-207;Protocolo Dr. Jadson — Privação Social e Negligência (J26-207);0–72 meses;Seguranca e necessidades basicas;4;A crianca apresenta lesoes inexplicadas ou frequentes;;
j26-207;Protocolo Dr. Jadson — Privação Social e Negligência (J26-207);0–72 meses;Seguranca e necessidades basicas;5;Os consultas e vacinacoes estao muito atrasadas sem justificativa;;
j26-207;Protocolo Dr. Jadson — Privação Social e Negligência (J26-207);0–72 meses;Seguranca e necessidades basicas;6;Ha mudancas frequentes de casa ou cuidador;;
j26-207;Protocolo Dr. Jadson — Privação Social e Negligência (J26-207);0–72 meses;Seguranca e necessidades basicas;7;O cuidador demonstra desinteresse ou hostilidade pela crianca;;
j26-208;Protocolo Dr. Jadson — Habilidades de Vida Independente (J26-208);144–216 meses;Habilidades de vida independente;1;Usa transporte público;;
j26-208;Protocolo Dr. Jadson — Habilidades de Vida Independente (J26-208);144–216 meses;Habilidades de vida independente;2;Faz uma compra simples e confere o troco;;
j26-208;Protocolo Dr. Jadson — Habilidades de Vida Independente (J26-208);144–216 meses;Habilidades de vida independente;3;Prepara um lanche ou refeição simples;;
j26-208;Protocolo Dr. Jadson — Habilidades de Vida Independente (J26-208);144–216 meses;Habilidades de vida independente;4;Usa o celular com segurança;;
j26-208;Protocolo Dr. Jadson — Habilidades de Vida Independente (J26-208);144–216 meses;Habilidades de vida independente;5;Administra dinheiro básico;;
j26-208;Protocolo Dr. Jadson — Habilidades de Vida Independente (J26-208);144–216 meses;Habilidades de vida independente;6;Cuida da própria higiene e aparência;;
j26-208;Protocolo Dr. Jadson — Habilidades de Vida Independente (J26-208);144–216 meses;Habilidades de vida independente;7;Faz tarefas domésticas;;
j26-208;Protocolo Dr. Jadson — Habilidades de Vida Independente (J26-208);144–216 meses;Habilidades de vida independente;8;Toma os próprios medicamentos com supervisão;;
j26-208;Protocolo Dr. Jadson — Habilidades de Vida Independente (J26-208);144–216 meses;Habilidades de vida independente;9;Conhece regras de segurança (rua, estranhos);;
j26-208;Protocolo Dr. Jadson — Habilidades de Vida Independente (J26-208);144–216 meses;Habilidades de vida independente;10;Pede ajuda quando necessário;;
j26-208;Protocolo Dr. Jadson — Habilidades de Vida Independente (J26-208);144–216 meses;Habilidades de vida independente;11;Organiza a própria rotina;;
j26-208;Protocolo Dr. Jadson — Habilidades de Vida Independente (J26-208);144–216 meses;Habilidades de vida independente;12;Tem habilidades para uma ocupação ou trabalho apoiado;;
j26-209;Protocolo Dr. Jadson — Saúde Sexual Adolescente NEE (J26-209);144–216 meses;Educação e proteção sexual;1;Conhece as partes do corpo e a privacidade corporal;;
j26-209;Protocolo Dr. Jadson — Saúde Sexual Adolescente NEE (J26-209);144–216 meses;Educação e proteção sexual;2;Diferencia toque adequado de inadequado;;
j26-209;Protocolo Dr. Jadson — Saúde Sexual Adolescente NEE (J26-209);144–216 meses;Educação e proteção sexual;3;Sabe dizer “não” a toques indesejados;;
j26-209;Protocolo Dr. Jadson — Saúde Sexual Adolescente NEE (J26-209);144–216 meses;Educação e proteção sexual;4;Sabe a quem recorrer se algo errado acontecer;;
j26-209;Protocolo Dr. Jadson — Saúde Sexual Adolescente NEE (J26-209);144–216 meses;Educação e proteção sexual;5;Entende noções de puberdade e mudanças do corpo;;
j26-209;Protocolo Dr. Jadson — Saúde Sexual Adolescente NEE (J26-209);144–216 meses;Educação e proteção sexual;6;Tem noções de relacionamentos saudáveis;;
j26-209;Protocolo Dr. Jadson — Saúde Sexual Adolescente NEE (J26-209);144–216 meses;Educação e proteção sexual;7;Entende limites e consentimento (no nível possível);;
j26-209;Protocolo Dr. Jadson — Saúde Sexual Adolescente NEE (J26-209);144–216 meses;Educação e proteção sexual;8;Tem a sua privacidade respeitada e compreende a dos outros;;
j26-209;Protocolo Dr. Jadson — Saúde Sexual Adolescente NEE (J26-209);144–216 meses;Educação e proteção sexual;9;Conhece riscos básicos (abuso, exposição online);;
j26-209;Protocolo Dr. Jadson — Saúde Sexual Adolescente NEE (J26-209);144–216 meses;Educação e proteção sexual;10;Recebe educação sexual adaptada;;
j26-209;Protocolo Dr. Jadson — Saúde Sexual Adolescente NEE (J26-209);144–216 meses;Educação e proteção sexual;11;Comunica desconfortos relacionados ao corpo;;
j26-209;Protocolo Dr. Jadson — Saúde Sexual Adolescente NEE (J26-209);144–216 meses;Educação e proteção sexual;12;Tem proteção e orientação adequadas;;
j26-210;Protocolo Dr. Jadson — Avaliação Pós-Terapia Trimestral (J26-210);0–216 meses;Evolução pós-terapia;1;Houve evolução na área principal tratada;;
j26-210;Protocolo Dr. Jadson — Avaliação Pós-Terapia Trimestral (J26-210);0–216 meses;Evolução pós-terapia;2;Houve evolução na comunicação;;
j26-210;Protocolo Dr. Jadson — Avaliação Pós-Terapia Trimestral (J26-210);0–216 meses;Evolução pós-terapia;3;Houve evolução no comportamento;;
j26-210;Protocolo Dr. Jadson — Avaliação Pós-Terapia Trimestral (J26-210);0–216 meses;Evolução pós-terapia;4;Houve evolução na autonomia;;
j26-210;Protocolo Dr. Jadson — Avaliação Pós-Terapia Trimestral (J26-210);0–216 meses;Evolução pós-terapia;5;Houve evolução social;;
j26-210;Protocolo Dr. Jadson — Avaliação Pós-Terapia Trimestral (J26-210);0–216 meses;Evolução pós-terapia;6;As metas do trimestre foram alcançadas;;
j26-210;Protocolo Dr. Jadson — Avaliação Pós-Terapia Trimestral (J26-210);0–216 meses;Evolução pós-terapia;7;A família percebe melhora no dia a dia;;
j26-210;Protocolo Dr. Jadson — Avaliação Pós-Terapia Trimestral (J26-210);0–216 meses;Evolução pós-terapia;8;A escola percebe melhora;;
j26-210;Protocolo Dr. Jadson — Avaliação Pós-Terapia Trimestral (J26-210);0–216 meses;Evolução pós-terapia;9;A criança está mais regulada;;
j26-210;Protocolo Dr. Jadson — Avaliação Pós-Terapia Trimestral (J26-210);0–216 meses;Evolução pós-terapia;10;As terapias estão sendo efetivas;;
j26-210;Protocolo Dr. Jadson — Avaliação Pós-Terapia Trimestral (J26-210);0–216 meses;Evolução pós-terapia;11;O plano atual continua adequado;;
j26-210;Protocolo Dr. Jadson — Avaliação Pós-Terapia Trimestral (J26-210);0–216 meses;Evolução pós-terapia;12;No geral, a evolução é positiva;;
j26-211;Protocolo Dr. Jadson — Evolução de Comunicação Social TEA (J26-211);18–216 meses;Comunicação social;1;Faz contato visual na interação;;
j26-211;Protocolo Dr. Jadson — Evolução de Comunicação Social TEA (J26-211);18–216 meses;Comunicação social;2;Responde ao nome;;
j26-211;Protocolo Dr. Jadson — Evolução de Comunicação Social TEA (J26-211);18–216 meses;Comunicação social;3;Inicia comunicação espontaneamente;;
j26-211;Protocolo Dr. Jadson — Evolução de Comunicação Social TEA (J26-211);18–216 meses;Comunicação social;4;Usa gestos sociais;;
j26-211;Protocolo Dr. Jadson — Evolução de Comunicação Social TEA (J26-211);18–216 meses;Comunicação social;5;Tem atenção compartilhada;;
j26-211;Protocolo Dr. Jadson — Evolução de Comunicação Social TEA (J26-211);18–216 meses;Comunicação social;6;Mantém a troca social;;
j26-211;Protocolo Dr. Jadson — Evolução de Comunicação Social TEA (J26-211);18–216 meses;Comunicação social;7;Responde a perguntas;;
j26-211;Protocolo Dr. Jadson — Evolução de Comunicação Social TEA (J26-211);18–216 meses;Comunicação social;8;Demonstra interesse por outras crianças;;
j26-212;Protocolo Dr. Jadson — Comportamentos Restritivos TEA Baseline vs Atual (J26-212);18–216 meses;Estereotipias e automovimentos;1;Faz movimentos repetitivos das maos (flapping, rodar);;
j26-212;Protocolo Dr. Jadson — Comportamentos Restritivos TEA Baseline vs Atual (J26-212);18–216 meses;Estereotipias e automovimentos;2;Balanca o corpo de forma repetitiva;;
j26-212;Protocolo Dr. Jadson — Comportamentos Restritivos TEA Baseline vs Atual (J26-212);18–216 meses;Estereotipias e automovimentos;3;Faz sons ou vocalizacoes repetitivas sem finalidade comunicativa;;
j26-212;Protocolo Dr. Jadson — Comportamentos Restritivos TEA Baseline vs Atual (J26-212);18–216 meses;Estereotipias e automovimentos;4;Enfileira ou organiza objetos de forma rigida;;
j26-212;Protocolo Dr. Jadson — Comportamentos Restritivos TEA Baseline vs Atual (J26-212);18–216 meses;Estereotipias e automovimentos;5;Gira ou manipula objetos de forma estereotipada;;
j26-212;Protocolo Dr. Jadson — Comportamentos Restritivos TEA Baseline vs Atual (J26-212);18–216 meses;Estereotipias e automovimentos;6;Olha para luz ou objetos que giram de forma intensa;;
j26-212;Protocolo Dr. Jadson — Comportamentos Restritivos TEA Baseline vs Atual (J26-212);18–216 meses;Insistencia e interesses restritos;1;Fica muito perturbado quando a rotina muda;;
j26-212;Protocolo Dr. Jadson — Comportamentos Restritivos TEA Baseline vs Atual (J26-212);18–216 meses;Insistencia e interesses restritos;2;Insiste em percursos, sequencias ou rituais fixos;;
j26-212;Protocolo Dr. Jadson — Comportamentos Restritivos TEA Baseline vs Atual (J26-212);18–216 meses;Insistencia e interesses restritos;3;Tem interesse muito restrito e absorcao intensa em 1 tema;;
j26-212;Protocolo Dr. Jadson — Comportamentos Restritivos TEA Baseline vs Atual (J26-212);18–216 meses;Insistencia e interesses restritos;4;Recusa fortemente novos alimentos, roupas ou ambientes;;
j26-212;Protocolo Dr. Jadson — Comportamentos Restritivos TEA Baseline vs Atual (J26-212);18–216 meses;Insistencia e interesses restritos;5;Fica agitado ou em crise quando nao pode fazer do jeito dele;;
j26-212;Protocolo Dr. Jadson — Comportamentos Restritivos TEA Baseline vs Atual (J26-212);18–216 meses;Insistencia e interesses restritos;6;As estereotipias ou CRR estao piores que no retorno anterior;;
j26-212;Protocolo Dr. Jadson — Comportamentos Restritivos TEA Baseline vs Atual (J26-212);18–216 meses;Insistencia e interesses restritos;7;Os CRR interferem nas atividades e na inclusao social;;
j26-212;Protocolo Dr. Jadson — Comportamentos Restritivos TEA Baseline vs Atual (J26-212);18–216 meses;Insistencia e interesses restritos;8;Houve melhora geral nos CRR desde o inicio do tratamento;;
j26-213;Protocolo Dr. Jadson — Habilidades Adaptativas TEA Trimestral (J26-213);24–216 meses;AVDs e autonomia;1;Cuida da própria higiene;;
j26-213;Protocolo Dr. Jadson — Habilidades Adaptativas TEA Trimestral (J26-213);24–216 meses;AVDs e autonomia;2;Alimenta-se com autonomia;;
j26-213;Protocolo Dr. Jadson — Habilidades Adaptativas TEA Trimestral (J26-213);24–216 meses;AVDs e autonomia;3;Veste-se com autonomia;;
j26-213;Protocolo Dr. Jadson — Habilidades Adaptativas TEA Trimestral (J26-213);24–216 meses;AVDs e autonomia;4;Organiza seus pertences;;
j26-213;Protocolo Dr. Jadson — Habilidades Adaptativas TEA Trimestral (J26-213);24–216 meses;AVDs e autonomia;5;Segue a rotina com autonomia;;
j26-213;Protocolo Dr. Jadson — Habilidades Adaptativas TEA Trimestral (J26-213);24–216 meses;AVDs e autonomia;6;Comunica necessidades;;
j26-213;Protocolo Dr. Jadson — Habilidades Adaptativas TEA Trimestral (J26-213);24–216 meses;AVDs e autonomia;7;Ajuda em tarefas domésticas;;
j26-213;Protocolo Dr. Jadson — Habilidades Adaptativas TEA Trimestral (J26-213);24–216 meses;AVDs e autonomia;8;Tem noções de segurança;;
j26-214;Protocolo Dr. Jadson — Integração Sensorial TEA Pós-TO (J26-214);18–144 meses;Hipersensibilidade;1;Reage de forma intensa a toques leves (etiquetas, textura de roupa);;
j26-214;Protocolo Dr. Jadson — Integração Sensorial TEA Pós-TO (J26-214);18–144 meses;Hipersensibilidade;2;Tapa os ouvidos ou foge de sons do cotidiano;;
j26-214;Protocolo Dr. Jadson — Integração Sensorial TEA Pós-TO (J26-214);18–144 meses;Hipersensibilidade;3;Evita luz forte ou fica perturbado com brilho;;
j26-214;Protocolo Dr. Jadson — Integração Sensorial TEA Pós-TO (J26-214);18–144 meses;Hipersensibilidade;4;Reage exageradamente a cheiros comuns;;
j26-214;Protocolo Dr. Jadson — Integração Sensorial TEA Pós-TO (J26-214);18–144 meses;Hipersensibilidade;5;Recusa texturas de alimentos de forma intensa;;
j26-214;Protocolo Dr. Jadson — Integração Sensorial TEA Pós-TO (J26-214);18–144 meses;Hipersensibilidade;6;Reage com choro ou fuga a ambientes movimentados;;
j26-214;Protocolo Dr. Jadson — Integração Sensorial TEA Pós-TO (J26-214);18–144 meses;Hipossensibilidade e busca sensorial;1;Busca estimulacao intensa: gira, pula, se joga;;
j26-214;Protocolo Dr. Jadson — Integração Sensorial TEA Pós-TO (J26-214);18–144 meses;Hipossensibilidade e busca sensorial;2;Nao percebe dor ou temperatura de forma adequada;;
j26-214;Protocolo Dr. Jadson — Integração Sensorial TEA Pós-TO (J26-214);18–144 meses;Hipossensibilidade e busca sensorial;3;Coloca objetos na boca ou lambe superficies;;
j26-214;Protocolo Dr. Jadson — Integração Sensorial TEA Pós-TO (J26-214);18–144 meses;Hipossensibilidade e busca sensorial;4;Precisa de estimulacao vestibular intensa para se regular;;
j26-214;Protocolo Dr. Jadson — Integração Sensorial TEA Pós-TO (J26-214);18–144 meses;Hipossensibilidade e busca sensorial;5;Tem baixo limiar de perceber onde esta o proprio corpo;;
j26-214;Protocolo Dr. Jadson — Integração Sensorial TEA Pós-TO (J26-214);18–144 meses;Hipossensibilidade e busca sensorial;6;A integracao sensorial esta melhor que no inicio da TO;;
j26-214;Protocolo Dr. Jadson — Integração Sensorial TEA Pós-TO (J26-214);18–144 meses;Hipossensibilidade e busca sensorial;7;As reacoes sensoriais ainda interferem na rotina e na escola;;
j26-214;Protocolo Dr. Jadson — Integração Sensorial TEA Pós-TO (J26-214);18–144 meses;Hipossensibilidade e busca sensorial;8;A TO esta sendo efetiva na reducao das disfuncoes sensoriais;;
j26-215;Protocolo Dr. Jadson — Crises de Desregulação TEA Antes vs Depois (J26-215);18–216 meses;Frequencia e gatilhos;1;Tem crise 3 ou mais vezes por semana;;
j26-215;Protocolo Dr. Jadson — Crises de Desregulação TEA Antes vs Depois (J26-215);18–216 meses;Frequencia e gatilhos;2;As crises sao desencadeadas por mudancas de rotina;;
j26-215;Protocolo Dr. Jadson — Crises de Desregulação TEA Antes vs Depois (J26-215);18–216 meses;Frequencia e gatilhos;3;As crises sao desencadeadas por negativa ou frustacao;;
j26-215;Protocolo Dr. Jadson — Crises de Desregulação TEA Antes vs Depois (J26-215);18–216 meses;Frequencia e gatilhos;4;As crises sao desencadeadas por estimulos sensoriais;;
j26-215;Protocolo Dr. Jadson — Crises de Desregulação TEA Antes vs Depois (J26-215);18–216 meses;Frequencia e gatilhos;5;As crises acontecem principalmente na escola ou em ambientes novos;;
j26-215;Protocolo Dr. Jadson — Crises de Desregulação TEA Antes vs Depois (J26-215);18–216 meses;Frequencia e gatilhos;6;As crises estao mais frequentes do que no mes anterior;;
j26-215;Protocolo Dr. Jadson — Crises de Desregulação TEA Antes vs Depois (J26-215);18–216 meses;Intensidade e recuperacao;1;As crises duram mais de 30 minutos;;
j26-215;Protocolo Dr. Jadson — Crises de Desregulação TEA Antes vs Depois (J26-215);18–216 meses;Intensidade e recuperacao;2;Ha agressividade a si proprio ou a outros durante a crise;;
j26-215;Protocolo Dr. Jadson — Crises de Desregulação TEA Antes vs Depois (J26-215);18–216 meses;Intensidade e recuperacao;3;A crianca tem dificuldade de se recuperar sozinha;;
j26-215;Protocolo Dr. Jadson — Crises de Desregulação TEA Antes vs Depois (J26-215);18–216 meses;Intensidade e recuperacao;4;A crise afeta a rotina inteira do dia em que acontece;;
j26-215;Protocolo Dr. Jadson — Crises de Desregulação TEA Antes vs Depois (J26-215);18–216 meses;Intensidade e recuperacao;5;A familia nao consegue manejar as crises em casa;;
j26-215;Protocolo Dr. Jadson — Crises de Desregulação TEA Antes vs Depois (J26-215);18–216 meses;Intensidade e recuperacao;6;As crises estao mais intensas do que antes do tratamento;;
j26-215;Protocolo Dr. Jadson — Crises de Desregulação TEA Antes vs Depois (J26-215);18–216 meses;Intensidade e recuperacao;7;A crianca reconhece e comunica quando esta prestes a entrar em crise;;
j26-215;Protocolo Dr. Jadson — Crises de Desregulação TEA Antes vs Depois (J26-215);18–216 meses;Intensidade e recuperacao;8;As crises diminuiram em frequencia e intensidade desde o inicio do tratamento;;
j26-216;Protocolo Dr. Jadson — Contato Visual e Atenção Conjunta TEA (J26-216);18–96 meses;Atenção conjunta;1;Faz contato visual espontâneo;;
j26-216;Protocolo Dr. Jadson — Contato Visual e Atenção Conjunta TEA (J26-216);18–96 meses;Atenção conjunta;2;Sustenta o olhar na interação;;
j26-216;Protocolo Dr. Jadson — Contato Visual e Atenção Conjunta TEA (J26-216);18–96 meses;Atenção conjunta;3;Segue o apontar do adulto;;
j26-216;Protocolo Dr. Jadson — Contato Visual e Atenção Conjunta TEA (J26-216);18–96 meses;Atenção conjunta;4;Aponta para mostrar;;
j26-216;Protocolo Dr. Jadson — Contato Visual e Atenção Conjunta TEA (J26-216);18–96 meses;Atenção conjunta;5;Alterna o olhar objeto-pessoa;;
j26-216;Protocolo Dr. Jadson — Contato Visual e Atenção Conjunta TEA (J26-216);18–96 meses;Atenção conjunta;6;Faz referência social;;
j26-216;Protocolo Dr. Jadson — Contato Visual e Atenção Conjunta TEA (J26-216);18–96 meses;Atenção conjunta;7;Compartilha interesse;;
j26-216;Protocolo Dr. Jadson — Contato Visual e Atenção Conjunta TEA (J26-216);18–96 meses;Atenção conjunta;8;Responde ao nome olhando;;
j26-217;Protocolo Dr. Jadson — Brincadeira Funcional e Simbólica TEA (J26-217);18–96 meses;Brincar funcional e simbólico;1;Explora os brinquedos de forma variada;;
j26-217;Protocolo Dr. Jadson — Brincadeira Funcional e Simbólica TEA (J26-217);18–96 meses;Brincar funcional e simbólico;2;Usa os objetos pela função;;
j26-217;Protocolo Dr. Jadson — Brincadeira Funcional e Simbólica TEA (J26-217);18–96 meses;Brincar funcional e simbólico;3;Faz de conta simples;;
j26-217;Protocolo Dr. Jadson — Brincadeira Funcional e Simbólica TEA (J26-217);18–96 meses;Brincar funcional e simbólico;4;Cria cenários no faz de conta;;
j26-217;Protocolo Dr. Jadson — Brincadeira Funcional e Simbólica TEA (J26-217);18–96 meses;Brincar funcional e simbólico;5;Substitui um objeto por outro;;
j26-217;Protocolo Dr. Jadson — Brincadeira Funcional e Simbólica TEA (J26-217);18–96 meses;Brincar funcional e simbólico;6;Brinca em sequência;;
j26-217;Protocolo Dr. Jadson — Brincadeira Funcional e Simbólica TEA (J26-217);18–96 meses;Brincar funcional e simbólico;7;Aceita o adulto na brincadeira;;
j26-217;Protocolo Dr. Jadson — Brincadeira Funcional e Simbólica TEA (J26-217);18–96 meses;Brincar funcional e simbólico;8;Brinca de forma cooperativa;;
j26-218;Protocolo Dr. Jadson — Impressão Global dos Pais TEA (J26-218);18–216 meses;Melhora percebida;1;Melhorou a comunicação;;
j26-218;Protocolo Dr. Jadson — Impressão Global dos Pais TEA (J26-218);18–216 meses;Melhora percebida;2;Melhorou o social;;
j26-218;Protocolo Dr. Jadson — Impressão Global dos Pais TEA (J26-218);18–216 meses;Melhora percebida;3;Melhorou o comportamento;;
j26-218;Protocolo Dr. Jadson — Impressão Global dos Pais TEA (J26-218);18–216 meses;Melhora percebida;4;Melhorou a autonomia;;
j26-218;Protocolo Dr. Jadson — Impressão Global dos Pais TEA (J26-218);18–216 meses;Melhora percebida;5;Tem menos crises;;
j26-218;Protocolo Dr. Jadson — Impressão Global dos Pais TEA (J26-218);18–216 meses;Melhora percebida;6;Melhorou o sono;;
j26-218;Protocolo Dr. Jadson — Impressão Global dos Pais TEA (J26-218);18–216 meses;Melhora percebida;7;Melhorou a alimentação;;
j26-218;Protocolo Dr. Jadson — Impressão Global dos Pais TEA (J26-218);18–216 meses;Melhora percebida;8;Houve melhora geral percebida;;
j26-219;Protocolo Dr. Jadson — SNAP-IV Monitorização TDAH (J26-219);60–216 meses;Desatencao;1;Nao presta atencao em detalhes ou comete erros por descuido;;
j26-219;Protocolo Dr. Jadson — SNAP-IV Monitorização TDAH (J26-219);60–216 meses;Desatencao;2;Tem dificuldade de manter atencao em tarefas longas;;
j26-219;Protocolo Dr. Jadson — SNAP-IV Monitorização TDAH (J26-219);60–216 meses;Desatencao;3;Parece nao ouvir quando falam diretamente com ela;;
j26-219;Protocolo Dr. Jadson — SNAP-IV Monitorização TDAH (J26-219);60–216 meses;Desatencao;4;Nao termina tarefas que comecou;;
j26-219;Protocolo Dr. Jadson — SNAP-IV Monitorização TDAH (J26-219);60–216 meses;Desatencao;5;Tem dificuldade de organizar tarefas e materiais;;
j26-219;Protocolo Dr. Jadson — SNAP-IV Monitorização TDAH (J26-219);60–216 meses;Desatencao;6;Evita tarefas que exigem esforco mental continuo;;
j26-219;Protocolo Dr. Jadson — SNAP-IV Monitorização TDAH (J26-219);60–216 meses;Hiperatividade;1;Mexe as maos ou os pes ou se remexe na cadeira;;
j26-219;Protocolo Dr. Jadson — SNAP-IV Monitorização TDAH (J26-219);60–216 meses;Hiperatividade;2;Levanta da cadeira quando deveria ficar sentado;;
j26-219;Protocolo Dr. Jadson — SNAP-IV Monitorização TDAH (J26-219);60–216 meses;Hiperatividade;3;Corre ou sobe em coisas em momentos inapropriados;;
j26-219;Protocolo Dr. Jadson — SNAP-IV Monitorização TDAH (J26-219);60–216 meses;Hiperatividade;4;Tem dificuldade de brincar ou fazer atividades em silencio;;
j26-219;Protocolo Dr. Jadson — SNAP-IV Monitorização TDAH (J26-219);60–216 meses;Hiperatividade;5;Fala demais;;
j26-219;Protocolo Dr. Jadson — SNAP-IV Monitorização TDAH (J26-219);60–216 meses;Hiperatividade;6;Age como se estivesse com um motor ligado;;
j26-219;Protocolo Dr. Jadson — SNAP-IV Monitorização TDAH (J26-219);60–216 meses;Impulsividade;1;Responde antes de terminar a pergunta;;
j26-219;Protocolo Dr. Jadson — SNAP-IV Monitorização TDAH (J26-219);60–216 meses;Impulsividade;2;Tem dificuldade de esperar a vez;;
j26-219;Protocolo Dr. Jadson — SNAP-IV Monitorização TDAH (J26-219);60–216 meses;Impulsividade;3;Interrompe ou se intromete nas conversas ou brincadeiras;;
j26-219;Protocolo Dr. Jadson — SNAP-IV Monitorização TDAH (J26-219);60–216 meses;Impulsividade;4;Age sem pensar nas consequencias;;
j26-219;Protocolo Dr. Jadson — SNAP-IV Monitorização TDAH (J26-219);60–216 meses;Impulsividade;5;Tem explosoes de raiva ou impaciencia;;
j26-219;Protocolo Dr. Jadson — SNAP-IV Monitorização TDAH (J26-219);60–216 meses;Impulsividade;6;Os sintomas estao piores do que no retorno anterior;;
j26-220;Protocolo Dr. Jadson — Funções Executivas TDAH Cotidiano (J26-220);72–216 meses;Funções executivas;1;Inicia as tarefas;;
j26-220;Protocolo Dr. Jadson — Funções Executivas TDAH Cotidiano (J26-220);72–216 meses;Funções executivas;2;Organiza materiais e tarefas;;
j26-220;Protocolo Dr. Jadson — Funções Executivas TDAH Cotidiano (J26-220);72–216 meses;Funções executivas;3;Planeja os passos;;
j26-220;Protocolo Dr. Jadson — Funções Executivas TDAH Cotidiano (J26-220);72–216 meses;Funções executivas;4;Usa a memória de trabalho;;
j26-220;Protocolo Dr. Jadson — Funções Executivas TDAH Cotidiano (J26-220);72–216 meses;Funções executivas;5;Tem flexibilidade;;
j26-220;Protocolo Dr. Jadson — Funções Executivas TDAH Cotidiano (J26-220);72–216 meses;Funções executivas;6;Tem controle inibitório;;
j26-220;Protocolo Dr. Jadson — Funções Executivas TDAH Cotidiano (J26-220);72–216 meses;Funções executivas;7;Termina o que começa;;
j26-220;Protocolo Dr. Jadson — Funções Executivas TDAH Cotidiano (J26-220);72–216 meses;Funções executivas;8;Administra o tempo;;
j26-221;Protocolo Dr. Jadson — Desempenho Escolar TDAH Trimestral (J26-221);72–216 meses;Desempenho escolar;1;Acompanha o conteúdo;;
j26-221;Protocolo Dr. Jadson — Desempenho Escolar TDAH Trimestral (J26-221);72–216 meses;Desempenho escolar;2;Faz as tarefas;;
j26-221;Protocolo Dr. Jadson — Desempenho Escolar TDAH Trimestral (J26-221);72–216 meses;Desempenho escolar;3;Participa das aulas;;
j26-221;Protocolo Dr. Jadson — Desempenho Escolar TDAH Trimestral (J26-221);72–216 meses;Desempenho escolar;4;Tem notas adequadas;;
j26-221;Protocolo Dr. Jadson — Desempenho Escolar TDAH Trimestral (J26-221);72–216 meses;Desempenho escolar;5;Mantém o foco em sala;;
j26-221;Protocolo Dr. Jadson — Desempenho Escolar TDAH Trimestral (J26-221);72–216 meses;Desempenho escolar;6;Organiza o material;;
j26-221;Protocolo Dr. Jadson — Desempenho Escolar TDAH Trimestral (J26-221);72–216 meses;Desempenho escolar;7;Entrega no prazo;;
j26-221;Protocolo Dr. Jadson — Desempenho Escolar TDAH Trimestral (J26-221);72–216 meses;Desempenho escolar;8;Tem bom comportamento em sala;;
j26-222;Protocolo Dr. Jadson — Efeitos do Metilfenidato/Lisdexanfetamina (J26-222);60–216 meses;Apetite e crescimento;1;Reducao do apetite durante o dia;;
j26-222;Protocolo Dr. Jadson — Efeitos do Metilfenidato/Lisdexanfetamina (J26-222);60–216 meses;Apetite e crescimento;2;Perda ou nao ganho de peso adequado;;
j26-222;Protocolo Dr. Jadson — Efeitos do Metilfenidato/Lisdexanfetamina (J26-222);60–216 meses;Apetite e crescimento;3;Crescimento abaixo do esperado para a faixa etaria;;
j26-222;Protocolo Dr. Jadson — Efeitos do Metilfenidato/Lisdexanfetamina (J26-222);60–216 meses;Apetite e crescimento;4;Queixa de dor abdominal ou nausea;;
j26-222;Protocolo Dr. Jadson — Efeitos do Metilfenidato/Lisdexanfetamina (J26-222);60–216 meses;Sono;1;Dificuldade de adormecer no horario habitual;;
j26-222;Protocolo Dr. Jadson — Efeitos do Metilfenidato/Lisdexanfetamina (J26-222);60–216 meses;Sono;2;Sono mais superficial ou com mais despertes;;
j26-222;Protocolo Dr. Jadson — Efeitos do Metilfenidato/Lisdexanfetamina (J26-222);60–216 meses;Sono;3;Irritabilidade matinal ao acordar;;
j26-222;Protocolo Dr. Jadson — Efeitos do Metilfenidato/Lisdexanfetamina (J26-222);60–216 meses;Sono;4;Sonolencia diurna excessiva (paradoxal);;
j26-222;Protocolo Dr. Jadson — Efeitos do Metilfenidato/Lisdexanfetamina (J26-222);60–216 meses;Humor e comportamento;1;Irritabilidade ou choro no fim do efeito (rebound);;
j26-222;Protocolo Dr. Jadson — Efeitos do Metilfenidato/Lisdexanfetamina (J26-222);60–216 meses;Humor e comportamento;2;Ansiedade ou agitacao durante o efeito;;
j26-222;Protocolo Dr. Jadson — Efeitos do Metilfenidato/Lisdexanfetamina (J26-222);60–216 meses;Humor e comportamento;3;Piora ou aparecimento de tiques;;
j26-222;Protocolo Dr. Jadson — Efeitos do Metilfenidato/Lisdexanfetamina (J26-222);60–216 meses;Humor e comportamento;4;Comportamento robotico ou muito retraido;;
j26-222;Protocolo Dr. Jadson — Efeitos do Metilfenidato/Lisdexanfetamina (J26-222);60–216 meses;Humor e comportamento;5;Queixa de coracao acelerado ou desconforto toracico;;
j26-222;Protocolo Dr. Jadson — Efeitos do Metilfenidato/Lisdexanfetamina (J26-222);60–216 meses;Humor e comportamento;6;Pressao arterial elevada para a faixa etaria;;
j26-222;Protocolo Dr. Jadson — Efeitos do Metilfenidato/Lisdexanfetamina (J26-222);60–216 meses;Humor e comportamento;7;Os efeitos colaterais estao piores que no retorno anterior;;
j26-222;Protocolo Dr. Jadson — Efeitos do Metilfenidato/Lisdexanfetamina (J26-222);60–216 meses;Humor e comportamento;8;A eficacia justifica os efeitos colaterais atuais;;
j26-223;Protocolo Dr. Jadson — Regulação Emocional TDAH Evolução (J26-223);72–216 meses;Regulação emocional;1;Acalma-se sozinha;;
j26-223;Protocolo Dr. Jadson — Regulação Emocional TDAH Evolução (J26-223);72–216 meses;Regulação emocional;2;Tolera a frustração;;
j26-223;Protocolo Dr. Jadson — Regulação Emocional TDAH Evolução (J26-223);72–216 meses;Regulação emocional;3;Controla a raiva;;
j26-223;Protocolo Dr. Jadson — Regulação Emocional TDAH Evolução (J26-223);72–216 meses;Regulação emocional;4;Recupera-se rápido;;
j26-223;Protocolo Dr. Jadson — Regulação Emocional TDAH Evolução (J26-223);72–216 meses;Regulação emocional;5;Expressa sem agredir;;
j26-223;Protocolo Dr. Jadson — Regulação Emocional TDAH Evolução (J26-223);72–216 meses;Regulação emocional;6;Lida com mudanças;;
j26-223;Protocolo Dr. Jadson — Regulação Emocional TDAH Evolução (J26-223);72–216 meses;Regulação emocional;7;Pede ajuda;;
j26-223;Protocolo Dr. Jadson — Regulação Emocional TDAH Evolução (J26-223);72–216 meses;Regulação emocional;8;Mantém o humor estável;;
j26-224;Protocolo Dr. Jadson — Sono e Apetite TDAH Tratamento (J26-224);60–216 meses;Sono;1;Demora mais de 30 minutos para adormecer;;
j26-224;Protocolo Dr. Jadson — Sono e Apetite TDAH Tratamento (J26-224);60–216 meses;Sono;2;Acorda durante a noite;;
j26-224;Protocolo Dr. Jadson — Sono e Apetite TDAH Tratamento (J26-224);60–216 meses;Sono;3;Sono mais curto do que antes do remedio;;
j26-224;Protocolo Dr. Jadson — Sono e Apetite TDAH Tratamento (J26-224);60–216 meses;Sono;4;Irritabilidade pela manha por sono ruim;;
j26-224;Protocolo Dr. Jadson — Sono e Apetite TDAH Tratamento (J26-224);60–216 meses;Sono;5;Pesadelos ou sono agitado mais frequentes;;
j26-224;Protocolo Dr. Jadson — Sono e Apetite TDAH Tratamento (J26-224);60–216 meses;Sono;6;O sono esta pior do que antes de iniciar o estimulante;;
j26-224;Protocolo Dr. Jadson — Sono e Apetite TDAH Tratamento (J26-224);60–216 meses;Apetite e peso;1;Come muito pouco no almoco e jantar;;
j26-224;Protocolo Dr. Jadson — Sono e Apetite TDAH Tratamento (J26-224);60–216 meses;Apetite e peso;2;Sente fome apenas a noite (rebound do apetite);;
j26-224;Protocolo Dr. Jadson — Sono e Apetite TDAH Tratamento (J26-224);60–216 meses;Apetite e peso;3;Perdeu peso desde o ultimo retorno;;
j26-224;Protocolo Dr. Jadson — Sono e Apetite TDAH Tratamento (J26-224);60–216 meses;Apetite e peso;4;Pais preocupados com o crescimento ou o peso;;
j26-224;Protocolo Dr. Jadson — Sono e Apetite TDAH Tratamento (J26-224);60–216 meses;Apetite e peso;5;Recusa refeicoes por falta de fome;;
j26-224;Protocolo Dr. Jadson — Sono e Apetite TDAH Tratamento (J26-224);60–216 meses;Apetite e peso;6;O apetite esta pior do que antes de iniciar o estimulante;;
j26-225;Protocolo Dr. Jadson — Feedback do Professor TDAH Sala (J26-225);60–180 meses;Evolução em sala;1;Está mais focada em sala;;
j26-225;Protocolo Dr. Jadson — Feedback do Professor TDAH Sala (J26-225);60–180 meses;Evolução em sala;2;Está menos agitada;;
j26-225;Protocolo Dr. Jadson — Feedback do Professor TDAH Sala (J26-225);60–180 meses;Evolução em sala;3;Espera a vez;;
j26-225;Protocolo Dr. Jadson — Feedback do Professor TDAH Sala (J26-225);60–180 meses;Evolução em sala;4;Termina as atividades;;
j26-225;Protocolo Dr. Jadson — Feedback do Professor TDAH Sala (J26-225);60–180 meses;Evolução em sala;5;Relaciona-se melhor;;
j26-225;Protocolo Dr. Jadson — Feedback do Professor TDAH Sala (J26-225);60–180 meses;Evolução em sala;6;Segue as regras;;
j26-225;Protocolo Dr. Jadson — Feedback do Professor TDAH Sala (J26-225);60–180 meses;Evolução em sala;7;Participa das aulas;;
j26-225;Protocolo Dr. Jadson — Feedback do Professor TDAH Sala (J26-225);60–180 meses;Evolução em sala;8;Houve melhora geral em sala;;
j26-226;Protocolo Dr. Jadson — Impressão Global Melhora TDAH CGI (J26-226);60–216 meses;Melhora percebida;1;Melhorou a atenção;;
j26-226;Protocolo Dr. Jadson — Impressão Global Melhora TDAH CGI (J26-226);60–216 meses;Melhora percebida;2;Melhorou a agitação;;
j26-226;Protocolo Dr. Jadson — Impressão Global Melhora TDAH CGI (J26-226);60–216 meses;Melhora percebida;3;Melhorou a impulsividade;;
j26-226;Protocolo Dr. Jadson — Impressão Global Melhora TDAH CGI (J26-226);60–216 meses;Melhora percebida;4;Melhorou na escola;;
j26-226;Protocolo Dr. Jadson — Impressão Global Melhora TDAH CGI (J26-226);60–216 meses;Melhora percebida;5;Melhorou em casa;;
j26-226;Protocolo Dr. Jadson — Impressão Global Melhora TDAH CGI (J26-226);60–216 meses;Melhora percebida;6;Melhorou a autoestima;;
j26-226;Protocolo Dr. Jadson — Impressão Global Melhora TDAH CGI (J26-226);60–216 meses;Melhora percebida;7;Melhorou as relações;;
j26-226;Protocolo Dr. Jadson — Impressão Global Melhora TDAH CGI (J26-226);60–216 meses;Melhora percebida;8;Houve melhora geral;;
j26-227;Protocolo Dr. Jadson — Diário de Frequência de Crises Epilepsia (J26-227);0–216 meses;Frequencia e tipo de crise;1;Teve crise este mes;;
j26-227;Protocolo Dr. Jadson — Diário de Frequência de Crises Epilepsia (J26-227);0–216 meses;Frequencia e tipo de crise;2;Teve mais de 4 crises no mes;;
j26-227;Protocolo Dr. Jadson — Diário de Frequência de Crises Epilepsia (J26-227);0–216 meses;Frequencia e tipo de crise;3;As crises estao mais frequentes que no mes anterior;;
j26-227;Protocolo Dr. Jadson — Diário de Frequência de Crises Epilepsia (J26-227);0–216 meses;Frequencia e tipo de crise;4;Apareceu um tipo novo de crise;;
j26-227;Protocolo Dr. Jadson — Diário de Frequência de Crises Epilepsia (J26-227);0–216 meses;Frequencia e tipo de crise;5;Teve crise tonico-clonica generalizada;;
j26-227;Protocolo Dr. Jadson — Diário de Frequência de Crises Epilepsia (J26-227);0–216 meses;Frequencia e tipo de crise;6;Teve crise de mais de 5 minutos (risco de estado);;
j26-227;Protocolo Dr. Jadson — Diário de Frequência de Crises Epilepsia (J26-227);0–216 meses;Frequencia e tipo de crise;7;Precisou usar medicacao de resgate (diazepam, midazolam);;
j26-227;Protocolo Dr. Jadson — Diário de Frequência de Crises Epilepsia (J26-227);0–216 meses;Gatilhos e pos-crise;1;As crises ocorreram no sono ou ao despertar;;
j26-227;Protocolo Dr. Jadson — Diário de Frequência de Crises Epilepsia (J26-227);0–216 meses;Gatilhos e pos-crise;2;Houve gatilho identificado (febre, privacao de sono, estresse);;
j26-227;Protocolo Dr. Jadson — Diário de Frequência de Crises Epilepsia (J26-227);0–216 meses;Gatilhos e pos-crise;3;Recuperacao pos-crise foi lenta (mais de 30 min);;
j26-227;Protocolo Dr. Jadson — Diário de Frequência de Crises Epilepsia (J26-227);0–216 meses;Gatilhos e pos-crise;4;Ficou muito sonolento ou confuso depois da crise;;
j26-227;Protocolo Dr. Jadson — Diário de Frequência de Crises Epilepsia (J26-227);0–216 meses;Gatilhos e pos-crise;5;A crise causou queda ou machucado;;
j26-227;Protocolo Dr. Jadson — Diário de Frequência de Crises Epilepsia (J26-227);0–216 meses;Gatilhos e pos-crise;6;A crise aconteceu em local de risco (agua, via publica);;
j26-227;Protocolo Dr. Jadson — Diário de Frequência de Crises Epilepsia (J26-227);0–216 meses;Gatilhos e pos-crise;7;Os pais ficaram muito assustados e inseguros no manejo;;
j26-227;Protocolo Dr. Jadson — Diário de Frequência de Crises Epilepsia (J26-227);0–216 meses;Gatilhos e pos-crise;8;As crises estao controladas comparado ao mes anterior;;
j26-228;Protocolo Dr. Jadson — Efeitos de Antiepilépticos Monitorização (J26-228);0–216 meses;Neurologico e cognitivo;1;Sonolencia excessiva durante o dia;;
j26-228;Protocolo Dr. Jadson — Efeitos de Antiepilépticos Monitorização (J26-228);0–216 meses;Neurologico e cognitivo;2;Tontura ou instabilidade de marcha;;
j26-228;Protocolo Dr. Jadson — Efeitos de Antiepilépticos Monitorização (J26-228);0–216 meses;Neurologico e cognitivo;3;Lentidao de raciocinio ou confusao;;
j26-228;Protocolo Dr. Jadson — Efeitos de Antiepilépticos Monitorização (J26-228);0–216 meses;Neurologico e cognitivo;4;Piora da memoria ou da atencao;;
j26-228;Protocolo Dr. Jadson — Efeitos de Antiepilépticos Monitorização (J26-228);0–216 meses;Neurologico e cognitivo;5;Dor de cabeca frequente;;
j26-228;Protocolo Dr. Jadson — Efeitos de Antiepilépticos Monitorização (J26-228);0–216 meses;Neurologico e cognitivo;6;Visao dupla ou borrada;;
j26-228;Protocolo Dr. Jadson — Efeitos de Antiepilépticos Monitorização (J26-228);0–216 meses;Comportamental e psiquiatrico;1;Irritabilidade ou agressividade;;
j26-228;Protocolo Dr. Jadson — Efeitos de Antiepilépticos Monitorização (J26-228);0–216 meses;Comportamental e psiquiatrico;2;Humor deprimido ou choro facil;;
j26-228;Protocolo Dr. Jadson — Efeitos de Antiepilépticos Monitorização (J26-228);0–216 meses;Comportamental e psiquiatrico;3;Ansiedade aumentada;;
j26-228;Protocolo Dr. Jadson — Efeitos de Antiepilépticos Monitorização (J26-228);0–216 meses;Comportamental e psiquiatrico;4;Pensamentos ou comportamentos incomuns;;
j26-228;Protocolo Dr. Jadson — Efeitos de Antiepilépticos Monitorização (J26-228);0–216 meses;Comportamental e psiquiatrico;5;Agitacao ou insonia;;
j26-228;Protocolo Dr. Jadson — Efeitos de Antiepilépticos Monitorização (J26-228);0–216 meses;Sistemico e laboratorial;1;Ganho excessivo de peso (valproato);;
j26-228;Protocolo Dr. Jadson — Efeitos de Antiepilépticos Monitorização (J26-228);0–216 meses;Sistemico e laboratorial;2;Perda de peso ou reducao de apetite;;
j26-228;Protocolo Dr. Jadson — Efeitos de Antiepilépticos Monitorização (J26-228);0–216 meses;Sistemico e laboratorial;3;Erupcao cutanea ou reacao alergica;;
j26-228;Protocolo Dr. Jadson — Efeitos de Antiepilépticos Monitorização (J26-228);0–216 meses;Sistemico e laboratorial;4;Queda de cabelo;;
j26-228;Protocolo Dr. Jadson — Efeitos de Antiepilépticos Monitorização (J26-228);0–216 meses;Sistemico e laboratorial;5;Alteracao nos exames de sangue (fado, leucocitos, plaquetas);;
j26-228;Protocolo Dr. Jadson — Efeitos de Antiepilépticos Monitorização (J26-228);0–216 meses;Sistemico e laboratorial;6;Sintomas gastrointestinais (nausea, dor abdominal);;
j26-228;Protocolo Dr. Jadson — Efeitos de Antiepilépticos Monitorização (J26-228);0–216 meses;Sistemico e laboratorial;7;Os efeitos colaterais valem o controle de crises obtido;;
j26-228;Protocolo Dr. Jadson — Efeitos de Antiepilépticos Monitorização (J26-228);0–216 meses;Sistemico e laboratorial;8;Os efeitos colaterais estao piores que no retorno anterior;;
j26-229;Protocolo Dr. Jadson — Evolução Cognitiva Epilepsia (J26-229);48–216 meses;Memoria e atencao;1;Esquece coisas que aprendeu recentemente;;
j26-229;Protocolo Dr. Jadson — Evolução Cognitiva Epilepsia (J26-229);48–216 meses;Memoria e atencao;2;Tem dificuldade de manter atencao em atividades longas;;
j26-229;Protocolo Dr. Jadson — Evolução Cognitiva Epilepsia (J26-229);48–216 meses;Memoria e atencao;3;Perde o fio da conversa ou esquece o que ia falar;;
j26-229;Protocolo Dr. Jadson — Evolução Cognitiva Epilepsia (J26-229);48–216 meses;Memoria e atencao;4;Tem dificuldade de aprender conteudos novos na escola;;
j26-229;Protocolo Dr. Jadson — Evolução Cognitiva Epilepsia (J26-229);48–216 meses;Memoria e atencao;5;Demora mais que antes para processar informacoes;;
j26-229;Protocolo Dr. Jadson — Evolução Cognitiva Epilepsia (J26-229);48–216 meses;Linguagem e desempenho escolar;1;Tem mais dificuldade de encontrar palavras (anomia);;
j26-229;Protocolo Dr. Jadson — Evolução Cognitiva Epilepsia (J26-229);48–216 meses;Linguagem e desempenho escolar;2;As notas na escola caíram desde o inicio do tratamento;;
j26-229;Protocolo Dr. Jadson — Evolução Cognitiva Epilepsia (J26-229);48–216 meses;Linguagem e desempenho escolar;3;O professor reportou piora de desempenho;;
j26-229;Protocolo Dr. Jadson — Evolução Cognitiva Epilepsia (J26-229);48–216 meses;Linguagem e desempenho escolar;4;Tem dificuldade de leitura ou escrita que nao tinha antes;;
j26-229;Protocolo Dr. Jadson — Evolução Cognitiva Epilepsia (J26-229);48–216 meses;Linguagem e desempenho escolar;5;A cognicao esta pior do que antes de comecar o antiepiletico;;
j26-229;Protocolo Dr. Jadson — Evolução Cognitiva Epilepsia (J26-229);48–216 meses;Linguagem e desempenho escolar;6;A cognicao esta pior do que no semestre anterior;;
j26-229;Protocolo Dr. Jadson — Evolução Cognitiva Epilepsia (J26-229);48–216 meses;Linguagem e desempenho escolar;7;Ha suspeita de encefalopatia epileptica sub-clinica;;
j26-229;Protocolo Dr. Jadson — Evolução Cognitiva Epilepsia (J26-229);48–216 meses;Linguagem e desempenho escolar;8;A cognicao esta estavel ou melhorou com o controle de crises;;
j26-230;Protocolo Dr. Jadson — Qualidade de Vida Epilepsia Semestral (J26-230);48–216 meses;Social e escolar;1;Evita atividades por medo de ter uma crise;;
j26-230;Protocolo Dr. Jadson — Qualidade de Vida Epilepsia Semestral (J26-230);48–216 meses;Social e escolar;2;Se sente diferente ou estigmatizado pelos colegas;;
j26-230;Protocolo Dr. Jadson — Qualidade de Vida Epilepsia Semestral (J26-230);48–216 meses;Social e escolar;3;Tem dificuldade de participar de esportes ou passeios;;
j26-230;Protocolo Dr. Jadson — Qualidade de Vida Epilepsia Semestral (J26-230);48–216 meses;Social e escolar;4;O desempenho escolar foi afetado pela epilepsia;;
j26-230;Protocolo Dr. Jadson — Qualidade de Vida Epilepsia Semestral (J26-230);48–216 meses;Social e escolar;5;Evita contar para outras pessoas que tem epilepsia;;
j26-230;Protocolo Dr. Jadson — Qualidade de Vida Epilepsia Semestral (J26-230);48–216 meses;Social e escolar;6;Fica ansioso sobre quando a proxima crise vai acontecer;;
j26-230;Protocolo Dr. Jadson — Qualidade de Vida Epilepsia Semestral (J26-230);48–216 meses;Emocional e familiar;1;Sente medo ou angustia relacionada as crises;;
j26-230;Protocolo Dr. Jadson — Qualidade de Vida Epilepsia Semestral (J26-230);48–216 meses;Emocional e familiar;2;Ha impacto emocional relevante na vida da familia;;
j26-230;Protocolo Dr. Jadson — Qualidade de Vida Epilepsia Semestral (J26-230);48–216 meses;Emocional e familiar;3;Os pais restringem excessivamente as atividades por medo;;
j26-230;Protocolo Dr. Jadson — Qualidade de Vida Epilepsia Semestral (J26-230);48–216 meses;Emocional e familiar;4;A crianca demonstra tristeza ou humor deprimido;;
j26-230;Protocolo Dr. Jadson — Qualidade de Vida Epilepsia Semestral (J26-230);48–216 meses;Emocional e familiar;5;Ha restricao de autonomia por causa da epilepsia;;
j26-230;Protocolo Dr. Jadson — Qualidade de Vida Epilepsia Semestral (J26-230);48–216 meses;Emocional e familiar;6;A qualidade de vida esta pior que 6 meses atras;;
j26-230;Protocolo Dr. Jadson — Qualidade de Vida Epilepsia Semestral (J26-230);48–216 meses;Emocional e familiar;7;O estigma ou a restricao social piorou neste semestre;;
j26-230;Protocolo Dr. Jadson — Qualidade de Vida Epilepsia Semestral (J26-230);48–216 meses;Emocional e familiar;8;A qualidade de vida esta boa apesar da epilepsia;;
j26-231;Protocolo Dr. Jadson — Adesão Medicamentosa Epilepsia (J26-231);0–216 meses;Barreiras praticas;1;Esquece de dar o remedio no horario certo;;
j26-231;Protocolo Dr. Jadson — Adesão Medicamentosa Epilepsia (J26-231);0–216 meses;Barreiras praticas;2;Tem dificuldade de dar o remedio (crianca cospe, recusa);;
j26-231;Protocolo Dr. Jadson — Adesão Medicamentosa Epilepsia (J26-231);0–216 meses;Barreiras praticas;3;O remedio acaba antes da hora de buscar;;
j26-231;Protocolo Dr. Jadson — Adesão Medicamentosa Epilepsia (J26-231);0–216 meses;Barreiras praticas;4;Nao tem condicoes de comprar ou buscar o remedio;;
j26-231;Protocolo Dr. Jadson — Adesão Medicamentosa Epilepsia (J26-231);0–216 meses;Barreiras praticas;5;Interrompe o remedio porque achou que a crianca estava bem;;
j26-231;Protocolo Dr. Jadson — Adesão Medicamentosa Epilepsia (J26-231);0–216 meses;Barreiras praticas;6;Da doses erradas ou confunde os horarios;;
j26-231;Protocolo Dr. Jadson — Adesão Medicamentosa Epilepsia (J26-231);0–216 meses;Crencas e conhecimento;1;Tem medo de que o remedio va prejudicar a crianca a longo prazo;;
j26-231;Protocolo Dr. Jadson — Adesão Medicamentosa Epilepsia (J26-231);0–216 meses;Crencas e conhecimento;2;Para o remedio quando a crianca esta com febre ou doente;;
j26-231;Protocolo Dr. Jadson — Adesão Medicamentosa Epilepsia (J26-231);0–216 meses;Crencas e conhecimento;3;Desconfia que o remedio nao esta fazendo efeito;;
j26-231;Protocolo Dr. Jadson — Adesão Medicamentosa Epilepsia (J26-231);0–216 meses;Crencas e conhecimento;4;Julgou que nao precisava mais do remedio sem consultar o medico;;
j26-231;Protocolo Dr. Jadson — Adesão Medicamentosa Epilepsia (J26-231);0–216 meses;Crencas e conhecimento;5;Ha crenca religiosa ou cultural que dificulta o uso continuo;;
j26-231;Protocolo Dr. Jadson — Adesão Medicamentosa Epilepsia (J26-231);0–216 meses;Crencas e conhecimento;6;No geral, a adesao ao tratamento esta comprometida;;
j26-232;Protocolo Dr. Jadson — EEG Evolutivo Achados Sequenciais (J26-232);0–216 meses;Atividade interictal;1;Presenca de pontas ou complexos ponta-onda interictais;;
j26-232;Protocolo Dr. Jadson — EEG Evolutivo Achados Sequenciais (J26-232);0–216 meses;Atividade interictal;2;Atividade interictal mais frequente que no EEG anterior;;
j26-232;Protocolo Dr. Jadson — EEG Evolutivo Achados Sequenciais (J26-232);0–216 meses;Atividade interictal;3;Descargas generalizadas;;
j26-232;Protocolo Dr. Jadson — EEG Evolutivo Achados Sequenciais (J26-232);0–216 meses;Atividade interictal;4;Focos multifocais;;
j26-232;Protocolo Dr. Jadson — EEG Evolutivo Achados Sequenciais (J26-232);0–216 meses;Atividade interictal;5;Atividade interictal em regioes epileptogenicas criticas;;
j26-232;Protocolo Dr. Jadson — EEG Evolutivo Achados Sequenciais (J26-232);0–216 meses;Atividade interictal;6;Atividade interictal durante o sono;;
j26-232;Protocolo Dr. Jadson — EEG Evolutivo Achados Sequenciais (J26-232);0–216 meses;Traçado de fundo e evolucao;1;Lentificacao do ritmo de fundo;;
j26-232;Protocolo Dr. Jadson — EEG Evolutivo Achados Sequenciais (J26-232);0–216 meses;Traçado de fundo e evolucao;2;Assimetria do traçado de fundo;;
j26-232;Protocolo Dr. Jadson — EEG Evolutivo Achados Sequenciais (J26-232);0–216 meses;Traçado de fundo e evolucao;3;Ausencia de fuseau de sono adequados para a idade;;
j26-232;Protocolo Dr. Jadson — EEG Evolutivo Achados Sequenciais (J26-232);0–216 meses;Traçado de fundo e evolucao;4;Traçado de fundo pior que no EEG anterior;;
j26-232;Protocolo Dr. Jadson — EEG Evolutivo Achados Sequenciais (J26-232);0–216 meses;Traçado de fundo e evolucao;5;Ha evidencia de encefalopatia epileptica (ex: CSWS, ESES);;
j26-232;Protocolo Dr. Jadson — EEG Evolutivo Achados Sequenciais (J26-232);0–216 meses;Traçado de fundo e evolucao;6;Normalizacao do traçado em relacao ao exame anterior;;
j26-232;Protocolo Dr. Jadson — EEG Evolutivo Achados Sequenciais (J26-232);0–216 meses;Traçado de fundo e evolucao;7;O EEG atual piora o prognostico em relacao ao anterior;;
j26-232;Protocolo Dr. Jadson — EEG Evolutivo Achados Sequenciais (J26-232);0–216 meses;Traçado de fundo e evolucao;8;O EEG atual melhora ou mantem o padrao anterior;;
j26-233;Protocolo Dr. Jadson — Evolução Vocabulário Expressivo Trimestral (J26-233);12–84 meses;Vocabulário expressivo;1;Usa mais palavras do que antes;;
j26-233;Protocolo Dr. Jadson — Evolução Vocabulário Expressivo Trimestral (J26-233);12–84 meses;Vocabulário expressivo;2;Nomeia objetos;;
j26-233;Protocolo Dr. Jadson — Evolução Vocabulário Expressivo Trimestral (J26-233);12–84 meses;Vocabulário expressivo;3;Combina palavras em frases;;
j26-233;Protocolo Dr. Jadson — Evolução Vocabulário Expressivo Trimestral (J26-233);12–84 meses;Vocabulário expressivo;4;Usa palavras novas que aprende;;
j26-233;Protocolo Dr. Jadson — Evolução Vocabulário Expressivo Trimestral (J26-233);12–84 meses;Vocabulário expressivo;5;Tem vocabulário compatível com a idade;;
j26-233;Protocolo Dr. Jadson — Evolução Vocabulário Expressivo Trimestral (J26-233);12–84 meses;Vocabulário expressivo;6;Expressa-se com mais clareza;;
j26-233;Protocolo Dr. Jadson — Evolução Vocabulário Expressivo Trimestral (J26-233);12–84 meses;Vocabulário expressivo;7;Fala em vez de só apontar;;
j26-233;Protocolo Dr. Jadson — Evolução Vocabulário Expressivo Trimestral (J26-233);12–84 meses;Vocabulário expressivo;8;Evoluiu desde a última avaliação;;
j26-234;Protocolo Dr. Jadson — Inteligibilidade de Fala Monitorização (J26-234);24–120 meses;Inteligibilidade;1;É entendida por pessoas de fora da família;;
j26-234;Protocolo Dr. Jadson — Inteligibilidade de Fala Monitorização (J26-234);24–120 meses;Inteligibilidade;2;Pronuncia os sons corretamente;;
j26-234;Protocolo Dr. Jadson — Inteligibilidade de Fala Monitorização (J26-234);24–120 meses;Inteligibilidade;3;Reduziu as trocas de sons;;
j26-234;Protocolo Dr. Jadson — Inteligibilidade de Fala Monitorização (J26-234);24–120 meses;Inteligibilidade;4;Fala claro em frases;;
j26-234;Protocolo Dr. Jadson — Inteligibilidade de Fala Monitorização (J26-234);24–120 meses;Inteligibilidade;5;Melhorou a articulação;;
j26-234;Protocolo Dr. Jadson — Inteligibilidade de Fala Monitorização (J26-234);24–120 meses;Inteligibilidade;6;É entendida pela família;;
j26-234;Protocolo Dr. Jadson — Inteligibilidade de Fala Monitorização (J26-234);24–120 meses;Inteligibilidade;7;Reduziu as omissões de sons;;
j26-234;Protocolo Dr. Jadson — Inteligibilidade de Fala Monitorização (J26-234);24–120 meses;Inteligibilidade;8;Evoluiu desde a última avaliação;;
j26-235;Protocolo Dr. Jadson — Linguagem Pragmática Acompanhamento (J26-235);24–144 meses;Uso social da linguagem;1;Inicia conversa;;
j26-235;Protocolo Dr. Jadson — Linguagem Pragmática Acompanhamento (J26-235);24–144 meses;Uso social da linguagem;2;Mantém o tema;;
j26-235;Protocolo Dr. Jadson — Linguagem Pragmática Acompanhamento (J26-235);24–144 meses;Uso social da linguagem;3;Respeita os turnos;;
j26-235;Protocolo Dr. Jadson — Linguagem Pragmática Acompanhamento (J26-235);24–144 meses;Uso social da linguagem;4;Faz perguntas;;
j26-235;Protocolo Dr. Jadson — Linguagem Pragmática Acompanhamento (J26-235);24–144 meses;Uso social da linguagem;5;Repara a comunicação;;
j26-235;Protocolo Dr. Jadson — Linguagem Pragmática Acompanhamento (J26-235);24–144 meses;Uso social da linguagem;6;Usa gestos sociais;;
j26-235;Protocolo Dr. Jadson — Linguagem Pragmática Acompanhamento (J26-235);24–144 meses;Uso social da linguagem;7;Entende sentido figurado simples;;
j26-235;Protocolo Dr. Jadson — Linguagem Pragmática Acompanhamento (J26-235);24–144 meses;Uso social da linguagem;8;O uso social melhorou;;
j26-236;Protocolo Dr. Jadson — Fluência Verbal Pós-Fonoterapia (J26-236);36–180 meses;Disfluencias e caracteristicas;1;Repete sons, silabas ou palavras ao comecar a falar;;
j26-236;Protocolo Dr. Jadson — Fluência Verbal Pós-Fonoterapia (J26-236);36–180 meses;Disfluencias e caracteristicas;2;Prolonga sons nas palavras;;
j26-236;Protocolo Dr. Jadson — Fluência Verbal Pós-Fonoterapia (J26-236);36–180 meses;Disfluencias e caracteristicas;3;Tem bloqueios (trava e nao consegue emitir o som);;
j26-236;Protocolo Dr. Jadson — Fluência Verbal Pós-Fonoterapia (J26-236);36–180 meses;Disfluencias e caracteristicas;4;Usa comportamentos secundarios (piscar, apertar labios);;
j26-236;Protocolo Dr. Jadson — Fluência Verbal Pós-Fonoterapia (J26-236);36–180 meses;Disfluencias e caracteristicas;5;As disfluencias ocorrem mais em situacoes de pressao;;
j26-236;Protocolo Dr. Jadson — Fluência Verbal Pós-Fonoterapia (J26-236);36–180 meses;Disfluencias e caracteristicas;6;A gagueira esta mais frequente que no mes anterior;;
j26-236;Protocolo Dr. Jadson — Fluência Verbal Pós-Fonoterapia (J26-236);36–180 meses;Impacto emocional e comunicativo;1;Evita falar em certas situacoes (responder na aula, telefone);;
j26-236;Protocolo Dr. Jadson — Fluência Verbal Pós-Fonoterapia (J26-236);36–180 meses;Impacto emocional e comunicativo;2;Demonstra vergonha ou ansiedade ao falar;;
j26-236;Protocolo Dr. Jadson — Fluência Verbal Pós-Fonoterapia (J26-236);36–180 meses;Impacto emocional e comunicativo;3;Troca palavras para evitar aquelas em que gagueja;;
j26-236;Protocolo Dr. Jadson — Fluência Verbal Pós-Fonoterapia (J26-236);36–180 meses;Impacto emocional e comunicativo;4;A gagueira afeta a interacao social e as amizades;;
j26-236;Protocolo Dr. Jadson — Fluência Verbal Pós-Fonoterapia (J26-236);36–180 meses;Impacto emocional e comunicativo;5;A gagueira esta pior do que antes de iniciar a fonoterapia;;
j26-236;Protocolo Dr. Jadson — Fluência Verbal Pós-Fonoterapia (J26-236);36–180 meses;Impacto emocional e comunicativo;6;A fonoterapia esta sendo efetiva na reducao das disfluencias;;
j26-237;Protocolo Dr. Jadson — Marcos de Comunicação Atingidos (J26-237);0–72 meses;Marcos atingidos;1;Balbucia;;
j26-237;Protocolo Dr. Jadson — Marcos de Comunicação Atingidos (J26-237);0–72 meses;Marcos atingidos;2;Fala as primeiras palavras;;
j26-237;Protocolo Dr. Jadson — Marcos de Comunicação Atingidos (J26-237);0–72 meses;Marcos atingidos;3;Aponta para pedir/mostrar;;
j26-237;Protocolo Dr. Jadson — Marcos de Comunicação Atingidos (J26-237);0–72 meses;Marcos atingidos;4;Combina palavras;;
j26-237;Protocolo Dr. Jadson — Marcos de Comunicação Atingidos (J26-237);0–72 meses;Marcos atingidos;5;Fala frases;;
j26-237;Protocolo Dr. Jadson — Marcos de Comunicação Atingidos (J26-237);0–72 meses;Marcos atingidos;6;Segue ordens simples;;
j26-237;Protocolo Dr. Jadson — Marcos de Comunicação Atingidos (J26-237);0–72 meses;Marcos atingidos;7;Conta acontecimentos;;
j26-237;Protocolo Dr. Jadson — Marcos de Comunicação Atingidos (J26-237);0–72 meses;Marcos atingidos;8;Atingiu os marcos esperados para a idade;;
j26-238;Protocolo Dr. Jadson — GMFCS Reclassificação Anual (J26-238);0–216 meses;Função motora grossa;1;Controla a cabeça e o tronco;;
j26-238;Protocolo Dr. Jadson — GMFCS Reclassificação Anual (J26-238);0–216 meses;Função motora grossa;2;Senta-se com estabilidade;;
j26-238;Protocolo Dr. Jadson — GMFCS Reclassificação Anual (J26-238);0–216 meses;Função motora grossa;3;Faz transferências;;
j26-238;Protocolo Dr. Jadson — GMFCS Reclassificação Anual (J26-238);0–216 meses;Função motora grossa;4;Desloca-se pelo ambiente;;
j26-238;Protocolo Dr. Jadson — GMFCS Reclassificação Anual (J26-238);0–216 meses;Função motora grossa;5;Caminha em casa (conforme o nível);;
j26-238;Protocolo Dr. Jadson — GMFCS Reclassificação Anual (J26-238);0–216 meses;Função motora grossa;6;Caminha na comunidade (conforme o nível);;
j26-238;Protocolo Dr. Jadson — GMFCS Reclassificação Anual (J26-238);0–216 meses;Função motora grossa;7;Sobe e desce degraus;;
j26-238;Protocolo Dr. Jadson — GMFCS Reclassificação Anual (J26-238);0–216 meses;Função motora grossa;8;Tem a mobilidade necessária para a rotina;;
j26-239;Protocolo Dr. Jadson — Amplitude de Movimento Pós-Fisioterapia (J26-239);0–216 meses;ADM e contraturas;1;Boa amplitude de quadril;;
j26-239;Protocolo Dr. Jadson — Amplitude de Movimento Pós-Fisioterapia (J26-239);0–216 meses;ADM e contraturas;2;Boa amplitude de joelho;;
j26-239;Protocolo Dr. Jadson — Amplitude de Movimento Pós-Fisioterapia (J26-239);0–216 meses;ADM e contraturas;3;Boa amplitude de tornozelo;;
j26-239;Protocolo Dr. Jadson — Amplitude de Movimento Pós-Fisioterapia (J26-239);0–216 meses;ADM e contraturas;4;Boa amplitude de ombro;;
j26-239;Protocolo Dr. Jadson — Amplitude de Movimento Pós-Fisioterapia (J26-239);0–216 meses;ADM e contraturas;5;Boa amplitude de cotovelo e punho;;
j26-239;Protocolo Dr. Jadson — Amplitude de Movimento Pós-Fisioterapia (J26-239);0–216 meses;ADM e contraturas;6;Tem menos contraturas;;
j26-239;Protocolo Dr. Jadson — Amplitude de Movimento Pós-Fisioterapia (J26-239);0–216 meses;ADM e contraturas;7;Mantém o alongamento;;
j26-239;Protocolo Dr. Jadson — Amplitude de Movimento Pós-Fisioterapia (J26-239);0–216 meses;ADM e contraturas;8;Melhorou desde a última avaliação;;
j26-240;Protocolo Dr. Jadson — Função Manual MACS Evolutivo (J26-240);48–216 meses;Função manual;1;Pega objetos;;
j26-240;Protocolo Dr. Jadson — Função Manual MACS Evolutivo (J26-240);48–216 meses;Função manual;2;Manipula objetos pequenos;;
j26-240;Protocolo Dr. Jadson — Função Manual MACS Evolutivo (J26-240);48–216 meses;Função manual;3;Usa as duas mãos juntas;;
j26-240;Protocolo Dr. Jadson — Função Manual MACS Evolutivo (J26-240);48–216 meses;Função manual;4;Usa utensílios;;
j26-240;Protocolo Dr. Jadson — Função Manual MACS Evolutivo (J26-240);48–216 meses;Função manual;5;Manuseia objetos do dia a dia;;
j26-240;Protocolo Dr. Jadson — Função Manual MACS Evolutivo (J26-240);48–216 meses;Função manual;6;Tem destreza manual;;
j26-240;Protocolo Dr. Jadson — Função Manual MACS Evolutivo (J26-240);48–216 meses;Função manual;7;Usa adaptações de forma efetiva;;
j26-240;Protocolo Dr. Jadson — Função Manual MACS Evolutivo (J26-240);48–216 meses;Função manual;8;Tem função manual para a rotina;;
j26-241;Protocolo Dr. Jadson — Espasticidade Ashworth Sequencial (J26-241);0–216 meses;Membros inferiores;1;Espasticidade dos adutores do quadril;;
j26-241;Protocolo Dr. Jadson — Espasticidade Ashworth Sequencial (J26-241);0–216 meses;Membros inferiores;2;Espasticidade dos isquiotibiais (joelho);;
j26-241;Protocolo Dr. Jadson — Espasticidade Ashworth Sequencial (J26-241);0–216 meses;Membros inferiores;3;Espasticidade dos flexores plantares (tornozelo);;
j26-241;Protocolo Dr. Jadson — Espasticidade Ashworth Sequencial (J26-241);0–216 meses;Membros inferiores;4;Espasticidade dos extensores do quadril;;
j26-241;Protocolo Dr. Jadson — Espasticidade Ashworth Sequencial (J26-241);0–216 meses;Membros inferiores;5;Espasticidade piora a marcha ou os posicionamentos;;
j26-241;Protocolo Dr. Jadson — Espasticidade Ashworth Sequencial (J26-241);0–216 meses;Membros inferiores;6;Espasticidade causa dor ou desconforto evidente;;
j26-241;Protocolo Dr. Jadson — Espasticidade Ashworth Sequencial (J26-241);0–216 meses;Membros superiores e evolucao;1;Espasticidade dos flexores do cotovelo;;
j26-241;Protocolo Dr. Jadson — Espasticidade Ashworth Sequencial (J26-241);0–216 meses;Membros superiores e evolucao;2;Espasticidade dos flexores do punho e dedos;;
j26-241;Protocolo Dr. Jadson — Espasticidade Ashworth Sequencial (J26-241);0–216 meses;Membros superiores e evolucao;3;Espasticidade do ombro;;
j26-241;Protocolo Dr. Jadson — Espasticidade Ashworth Sequencial (J26-241);0–216 meses;Membros superiores e evolucao;4;Espasticidade interfere no uso funcional das maos;;
j26-241;Protocolo Dr. Jadson — Espasticidade Ashworth Sequencial (J26-241);0–216 meses;Membros superiores e evolucao;5;Espasticidade piora a higiene e o cuidado;;
j26-241;Protocolo Dr. Jadson — Espasticidade Ashworth Sequencial (J26-241);0–216 meses;Membros superiores e evolucao;6;Espasticidade esta pior que na avaliacao anterior;;
j26-241;Protocolo Dr. Jadson — Espasticidade Ashworth Sequencial (J26-241);0–216 meses;Membros superiores e evolucao;7;Ja foi feita aplicacao de toxina botulinica anteriormente;;
j26-241;Protocolo Dr. Jadson — Espasticidade Ashworth Sequencial (J26-241);0–216 meses;Membros superiores e evolucao;8;A espasticidade responde ao tratamento fisioterapeutico atual;;
j26-242;Protocolo Dr. Jadson — Postura e Marcha Acompanhamento (J26-242);12–216 meses;Postura e marcha;1;Mantém a postura sentada;;
j26-242;Protocolo Dr. Jadson — Postura e Marcha Acompanhamento (J26-242);12–216 meses;Postura e marcha;2;Mantém a postura em pé;;
j26-242;Protocolo Dr. Jadson — Postura e Marcha Acompanhamento (J26-242);12–216 meses;Postura e marcha;3;Tem equilíbrio;;
j26-242;Protocolo Dr. Jadson — Postura e Marcha Acompanhamento (J26-242);12–216 meses;Postura e marcha;4;Caminha (conforme o nível);;
j26-242;Protocolo Dr. Jadson — Postura e Marcha Acompanhamento (J26-242);12–216 meses;Postura e marcha;5;Tem simetria corporal;;
j26-242;Protocolo Dr. Jadson — Postura e Marcha Acompanhamento (J26-242);12–216 meses;Postura e marcha;6;Faz transferências;;
j26-242;Protocolo Dr. Jadson — Postura e Marcha Acompanhamento (J26-242);12–216 meses;Postura e marcha;7;Usa órteses de forma efetiva;;
j26-242;Protocolo Dr. Jadson — Postura e Marcha Acompanhamento (J26-242);12–216 meses;Postura e marcha;8;Tem mobilidade funcional;;
j26-243;Protocolo Dr. Jadson — Toxina Botulínica Antes e Depois (J26-243);12–216 meses;Melhora após a aplicação;1;Reduziu o tônus;;
j26-243;Protocolo Dr. Jadson — Toxina Botulínica Antes e Depois (J26-243);12–216 meses;Melhora após a aplicação;2;Melhorou a amplitude de movimento;;
j26-243;Protocolo Dr. Jadson — Toxina Botulínica Antes e Depois (J26-243);12–216 meses;Melhora após a aplicação;3;Melhorou a postura;;
j26-243;Protocolo Dr. Jadson — Toxina Botulínica Antes e Depois (J26-243);12–216 meses;Melhora após a aplicação;4;Melhorou a marcha;;
j26-243;Protocolo Dr. Jadson — Toxina Botulínica Antes e Depois (J26-243);12–216 meses;Melhora após a aplicação;5;Reduziu a dor;;
j26-243;Protocolo Dr. Jadson — Toxina Botulínica Antes e Depois (J26-243);12–216 meses;Melhora após a aplicação;6;Melhorou a função manual;;
j26-243;Protocolo Dr. Jadson — Toxina Botulínica Antes e Depois (J26-243);12–216 meses;Melhora após a aplicação;7;Facilitou os cuidados;;
j26-243;Protocolo Dr. Jadson — Toxina Botulínica Antes e Depois (J26-243);12–216 meses;Melhora após a aplicação;8;Houve melhora geral após a aplicação;;
j26-244;Protocolo Dr. Jadson — Leitura Fluência e Compreensão Trimestral (J26-244);72–168 meses;Leitura;1;Lê com mais fluência;;
j26-244;Protocolo Dr. Jadson — Leitura Fluência e Compreensão Trimestral (J26-244);72–168 meses;Leitura;2;Lê com precisão;;
j26-244;Protocolo Dr. Jadson — Leitura Fluência e Compreensão Trimestral (J26-244);72–168 meses;Leitura;3;Tem velocidade adequada;;
j26-244;Protocolo Dr. Jadson — Leitura Fluência e Compreensão Trimestral (J26-244);72–168 meses;Leitura;4;Entende o que lê;;
j26-244;Protocolo Dr. Jadson — Leitura Fluência e Compreensão Trimestral (J26-244);72–168 meses;Leitura;5;Respeita a pontuação;;
j26-244;Protocolo Dr. Jadson — Leitura Fluência e Compreensão Trimestral (J26-244);72–168 meses;Leitura;6;Reduziu trocas e omissões;;
j26-244;Protocolo Dr. Jadson — Leitura Fluência e Compreensão Trimestral (J26-244);72–168 meses;Leitura;7;Lê textos da série;;
j26-244;Protocolo Dr. Jadson — Leitura Fluência e Compreensão Trimestral (J26-244);72–168 meses;Leitura;8;Evoluiu desde a última avaliação;;
j26-245;Protocolo Dr. Jadson — Escrita Amostras Comparativas (J26-245);72–168 meses;Produção escrita;1;Letra mais legível;;
j26-245;Protocolo Dr. Jadson — Escrita Amostras Comparativas (J26-245);72–168 meses;Produção escrita;2;Menos erros ortográficos;;
j26-245;Protocolo Dr. Jadson — Escrita Amostras Comparativas (J26-245);72–168 meses;Produção escrita;3;Melhor organização do texto;;
j26-245;Protocolo Dr. Jadson — Escrita Amostras Comparativas (J26-245);72–168 meses;Produção escrita;4;Respeita linhas e margens;;
j26-245;Protocolo Dr. Jadson — Escrita Amostras Comparativas (J26-245);72–168 meses;Produção escrita;5;Escreve mais rápido;;
j26-245;Protocolo Dr. Jadson — Escrita Amostras Comparativas (J26-245);72–168 meses;Produção escrita;6;Compõe frases melhores;;
j26-245;Protocolo Dr. Jadson — Escrita Amostras Comparativas (J26-245);72–168 meses;Produção escrita;7;Menos rasuras;;
j26-245;Protocolo Dr. Jadson — Escrita Amostras Comparativas (J26-245);72–168 meses;Produção escrita;8;Evoluiu desde a última amostra;;
j26-246;Protocolo Dr. Jadson — Matemática Pós-Psicopedagogia (J26-246);72–168 meses;Matemática;1;Conta e compara quantidades;;
j26-246;Protocolo Dr. Jadson — Matemática Pós-Psicopedagogia (J26-246);72–168 meses;Matemática;2;Faz operações básicas;;
j26-246;Protocolo Dr. Jadson — Matemática Pós-Psicopedagogia (J26-246);72–168 meses;Matemática;3;Resolve problemas;;
j26-246;Protocolo Dr. Jadson — Matemática Pós-Psicopedagogia (J26-246);72–168 meses;Matemática;4;Memoriza fatos numéricos;;
j26-246;Protocolo Dr. Jadson — Matemática Pós-Psicopedagogia (J26-246);72–168 meses;Matemática;5;Entende conceitos;;
j26-246;Protocolo Dr. Jadson — Matemática Pós-Psicopedagogia (J26-246);72–168 meses;Matemática;6;Acompanha a série;;
j26-246;Protocolo Dr. Jadson — Matemática Pós-Psicopedagogia (J26-246);72–168 meses;Matemática;7;Tem menos ansiedade com matemática;;
j26-246;Protocolo Dr. Jadson — Matemática Pós-Psicopedagogia (J26-246);72–168 meses;Matemática;8;Evoluiu desde a última avaliação;;
j26-247;Protocolo Dr. Jadson — Adaptação Curricular Feedback Escolar (J26-247);60–180 meses;Adaptação e adesão da escola;1;A escola adapta as atividades;;
j26-247;Protocolo Dr. Jadson — Adaptação Curricular Feedback Escolar (J26-247);60–180 meses;Adaptação e adesão da escola;2;A escola adapta as avaliações;;
j26-247;Protocolo Dr. Jadson — Adaptação Curricular Feedback Escolar (J26-247);60–180 meses;Adaptação e adesão da escola;3;O professor segue o plano;;
j26-247;Protocolo Dr. Jadson — Adaptação Curricular Feedback Escolar (J26-247);60–180 meses;Adaptação e adesão da escola;4;A criança acompanha com as adaptações;;
j26-247;Protocolo Dr. Jadson — Adaptação Curricular Feedback Escolar (J26-247);60–180 meses;Adaptação e adesão da escola;5;Há material adaptado;;
j26-247;Protocolo Dr. Jadson — Adaptação Curricular Feedback Escolar (J26-247);60–180 meses;Adaptação e adesão da escola;6;Há apoio do AEE;;
j26-247;Protocolo Dr. Jadson — Adaptação Curricular Feedback Escolar (J26-247);60–180 meses;Adaptação e adesão da escola;7;Há comunicação escola-família;;
j26-247;Protocolo Dr. Jadson — Adaptação Curricular Feedback Escolar (J26-247);60–180 meses;Adaptação e adesão da escola;8;As adaptações são efetivas no geral;;
j26-248;Protocolo Dr. Jadson — Metas PEI Plano Educacional (J26-248);48–180 meses;Metas do PEI;1;Metas claras definidas;;
j26-248;Protocolo Dr. Jadson — Metas PEI Plano Educacional (J26-248);48–180 meses;Metas do PEI;2;Metas acadêmicas alcançadas;;
j26-248;Protocolo Dr. Jadson — Metas PEI Plano Educacional (J26-248);48–180 meses;Metas do PEI;3;Metas sociais alcançadas;;
j26-248;Protocolo Dr. Jadson — Metas PEI Plano Educacional (J26-248);48–180 meses;Metas do PEI;4;Metas de autonomia alcançadas;;
j26-248;Protocolo Dr. Jadson — Metas PEI Plano Educacional (J26-248);48–180 meses;Metas do PEI;5;A equipe acompanha as metas;;
j26-248;Protocolo Dr. Jadson — Metas PEI Plano Educacional (J26-248);48–180 meses;Metas do PEI;6;A família participa;;
j26-248;Protocolo Dr. Jadson — Metas PEI Plano Educacional (J26-248);48–180 meses;Metas do PEI;7;O PEI é revisado periodicamente;;
j26-248;Protocolo Dr. Jadson — Metas PEI Plano Educacional (J26-248);48–180 meses;Metas do PEI;8;Há progresso geral nas metas;;
j26-249;Protocolo Dr. Jadson — Ansiedade Pós-Terapia Comparativo (J26-249);72–216 meses;Sintomas fisicos e somaticos;1;Queixas fisicas sem causa medica (dor de barriga, dor de cabeca antes da escola);;
j26-249;Protocolo Dr. Jadson — Ansiedade Pós-Terapia Comparativo (J26-249);72–216 meses;Sintomas fisicos e somaticos;2;Coracao acelerado ou falta de ar em situacoes de pressao;;
j26-249;Protocolo Dr. Jadson — Ansiedade Pós-Terapia Comparativo (J26-249);72–216 meses;Sintomas fisicos e somaticos;3;Tensao muscular ou agitacao fisica;;
j26-249;Protocolo Dr. Jadson — Ansiedade Pós-Terapia Comparativo (J26-249);72–216 meses;Sintomas fisicos e somaticos;4;Dificuldade de dormir por preocupacao;;
j26-249;Protocolo Dr. Jadson — Ansiedade Pós-Terapia Comparativo (J26-249);72–216 meses;Sintomas cognitivos e comportamentais;1;Preocupacao excessiva com situacoes do cotidiano;;
j26-249;Protocolo Dr. Jadson — Ansiedade Pós-Terapia Comparativo (J26-249);72–216 meses;Sintomas cognitivos e comportamentais;2;Medo intenso de situacoes especificas (escola, social, saude);;
j26-249;Protocolo Dr. Jadson — Ansiedade Pós-Terapia Comparativo (J26-249);72–216 meses;Sintomas cognitivos e comportamentais;3;Evita situacoes que causam ansiedade;;
j26-249;Protocolo Dr. Jadson — Ansiedade Pós-Terapia Comparativo (J26-249);72–216 meses;Sintomas cognitivos e comportamentais;4;Precisa de muita reassurance dos pais para se acalmar;;
j26-249;Protocolo Dr. Jadson — Ansiedade Pós-Terapia Comparativo (J26-249);72–216 meses;Sintomas cognitivos e comportamentais;5;Os sintomas de ansiedade estao melhores que no inicio do tratamento;;
j26-249;Protocolo Dr. Jadson — Ansiedade Pós-Terapia Comparativo (J26-249);72–216 meses;Sintomas cognitivos e comportamentais;6;A ansiedade ainda interfere na escola ou nas relacoes sociais;;
j26-249;Protocolo Dr. Jadson — Ansiedade Pós-Terapia Comparativo (J26-249);72–216 meses;Sintomas cognitivos e comportamentais;7;Houve recaida ou piora recente dos sintomas de ansiedade;;
j26-249;Protocolo Dr. Jadson — Ansiedade Pós-Terapia Comparativo (J26-249);72–216 meses;Sintomas cognitivos e comportamentais;8;A resposta ao tratamento esta sendo satisfatoria;;
j26-250;Protocolo Dr. Jadson — Depressão CDI-2/PHQ-A Sequencial (J26-250);84–216 meses;Humor e anedonia;1;Sentiu tristeza, vazio ou sem esperanca;;
j26-250;Protocolo Dr. Jadson — Depressão CDI-2/PHQ-A Sequencial (J26-250);84–216 meses;Humor e anedonia;2;Perdeu interesse em atividades que antes gostava;;
j26-250;Protocolo Dr. Jadson — Depressão CDI-2/PHQ-A Sequencial (J26-250);84–216 meses;Humor e anedonia;3;Sentiu que nao vale nada ou que e um fardo;;
j26-250;Protocolo Dr. Jadson — Depressão CDI-2/PHQ-A Sequencial (J26-250);84–216 meses;Humor e anedonia;4;Sentiu culpa excessiva ou se autoculpou;;
j26-250;Protocolo Dr. Jadson — Depressão CDI-2/PHQ-A Sequencial (J26-250);84–216 meses;Humor e anedonia;5;Sentiu que a vida nao tem sentido;;
j26-250;Protocolo Dr. Jadson — Depressão CDI-2/PHQ-A Sequencial (J26-250);84–216 meses;Humor e anedonia;6;Pensou em se machucar ou desaparecer;;
j26-250;Protocolo Dr. Jadson — Depressão CDI-2/PHQ-A Sequencial (J26-250);84–216 meses;Fisico e funcional;1;Ficou muito cansado ou sem energia;;
j26-250;Protocolo Dr. Jadson — Depressão CDI-2/PHQ-A Sequencial (J26-250);84–216 meses;Fisico e funcional;2;Teve alteracao do sono (demais ou de menos);;
j26-250;Protocolo Dr. Jadson — Depressão CDI-2/PHQ-A Sequencial (J26-250);84–216 meses;Fisico e funcional;3;Teve alteracao do apetite ou do peso;;
j26-250;Protocolo Dr. Jadson — Depressão CDI-2/PHQ-A Sequencial (J26-250);84–216 meses;Fisico e funcional;4;Teve dificuldade de concentracao;;
j26-250;Protocolo Dr. Jadson — Depressão CDI-2/PHQ-A Sequencial (J26-250);84–216 meses;Fisico e funcional;5;Ficou mais lento ou mais agitado que o normal;;
j26-250;Protocolo Dr. Jadson — Depressão CDI-2/PHQ-A Sequencial (J26-250);84–216 meses;Fisico e funcional;6;Os sintomas depressivos estao melhores que no inicio do tratamento;;
j26-250;Protocolo Dr. Jadson — Depressão CDI-2/PHQ-A Sequencial (J26-250);84–216 meses;Fisico e funcional;7;Houve recaida ou piora recente dos sintomas;;
j26-250;Protocolo Dr. Jadson — Depressão CDI-2/PHQ-A Sequencial (J26-250);84–216 meses;Fisico e funcional;8;A resposta ao tratamento esta sendo satisfatoria;;
j26-251;Protocolo Dr. Jadson — Autolesão e Ideação Suicida Evolutivo (J26-251);108–216 meses;Autolesao nao suicida;1;Se machucou de forma intencional (cortar, queimar, bater);;
j26-251;Protocolo Dr. Jadson — Autolesão e Ideação Suicida Evolutivo (J26-251);108–216 meses;Autolesao nao suicida;2;A frequencia das autolesoes aumentou;;
j26-251;Protocolo Dr. Jadson — Autolesão e Ideação Suicida Evolutivo (J26-251);108–216 meses;Autolesao nao suicida;3;A gravidade das lesoes aumentou;;
j26-251;Protocolo Dr. Jadson — Autolesão e Ideação Suicida Evolutivo (J26-251);108–216 meses;Autolesao nao suicida;4;Autolesao esta sendo usada para lidar com emocoes dificieis;;
j26-251;Protocolo Dr. Jadson — Autolesão e Ideação Suicida Evolutivo (J26-251);108–216 meses;Autolesao nao suicida;5;Nao consegue parar de se machucar mesmo querendo;;
j26-251;Protocolo Dr. Jadson — Autolesão e Ideação Suicida Evolutivo (J26-251);108–216 meses;Autolesao nao suicida;6;Esconde as marcas ou nega as autolesoes;;
j26-251;Protocolo Dr. Jadson — Autolesão e Ideação Suicida Evolutivo (J26-251);108–216 meses;Ideacao e risco suicida;1;Pensa que seria melhor nao estar aqui;;
j26-251;Protocolo Dr. Jadson — Autolesão e Ideação Suicida Evolutivo (J26-251);108–216 meses;Ideacao e risco suicida;2;Teve pensamentos de se matar;;
j26-251;Protocolo Dr. Jadson — Autolesão e Ideação Suicida Evolutivo (J26-251);108–216 meses;Ideacao e risco suicida;3;Fez plano de como se matar;;
j26-251;Protocolo Dr. Jadson — Autolesão e Ideação Suicida Evolutivo (J26-251);108–216 meses;Ideacao e risco suicida;4;Teve acesso a meios (remedio, arma, altura);;
j26-251;Protocolo Dr. Jadson — Autolesão e Ideação Suicida Evolutivo (J26-251);108–216 meses;Ideacao e risco suicida;5;Ja tentou se matar no passado;;
j26-251;Protocolo Dr. Jadson — Autolesão e Ideação Suicida Evolutivo (J26-251);108–216 meses;Ideacao e risco suicida;6;Ideacao esta mais intensa que no retorno anterior;;
j26-251;Protocolo Dr. Jadson — Autolesão e Ideação Suicida Evolutivo (J26-251);108–216 meses;Ideacao e risco suicida;7;Ha fatores de protecao (vinculo familiar, razao para viver);;
j26-251;Protocolo Dr. Jadson — Autolesão e Ideação Suicida Evolutivo (J26-251);108–216 meses;Ideacao e risco suicida;8;Plano de seguranca esta estabelecido e a familia foi orientada;;
j26-252;Protocolo Dr. Jadson — TOC Resposta ao Tratamento (J26-252);72–216 meses;Obsessoes;1;Pensamentos intrusivos de contaminacao ou doenca;;
j26-252;Protocolo Dr. Jadson — TOC Resposta ao Tratamento (J26-252);72–216 meses;Obsessoes;2;Pensamentos de danificar a si proprio ou a outros;;
j26-252;Protocolo Dr. Jadson — TOC Resposta ao Tratamento (J26-252);72–216 meses;Obsessoes;3;Necessidade de simetria, ordem ou exatidao;;
j26-252;Protocolo Dr. Jadson — TOC Resposta ao Tratamento (J26-252);72–216 meses;Obsessoes;4;Duvidas excessivas e pensamentos de verificacao;;
j26-252;Protocolo Dr. Jadson — TOC Resposta ao Tratamento (J26-252);72–216 meses;Obsessoes;5;Pensamentos religiosos ou morais perturbadores;;
j26-252;Protocolo Dr. Jadson — TOC Resposta ao Tratamento (J26-252);72–216 meses;Obsessoes;6;As obsessoes causam angustia e tomam mais de 1 hora por dia;;
j26-252;Protocolo Dr. Jadson — TOC Resposta ao Tratamento (J26-252);72–216 meses;Compulsoes e impacto;1;Rituais de limpeza ou lavagem das maos;;
j26-252;Protocolo Dr. Jadson — TOC Resposta ao Tratamento (J26-252);72–216 meses;Compulsoes e impacto;2;Verificacoes repetidas (porta, fogao, tarefa);;
j26-252;Protocolo Dr. Jadson — TOC Resposta ao Tratamento (J26-252);72–216 meses;Compulsoes e impacto;3;Rituais de contagem, repeticao ou simetria;;
j26-252;Protocolo Dr. Jadson — TOC Resposta ao Tratamento (J26-252);72–216 meses;Compulsoes e impacto;4;Pede reassurance excessiva a familiares;;
j26-252;Protocolo Dr. Jadson — TOC Resposta ao Tratamento (J26-252);72–216 meses;Compulsoes e impacto;5;Evita situacoes que provocam as obsessoes;;
j26-252;Protocolo Dr. Jadson — TOC Resposta ao Tratamento (J26-252);72–216 meses;Compulsoes e impacto;6;Os sintomas estao piores que no retorno anterior;;
j26-252;Protocolo Dr. Jadson — TOC Resposta ao Tratamento (J26-252);72–216 meses;Compulsoes e impacto;7;O TOC afeta a escola, a familia ou o social de forma relevante;;
j26-252;Protocolo Dr. Jadson — TOC Resposta ao Tratamento (J26-252);72–216 meses;Compulsoes e impacto;8;A resposta ao ISRS e/ou TCC esta sendo satisfatoria;;
j26-253;Protocolo Dr. Jadson — TEPT Evolução Pós-Terapia (J26-253);72–216 meses;Intrusao e evitacao;1;Tem flashbacks ou revive o evento traumatico;;
j26-253;Protocolo Dr. Jadson — TEPT Evolução Pós-Terapia (J26-253);72–216 meses;Intrusao e evitacao;2;Tem pesadelos relacionados ao trauma;;
j26-253;Protocolo Dr. Jadson — TEPT Evolução Pós-Terapia (J26-253);72–216 meses;Intrusao e evitacao;3;Fica muito perturbado ao ser lembrado do evento;;
j26-253;Protocolo Dr. Jadson — TEPT Evolução Pós-Terapia (J26-253);72–216 meses;Intrusao e evitacao;4;Evita lugares, pessoas ou conversas que lembram o trauma;;
j26-253;Protocolo Dr. Jadson — TEPT Evolução Pós-Terapia (J26-253);72–216 meses;Intrusao e evitacao;5;Perdeu interesse em atividades que antes gostava;;
j26-253;Protocolo Dr. Jadson — TEPT Evolução Pós-Terapia (J26-253);72–216 meses;Hipervigilancia e cognicao;1;Fica em estado de alerta exagerado, como se perigo viesse;;
j26-253;Protocolo Dr. Jadson — TEPT Evolução Pós-Terapia (J26-253);72–216 meses;Hipervigilancia e cognicao;2;Assusta-se facilmente com barulhos ou movimentos;;
j26-253;Protocolo Dr. Jadson — TEPT Evolução Pós-Terapia (J26-253);72–216 meses;Hipervigilancia e cognicao;3;Tem dificuldade de dormir por causa do trauma;;
j26-253;Protocolo Dr. Jadson — TEPT Evolução Pós-Terapia (J26-253);72–216 meses;Hipervigilancia e cognicao;4;Sente-se separado das pessoas ou sem emocoes;;
j26-253;Protocolo Dr. Jadson — TEPT Evolução Pós-Terapia (J26-253);72–216 meses;Hipervigilancia e cognicao;5;Tem crencas negativas sobre si mesmo por causa do trauma;;
j26-253;Protocolo Dr. Jadson — TEPT Evolução Pós-Terapia (J26-253);72–216 meses;Hipervigilancia e cognicao;6;Os sintomas estao melhores que no inicio do tratamento;;
j26-253;Protocolo Dr. Jadson — TEPT Evolução Pós-Terapia (J26-253);72–216 meses;Hipervigilancia e cognicao;7;Houve recaida ou piora recente dos sintomas;;
j26-253;Protocolo Dr. Jadson — TEPT Evolução Pós-Terapia (J26-253);72–216 meses;Hipervigilancia e cognicao;8;A resposta a TCC focada no trauma ou EMDR esta sendo satisfatoria;;
j26-254;Protocolo Dr. Jadson — Regulação Emocional Global Acompanhamento (J26-254);60–216 meses;Identificacao e expressao;1;Tem dificuldade de nomear o que esta sentindo;;
j26-254;Protocolo Dr. Jadson — Regulação Emocional Global Acompanhamento (J26-254);60–216 meses;Identificacao e expressao;2;Expressa emocoes de forma explosiva ou desproporcional;;
j26-254;Protocolo Dr. Jadson — Regulação Emocional Global Acompanhamento (J26-254);60–216 meses;Identificacao e expressao;3;Nega ou bloqueia emocoes ate estourar;;
j26-254;Protocolo Dr. Jadson — Regulação Emocional Global Acompanhamento (J26-254);60–216 meses;Identificacao e expressao;4;Tem reacoes emocionais intensas a situacoes pequenas;;
j26-254;Protocolo Dr. Jadson — Regulação Emocional Global Acompanhamento (J26-254);60–216 meses;Estrategias e funcionalidade;1;Tem dificuldade de se acalmar sozinho apos se perturbar;;
j26-254;Protocolo Dr. Jadson — Regulação Emocional Global Acompanhamento (J26-254);60–216 meses;Estrategias e funcionalidade;2;Usa estrategias desadaptativas para lidar (isolamento, agressao);;
j26-254;Protocolo Dr. Jadson — Regulação Emocional Global Acompanhamento (J26-254);60–216 meses;Estrategias e funcionalidade;3;Nao recorre a ajuda quando precisa;;
j26-254;Protocolo Dr. Jadson — Regulação Emocional Global Acompanhamento (J26-254);60–216 meses;Estrategias e funcionalidade;4;A desregulacao afeta escola, familia ou relacoes;;
j26-254;Protocolo Dr. Jadson — Regulação Emocional Global Acompanhamento (J26-254);60–216 meses;Estrategias e funcionalidade;5;As estrategias de regulacao aprendidas na terapia estao sendo usadas;;
j26-254;Protocolo Dr. Jadson — Regulação Emocional Global Acompanhamento (J26-254);60–216 meses;Estrategias e funcionalidade;6;A regulacao emocional melhorou desde o inicio do tratamento;;
j26-254;Protocolo Dr. Jadson — Regulação Emocional Global Acompanhamento (J26-254);60–216 meses;Estrategias e funcionalidade;7;Houve piora recente da regulacao emocional;;
j26-254;Protocolo Dr. Jadson — Regulação Emocional Global Acompanhamento (J26-254);60–216 meses;Estrategias e funcionalidade;8;A resposta ao tratamento na area emocional esta sendo satisfatoria;;
j26-255;Protocolo Dr. Jadson — Metabólico Antipsicóticos Monitorização (J26-255);48–216 meses;Peso e composicao;1;Ganho de peso acima do esperado para a faixa etaria;;
j26-255;Protocolo Dr. Jadson — Metabólico Antipsicóticos Monitorização (J26-255);48–216 meses;Peso e composicao;2;IMC em sobrepeso ou obesidade;;
j26-255;Protocolo Dr. Jadson — Metabólico Antipsicóticos Monitorização (J26-255);48–216 meses;Peso e composicao;3;Circunferencia abdominal aumentada;;
j26-255;Protocolo Dr. Jadson — Metabólico Antipsicóticos Monitorização (J26-255);48–216 meses;Peso e composicao;4;Hiperfagia ou apetite muito aumentado;;
j26-255;Protocolo Dr. Jadson — Metabólico Antipsicóticos Monitorização (J26-255);48–216 meses;Peso e composicao;5;Acanthosis nigricans presente;;
j26-255;Protocolo Dr. Jadson — Metabólico Antipsicóticos Monitorização (J26-255);48–216 meses;Peso e composicao;6;Aumento de peso maior que 5% em relacao ao ultimo retorno;;
j26-255;Protocolo Dr. Jadson — Metabólico Antipsicóticos Monitorização (J26-255);48–216 meses;Laboratorio e pressao;1;Glicemia de jejum acima de 100 mg/dL;;
j26-255;Protocolo Dr. Jadson — Metabólico Antipsicóticos Monitorização (J26-255);48–216 meses;Laboratorio e pressao;2;Triglicerides acima de 130 mg/dL;;
j26-255;Protocolo Dr. Jadson — Metabólico Antipsicóticos Monitorização (J26-255);48–216 meses;Laboratorio e pressao;3;LDL ou colesterol total acima do limite para a idade;;
j26-255;Protocolo Dr. Jadson — Metabólico Antipsicóticos Monitorização (J26-255);48–216 meses;Laboratorio e pressao;4;Pressao arterial sistolica ou diastolica acima do percentil 90;;
j26-255;Protocolo Dr. Jadson — Metabólico Antipsicóticos Monitorização (J26-255);48–216 meses;Laboratorio e pressao;5;Insulina basal elevada (HOMA acima de 2.5 na crianca);;
j26-255;Protocolo Dr. Jadson — Metabólico Antipsicóticos Monitorização (J26-255);48–216 meses;Laboratorio e pressao;6;Perfil lipidico piorou em relacao ao ultimo exame;;
j26-255;Protocolo Dr. Jadson — Metabólico Antipsicóticos Monitorização (J26-255);48–216 meses;Laboratorio e pressao;7;O antipsicotico precisa ser revisado pelo risco metabolico;;
j26-255;Protocolo Dr. Jadson — Metabólico Antipsicóticos Monitorização (J26-255);48–216 meses;Laboratorio e pressao;8;O risco metabolico esta controlado com as intervencoes atuais;;
j26-256;Protocolo Dr. Jadson — Crescimento Estimulantes Acompanhamento (J26-256);48–180 meses;Peso e apetite;1;Nao ganhou peso esperado no ultimo trimestre;;
j26-256;Protocolo Dr. Jadson — Crescimento Estimulantes Acompanhamento (J26-256);48–180 meses;Peso e apetite;2;Perdeu peso desde o ultimo retorno;;
j26-256;Protocolo Dr. Jadson — Crescimento Estimulantes Acompanhamento (J26-256);48–180 meses;Peso e apetite;3;Percentil de peso caiu em relacao ao grafico;;
j26-256;Protocolo Dr. Jadson — Crescimento Estimulantes Acompanhamento (J26-256);48–180 meses;Peso e apetite;4;Apetite muito reduzido durante o dia;;
j26-256;Protocolo Dr. Jadson — Crescimento Estimulantes Acompanhamento (J26-256);48–180 meses;Peso e apetite;5;So come bem a noite (rebound do apetite);;
j26-256;Protocolo Dr. Jadson — Crescimento Estimulantes Acompanhamento (J26-256);48–180 meses;Peso e apetite;6;Pais preocupados com a alimentacao e o peso;;
j26-256;Protocolo Dr. Jadson — Crescimento Estimulantes Acompanhamento (J26-256);48–180 meses;Estatura e planejamento;1;Velocidade de crescimento abaixo do esperado para a faixa etaria;;
j26-256;Protocolo Dr. Jadson — Crescimento Estimulantes Acompanhamento (J26-256);48–180 meses;Estatura e planejamento;2;Percentil de estatura caiu em relacao ao grafico;;
j26-256;Protocolo Dr. Jadson — Crescimento Estimulantes Acompanhamento (J26-256);48–180 meses;Estatura e planejamento;3;Diferenca entre estatura esperada (genetica) e atual esta aumentando;;
j26-256;Protocolo Dr. Jadson — Crescimento Estimulantes Acompanhamento (J26-256);48–180 meses;Estatura e planejamento;4;Drug holiday (ferias do remedio) esta sendo considerado ou ja foi feito;;
j26-256;Protocolo Dr. Jadson — Crescimento Estimulantes Acompanhamento (J26-256);48–180 meses;Estatura e planejamento;5;Suplementacao nutricional foi orientada;;
j26-256;Protocolo Dr. Jadson — Crescimento Estimulantes Acompanhamento (J26-256);48–180 meses;Estatura e planejamento;6;Avaliacao com endocrinologista foi solicitada;;
j26-256;Protocolo Dr. Jadson — Crescimento Estimulantes Acompanhamento (J26-256);48–180 meses;Estatura e planejamento;7;O impacto no crescimento supera o beneficio atual do estimulante;;
j26-256;Protocolo Dr. Jadson — Crescimento Estimulantes Acompanhamento (J26-256);48–180 meses;Estatura e planejamento;8;O crescimento esta adequado apesar do uso do estimulante;;
j26-257;Protocolo Dr. Jadson — Ajuste de Dose Eficácia vs Efeitos (J26-257);0–216 meses;Efeitos colaterais emergentes;1;Novos efeitos colaterais surgiram apos o ajuste;;
j26-257;Protocolo Dr. Jadson — Ajuste de Dose Eficácia vs Efeitos (J26-257);0–216 meses;Efeitos colaterais emergentes;2;Efeitos colaterais pre-existentes pioraram com a dose atual;;
j26-257;Protocolo Dr. Jadson — Ajuste de Dose Eficácia vs Efeitos (J26-257);0–216 meses;Efeitos colaterais emergentes;3;Sonolencia ou sedacao excessiva;;
j26-257;Protocolo Dr. Jadson — Ajuste de Dose Eficácia vs Efeitos (J26-257);0–216 meses;Efeitos colaterais emergentes;4;Sintomas gastrointestinais relevantes;;
j26-257;Protocolo Dr. Jadson — Ajuste de Dose Eficácia vs Efeitos (J26-257);0–216 meses;Efeitos colaterais emergentes;5;Efeitos cardiovasculares (palpitacao, pressao);;
j26-257;Protocolo Dr. Jadson — Ajuste de Dose Eficácia vs Efeitos (J26-257);0–216 meses;Efeitos colaterais emergentes;6;Sintomas psiquiatricos novos (ansiedade, agitacao, psicose);;
j26-257;Protocolo Dr. Jadson — Ajuste de Dose Eficácia vs Efeitos (J26-257);0–216 meses;Eficacia e decisao clinica;1;O sintoma alvo melhorou com o ajuste de dose;;
j26-257;Protocolo Dr. Jadson — Ajuste de Dose Eficácia vs Efeitos (J26-257);0–216 meses;Eficacia e decisao clinica;2;A melhora e suficiente para justificar os efeitos colaterais;;
j26-257;Protocolo Dr. Jadson — Ajuste de Dose Eficácia vs Efeitos (J26-257);0–216 meses;Eficacia e decisao clinica;3;A familia esta satisfeita com o resultado do ajuste;;
j26-257;Protocolo Dr. Jadson — Ajuste de Dose Eficácia vs Efeitos (J26-257);0–216 meses;Eficacia e decisao clinica;4;Novo ajuste de dose e necessario;;
j26-257;Protocolo Dr. Jadson — Ajuste de Dose Eficácia vs Efeitos (J26-257);0–216 meses;Eficacia e decisao clinica;5;A medicacao precisa ser trocada pelo perfil de efeitos;;
j26-257;Protocolo Dr. Jadson — Ajuste de Dose Eficácia vs Efeitos (J26-257);0–216 meses;Eficacia e decisao clinica;6;O beneficio do ajuste supera claramente os efeitos colaterais;;
j26-257;Protocolo Dr. Jadson — Ajuste de Dose Eficácia vs Efeitos (J26-257);0–216 meses;Eficacia e decisao clinica;7;A adesao ao tratamento esta boa com a dose atual;;
j26-257;Protocolo Dr. Jadson — Ajuste de Dose Eficácia vs Efeitos (J26-257);0–216 meses;Eficacia e decisao clinica;8;O custo-beneficio atual e favoravel a manutencao da dose;;
j26-258;Protocolo Dr. Jadson — Hepático Hematológico Antiepilépticos (J26-258);0–216 meses;Funcao hepatica;1;TGO ou TGP acima de 3x o limite superior (hepatotoxicidade relevante);;
j26-258;Protocolo Dr. Jadson — Hepático Hematológico Antiepilépticos (J26-258);0–216 meses;Funcao hepatica;2;TGO ou TGP entre 1-3x o limite (elevacao leve);;
j26-258;Protocolo Dr. Jadson — Hepático Hematológico Antiepilépticos (J26-258);0–216 meses;Funcao hepatica;3;GGT elevada de forma isolada;;
j26-258;Protocolo Dr. Jadson — Hepático Hematológico Antiepilépticos (J26-258);0–216 meses;Funcao hepatica;4;Bilirrubinas elevadas;;
j26-258;Protocolo Dr. Jadson — Hepático Hematológico Antiepilépticos (J26-258);0–216 meses;Funcao hepatica;5;Sinais clinicos de hepatite (ictericia, dor em hipocondrio);;
j26-258;Protocolo Dr. Jadson — Hepático Hematológico Antiepilépticos (J26-258);0–216 meses;Funcao hepatica;6;Funcao hepatica piorou em relacao ao ultimo exame;;
j26-258;Protocolo Dr. Jadson — Hepático Hematológico Antiepilépticos (J26-258);0–216 meses;Hematologico;1;Leucopenia (abaixo de 3500 leucocitos);;
j26-258;Protocolo Dr. Jadson — Hepático Hematológico Antiepilépticos (J26-258);0–216 meses;Hematologico;2;Trombocitopenia relevante (plaquetas abaixo de 100 mil);;
j26-258;Protocolo Dr. Jadson — Hepático Hematológico Antiepilépticos (J26-258);0–216 meses;Hematologico;3;Anemia nao justificada por outras causas;;
j26-258;Protocolo Dr. Jadson — Hepático Hematológico Antiepilépticos (J26-258);0–216 meses;Hematologico;4;Neutropenia significativa;;
j26-258;Protocolo Dr. Jadson — Hepático Hematológico Antiepilépticos (J26-258);0–216 meses;Hematologico;5;Alteracao hematologica piorou em relacao ao ultimo exame;;
j26-258;Protocolo Dr. Jadson — Hepático Hematológico Antiepilépticos (J26-258);0–216 meses;Hematologico;6;Erupcao cutanea ou sindrome de hipersensibilidade (DRESS/SJS);;
j26-258;Protocolo Dr. Jadson — Hepático Hematológico Antiepilépticos (J26-258);0–216 meses;Hematologico;7;Os exames laboratoriais indicam necessidade de reduzir ou suspender;;
j26-258;Protocolo Dr. Jadson — Hepático Hematológico Antiepilépticos (J26-258);0–216 meses;Hematologico;8;Os exames laboratoriais estao dentro do limite aceitavel de monitoramento;;
j26-259;Protocolo Dr. Jadson — CGI-S e CGI-I Gravidade e Melhora (J26-259);0–216 meses;Gravidade atual (CGI-S);1;Funcionalidade global da crianca esta adequada para a condicao;;
j26-259;Protocolo Dr. Jadson — CGI-S e CGI-I Gravidade e Melhora (J26-259);0–216 meses;Gravidade atual (CGI-S);2;Sintomas principais estao controlados;;
j26-259;Protocolo Dr. Jadson — CGI-S e CGI-I Gravidade e Melhora (J26-259);0–216 meses;Gravidade atual (CGI-S);3;Impacto familiar e social esta em nivel aceitavel;;
j26-259;Protocolo Dr. Jadson — CGI-S e CGI-I Gravidade e Melhora (J26-259);0–216 meses;Gravidade atual (CGI-S);4;Gravidade atual e menor do que no inicio do tratamento;;
j26-259;Protocolo Dr. Jadson — CGI-S e CGI-I Gravidade e Melhora (J26-259);0–216 meses;Melhora desde o inicio (CGI-I);1;Houve melhora na queixa principal;;
j26-259;Protocolo Dr. Jadson — CGI-S e CGI-I Gravidade e Melhora (J26-259);0–216 meses;Melhora desde o inicio (CGI-I);2;Houve melhora na funcionalidade escolar;;
j26-259;Protocolo Dr. Jadson — CGI-S e CGI-I Gravidade e Melhora (J26-259);0–216 meses;Melhora desde o inicio (CGI-I);3;Houve melhora no comportamento em casa;;
j26-259;Protocolo Dr. Jadson — CGI-S e CGI-I Gravidade e Melhora (J26-259);0–216 meses;Melhora desde o inicio (CGI-I);4;Houve melhora na qualidade de vida da familia;;
j26-259;Protocolo Dr. Jadson — CGI-S e CGI-I Gravidade e Melhora (J26-259);0–216 meses;Melhora desde o inicio (CGI-I);5;A melhora e percebida pelo proprio paciente (quando aplicavel);;
j26-259;Protocolo Dr. Jadson — CGI-S e CGI-I Gravidade e Melhora (J26-259);0–216 meses;Melhora desde o inicio (CGI-I);6;A melhora e percebida pelos pais;;
j26-259;Protocolo Dr. Jadson — CGI-S e CGI-I Gravidade e Melhora (J26-259);0–216 meses;Melhora desde o inicio (CGI-I);7;A melhora justifica a continuidade do tratamento atual;;
j26-259;Protocolo Dr. Jadson — CGI-S e CGI-I Gravidade e Melhora (J26-259);0–216 meses;Melhora desde o inicio (CGI-I);8;No geral, o CGI-I indica resposta satisfatoria ao tratamento;;
j26-260;Protocolo Dr. Jadson — Laboratorial Rotina por Medicação (J26-260);0–216 meses;Exames de rotina em dia;1;Hemograma em dia;;
j26-260;Protocolo Dr. Jadson — Laboratorial Rotina por Medicação (J26-260);0–216 meses;Exames de rotina em dia;2;Função hepática em dia;;
j26-260;Protocolo Dr. Jadson — Laboratorial Rotina por Medicação (J26-260);0–216 meses;Exames de rotina em dia;3;Função renal em dia;;
j26-260;Protocolo Dr. Jadson — Laboratorial Rotina por Medicação (J26-260);0–216 meses;Exames de rotina em dia;4;Nível sérico da medicação em dia;;
j26-260;Protocolo Dr. Jadson — Laboratorial Rotina por Medicação (J26-260);0–216 meses;Exames de rotina em dia;5;Perfil metabólico (glicemia/lipídios) em dia;;
j26-260;Protocolo Dr. Jadson — Laboratorial Rotina por Medicação (J26-260);0–216 meses;Exames de rotina em dia;6;Eletrólitos em dia;;
j26-260;Protocolo Dr. Jadson — Laboratorial Rotina por Medicação (J26-260);0–216 meses;Exames de rotina em dia;7;Exames específicos da medicação em dia;;
j26-260;Protocolo Dr. Jadson — Laboratorial Rotina por Medicação (J26-260);0–216 meses;Exames de rotina em dia;8;Monitorização em dia no geral;;
mfq;(sem metadados) mfq;?;Humor e sentimentos (2 semanas);1;Eu me senti muito triste ou infeliz;;
mfq;(sem metadados) mfq;?;Humor e sentimentos (2 semanas);2;Eu não consegui aproveitar nada (não senti prazer nas coisas);;
mfq;(sem metadados) mfq;?;Humor e sentimentos (2 semanas);3;Eu me senti tão cansado(a) que fiquei só sentado(a) sem fazer nada;;
mfq;(sem metadados) mfq;?;Humor e sentimentos (2 semanas);4;Eu fiquei muito inquieto(a);;
mfq;(sem metadados) mfq;?;Humor e sentimentos (2 semanas);5;Eu senti que não valia nada;;
mfq;(sem metadados) mfq;?;Humor e sentimentos (2 semanas);6;Eu chorei muito;;
mfq;(sem metadados) mfq;?;Humor e sentimentos (2 semanas);7;Eu tive dificuldade de pensar ou de me concentrar;;
mfq;(sem metadados) mfq;?;Humor e sentimentos (2 semanas);8;Eu não gostei de mim mesmo(a);;
mfq;(sem metadados) mfq;?;Humor e sentimentos (2 semanas);9;Eu achei que eu era uma pessoa ruim;;
mfq;(sem metadados) mfq;?;Humor e sentimentos (2 semanas);10;Eu me senti sozinho(a);;
mfq;(sem metadados) mfq;?;Humor e sentimentos (2 semanas);11;Eu pensei que ninguém me amava de verdade;;
mfq;(sem metadados) mfq;?;Humor e sentimentos (2 semanas);12;Eu achei que eu nunca seria tão bom(boa) quanto outras pessoas;;
mfq;(sem metadados) mfq;?;Humor e sentimentos (2 semanas);13;Eu senti que fazia tudo errado;;
nddie;(sem metadados) nddie;?;Humor e prazer;1;Humor deprimido ou desesperanca;;
nddie;(sem metadados) nddie;?;Humor e prazer;2;Perda de interesse ou prazer;;
nddie;(sem metadados) nddie;?;Humor e prazer;3;Baixa autoestima ou culpa;;
nddie;(sem metadados) nddie;?;Energia e funcionamento;1;Fadiga ou lentificacao;;
nddie;(sem metadados) nddie;?;Energia e funcionamento;2;Dificuldade de concentracao;;
nddie;(sem metadados) nddie;?;Energia e funcionamento;3;Prejuizo funcional por sintomas emocionais;;
oci-cv;(sem metadados) oci-cv;?;Lavar/limpar;1;Lavo as mãos mais vezes ou mais tempo que o necessário;;
oci-cv;(sem metadados) oci-cv;?;Lavar/limpar;2;Preocupo-me muito com sujeira ou germes;;
oci-cv;(sem metadados) oci-cv;?;Lavar/limpar;3;Tomo banho ou me limpo de forma exagerada;;
oci-cv;(sem metadados) oci-cv;?;Verificar;1;Verifico portas, fogão ou luzes várias vezes;;
oci-cv;(sem metadados) oci-cv;?;Verificar;2;Preciso conferir as coisas repetidamente;;
oci-cv;(sem metadados) oci-cv;?;Verificar;3;Tenho medo de que algo ruim aconteça por minha culpa;;
oci-cv;(sem metadados) oci-cv;?;Verificar;4;Peço para outras pessoas confirmarem que está tudo bem;;
oci-cv;(sem metadados) oci-cv;?;Ordenar;1;Preciso que as coisas fiquem em ordem exata;;
oci-cv;(sem metadados) oci-cv;?;Ordenar;2;Fico aflito(a) se algo está fora do lugar;;
oci-cv;(sem metadados) oci-cv;?;Ordenar;3;Arrumo objetos até ficarem 'certos';;
oci-cv;(sem metadados) oci-cv;?;Obsessões;1;Tenho pensamentos ruins que voltam sem querer;;
oci-cv;(sem metadados) oci-cv;?;Obsessões;2;Tenho pensamentos que me assustam e não consigo parar;;
oci-cv;(sem metadados) oci-cv;?;Obsessões;3;Imagens ou ideias indesejadas surgem na minha cabeça;;
oci-cv;(sem metadados) oci-cv;?;Obsessões;4;Preciso pensar em algo 'bom' para neutralizar um pensamento ruim;;
oci-cv;(sem metadados) oci-cv;?;Acumular;1;Tenho dificuldade de jogar coisas fora;;
oci-cv;(sem metadados) oci-cv;?;Acumular;2;Guardo coisas que não preciso;;
oci-cv;(sem metadados) oci-cv;?;Acumular;3;Fico aflito(a) só de pensar em descartar objetos;;
oci-cv;(sem metadados) oci-cv;?;Neutralizar/repetir;1;Repito ações um número certo de vezes;;
oci-cv;(sem metadados) oci-cv;?;Neutralizar/repetir;2;Conto coisas ou repito palavras mentalmente;;
oci-cv;(sem metadados) oci-cv;?;Neutralizar/repetir;3;Faço rituais para me sentir 'em paz';;
oci-cv;(sem metadados) oci-cv;?;Neutralizar/repetir;4;Preciso refazer tarefas até parecerem certas;;
psc17;(sem metadados) psc17;?;Internalizante;1;Tristeza, desanimo ou preocupacao persistente;;
psc17;(sem metadados) psc17;?;Internalizante;2;Medos ou ansiedade que atrapalham rotina;;
psc17;(sem metadados) psc17;?;Internalizante;3;Queixas somaticas associadas a estresse;;
psc17;(sem metadados) psc17;?;Internalizante;4;Isolamento ou perda de interesse;;
psc17;(sem metadados) psc17;?;Internalizante;5;Irritabilidade emocional com sofrimento;;
psc17;(sem metadados) psc17;?;Atencao;1;Dificuldade de manter atencao em tarefas;;
psc17;(sem metadados) psc17;?;Atencao;2;Distrai-se facilmente no cotidiano;;
psc17;(sem metadados) psc17;?;Atencao;3;Esquece combinados, materiais ou instrucoes;;
psc17;(sem metadados) psc17;?;Atencao;4;Dificuldade de concluir atividades;;
psc17;(sem metadados) psc17;?;Atencao;5;Impulsividade cognitiva ou respostas precipitadas;;
psc17;(sem metadados) psc17;?;Externalizante;1;Desobedece ou desafia adultos com frequencia;;
psc17;(sem metadados) psc17;?;Externalizante;2;Brigas, agressividade ou explosoes de raiva;;
psc17;(sem metadados) psc17;?;Externalizante;3;Culpa outros ou nega responsabilidade;;
psc17;(sem metadados) psc17;?;Externalizante;4;Regras quebradas em casa/escola;;
psc17;(sem metadados) psc17;?;Externalizante;5;Comportamento disruptivo com prejuizo social;;
psc17;(sem metadados) psc17;?;Externalizante;6;Baixa tolerancia a frustracao;;
psc17;(sem metadados) psc17;?;Externalizante;7;Conflitos recorrentes com pares;;
rcads;(sem metadados) rcads;?;Ansiedade de separacao;1;Sofrimento ao separar-se de cuidadores;;
rcads;(sem metadados) rcads;?;Ansiedade de separacao;2;Medo de perder ou algo acontecer aos cuidadores;;
rcads;(sem metadados) rcads;?;Ansiedade de separacao;3;Evita dormir/sair sem cuidador;;
rcads;(sem metadados) rcads;?;Ansiedade de separacao;4;Preocupacao antes de separacoes;;
rcads;(sem metadados) rcads;?;Ansiedade de separacao;5;Busca checagem/reasseguramento;;
rcads;(sem metadados) rcads;?;Ansiedade social;1;Medo de parecer inadequado;;
rcads;(sem metadados) rcads;?;Ansiedade social;2;Evita desempenho publico;;
rcads;(sem metadados) rcads;?;Ansiedade social;3;Ansiedade com pessoas novas;;
rcads;(sem metadados) rcads;?;Ansiedade social;4;Medo de ser ridicularizado;;
rcads;(sem metadados) rcads;?;Ansiedade social;5;Dificuldade de participar em sala/grupo;;
rcads;(sem metadados) rcads;?;Ansiedade generalizada;1;Preocupacoes excessivas;;
rcads;(sem metadados) rcads;?;Ansiedade generalizada;2;Tensao por desempenho/escola;;
rcads;(sem metadados) rcads;?;Ansiedade generalizada;3;Necessidade frequente de reasseguramento;;
rcads;(sem metadados) rcads;?;Ansiedade generalizada;4;Dificuldade de relaxar;;
rcads;(sem metadados) rcads;?;Ansiedade generalizada;5;Irritabilidade ligada a preocupacao;;
rcads;(sem metadados) rcads;?;Panico/somatico;1;Medo abrupto intenso;;
rcads;(sem metadados) rcads;?;Panico/somatico;2;Sintomas fisicos de ansiedade;;
rcads;(sem metadados) rcads;?;Panico/somatico;3;Medo de nova crise;;
rcads;(sem metadados) rcads;?;Panico/somatico;4;Evita locais por medo de sintomas;;
rcads;(sem metadados) rcads;?;Panico/somatico;5;Procura fuga/seguranca durante sintomas;;
rcads;(sem metadados) rcads;?;TOC;1;Pensamentos repetitivos intrusivos;;
rcads;(sem metadados) rcads;?;TOC;2;Rituais/checagens;;
rcads;(sem metadados) rcads;?;TOC;3;Tempo gasto com repeticoes;;
rcads;(sem metadados) rcads;?;TOC;4;Sofrimento se interrompido;;
rcads;(sem metadados) rcads;?;TOC;5;Impacto em rotina por obsessao/compulsao;;
rcads;(sem metadados) rcads;?;Humor depressivo;1;Tristeza ou vazio;;
rcads;(sem metadados) rcads;?;Humor depressivo;2;Perda de interesse;;
rcads;(sem metadados) rcads;?;Humor depressivo;3;Culpa/baixa autoestima;;
rcads;(sem metadados) rcads;?;Humor depressivo;4;Fadiga ou lentificacao;;
rcads;(sem metadados) rcads;?;Humor depressivo;5;Prejuizo escolar/social por humor;;
rflacc;(sem metadados) rflacc;?;Dor observacional adaptada;1;Face em relacao ao basal;;
rflacc;(sem metadados) rflacc;?;Dor observacional adaptada;2;Pernas ou postura em relacao ao basal;;
rflacc;(sem metadados) rflacc;?;Dor observacional adaptada;3;Atividade/movimento em relacao ao basal;;
rflacc;(sem metadados) rflacc;?;Dor observacional adaptada;4;Choro, gemido ou vocalizacao atipica;;
rflacc;(sem metadados) rflacc;?;Dor observacional adaptada;5;Consolabilidade ou resposta ao cuidador;;
scas;(sem metadados) scas;?;Separacao;1;Medo intenso de ficar longe dos cuidadores;;
scas;(sem metadados) scas;?;Separacao;2;Preocupacao de algo ruim acontecer aos pais;;
scas;(sem metadados) scas;?;Separacao;3;Dificuldade de dormir longe/cuidador;;
scas;(sem metadados) scas;?;Social;1;Medo de avaliacao por outras pessoas;;
scas;(sem metadados) scas;?;Social;2;Evita falar ou participar em grupo;;
scas;(sem metadados) scas;?;Social;3;Vergonha intensa com pares/adultos;;
scas;(sem metadados) scas;?;Panico/somatico;1;Crises de medo com sintomas fisicos;;
scas;(sem metadados) scas;?;Panico/somatico;2;Palpitacao/falta de ar/tremor por ansiedade;;
scas;(sem metadados) scas;?;Panico/somatico;3;Medo de perder controle durante sintomas;;
scas;(sem metadados) scas;?;Generalizada;1;Preocupacao excessiva com muitas coisas;;
scas;(sem metadados) scas;?;Generalizada;2;Dificuldade de controlar preocupacao;;
scas;(sem metadados) scas;?;Generalizada;3;Tensao/irritabilidade por preocupacao;;
scas;(sem metadados) scas;?;Obsessivo-compulsivo;1;Pensamentos repetitivos indesejados;;
scas;(sem metadados) scas;?;Obsessivo-compulsivo;2;Rituais ou checagens para aliviar ansiedade;;
scas;(sem metadados) scas;?;Obsessivo-compulsivo;3;Sofrimento se impedido de fazer ritual;;
scas;(sem metadados) scas;?;Medo de dano;1;Medo intenso de escuro/animais/altura;;
scas;(sem metadados) scas;?;Medo de dano;2;Evita situacoes por medo especifico;;
scas;(sem metadados) scas;?;Medo de dano;3;Ansiedade antecipatoria antes da exposicao;;
scoff;(sem metadados) scoff;?;Triagem SCOFF;1;Você se faz vomitar porque se sente desconfortavelmente cheio(a)?;;
scoff;(sem metadados) scoff;?;Triagem SCOFF;2;Você se preocupa por ter perdido o controle sobre o quanto come?;;
scoff;(sem metadados) scoff;?;Triagem SCOFF;3;Você perdeu mais de 6 kg em um período de cerca de 3 meses?;;
scoff;(sem metadados) scoff;?;Triagem SCOFF;4;Você acredita estar gordo(a) mesmo quando os outros dizem que está magro(a)?;;
scoff;(sem metadados) scoff;?;Triagem SCOFF;5;Você diria que a comida domina sua vida?;;
uku;(sem metadados) uku;?;Psiquicos;1;Sonolencia/sedacao;;
uku;(sem metadados) uku;?;Psiquicos;2;Fadiga;;
uku;(sem metadados) uku;?;Psiquicos;3;Dificuldade de concentracao;;
uku;(sem metadados) uku;?;Psiquicos;4;Alteracao de memoria;;
uku;(sem metadados) uku;?;Psiquicos;5;Ansiedade/inquietacao;;
uku;(sem metadados) uku;?;Psiquicos;6;Humor deprimido;;
uku;(sem metadados) uku;?;Psiquicos;7;Irritabilidade;;
uku;(sem metadados) uku;?;Psiquicos;8;Insonia;;
uku;(sem metadados) uku;?;Psiquicos;9;Sonhos vividos;;
uku;(sem metadados) uku;?;Psiquicos;10;Apatia;;
uku;(sem metadados) uku;?;Psiquicos;11;Tontura subjetiva;;
uku;(sem metadados) uku;?;Psiquicos;12;Outro efeito psiquico;;
uku;(sem metadados) uku;?;Neurologicos;1;Tremor;;
uku;(sem metadados) uku;?;Neurologicos;2;Rigidez;;
uku;(sem metadados) uku;?;Neurologicos;3;Acatisia;;
uku;(sem metadados) uku;?;Neurologicos;4;Distonia;;
uku;(sem metadados) uku;?;Neurologicos;5;Discinesia;;
uku;(sem metadados) uku;?;Neurologicos;6;Marcha instavel;;
uku;(sem metadados) uku;?;Neurologicos;7;Parestesias;;
uku;(sem metadados) uku;?;Neurologicos;8;Cefaleia;;
uku;(sem metadados) uku;?;Neurologicos;9;Convulsao/piora de crise;;
uku;(sem metadados) uku;?;Neurologicos;10;Lentificacao motora;;
uku;(sem metadados) uku;?;Neurologicos;11;Alteracao de fala/degluticao;;
uku;(sem metadados) uku;?;Neurologicos;12;Outro efeito neurologico;;
uku;(sem metadados) uku;?;Autonomicos;1;Boca seca;;
uku;(sem metadados) uku;?;Autonomicos;2;Sialorreia;;
uku;(sem metadados) uku;?;Autonomicos;3;Nausea/vomitos;;
uku;(sem metadados) uku;?;Autonomicos;4;Constipacao;;
uku;(sem metadados) uku;?;Autonomicos;5;Diarreia;;
uku;(sem metadados) uku;?;Autonomicos;6;Sudorese;;
uku;(sem metadados) uku;?;Autonomicos;7;Palpitacoes;;
uku;(sem metadados) uku;?;Autonomicos;8;Hipotensao/tontura postural;;
uku;(sem metadados) uku;?;Autonomicos;9;Retencao urinaria;;
uku;(sem metadados) uku;?;Autonomicos;10;Alteracao visual;;
uku;(sem metadados) uku;?;Autonomicos;11;Aumento de apetite;;
uku;(sem metadados) uku;?;Autonomicos;12;Outro efeito autonomico;;
uku;(sem metadados) uku;?;Outros;1;Ganho de peso;;
uku;(sem metadados) uku;?;Outros;2;Perda de peso;;
uku;(sem metadados) uku;?;Outros;3;Alteracao de libido/puberdade;;
uku;(sem metadados) uku;?;Outros;4;Alteracao menstrual/prolactina;;
uku;(sem metadados) uku;?;Outros;5;Erupcao cutanea;;
uku;(sem metadados) uku;?;Outros;6;Prurido;;
uku;(sem metadados) uku;?;Outros;7;Edema;;
uku;(sem metadados) uku;?;Outros;8;Dor abdominal;;
uku;(sem metadados) uku;?;Outros;9;Febre/mal-estar;;
uku;(sem metadados) uku;?;Outros;10;Alteracao laboratorial conhecida;;
uku;(sem metadados) uku;?;Outros;11;Queda ou acidente relacionado;;
uku;(sem metadados) uku;?;Outros;12;Outro efeito relevante;;
who5;(sem metadados) who5;?;Bem-estar psicológico (2 semanas);1;Tenho me sentido alegre e de bom humor;;
who5;(sem metadados) who5;?;Bem-estar psicológico (2 semanas);2;Tenho me sentido calmo(a) e relaxado(a);;
who5;(sem metadados) who5;?;Bem-estar psicológico (2 semanas);3;Tenho me sentido ativo(a) e com energia;;
who5;(sem metadados) who5;?;Bem-estar psicológico (2 semanas);4;Tenho acordado me sentindo descansado(a) e revigorado(a);;
who5;(sem metadados) who5;?;Bem-estar psicológico (2 semanas);5;Meu dia a dia tem sido cheio de coisas que me interessam;;